recorded_at,id,event,event_date,field,old,new,note
2026-10-04,add-ca-calexico-2026,banned,2026-09-16,,,,seed
2026-10-04,add-ca-commerce-2026,adopted,2026-08-11,,,,seed
2026-10-04,add-ca-commerce-2026,expired,2026-09-25,,,,seed
2026-10-04,add-ca-dixon-2026,adopted,2026-09-30,,,,seed
2026-10-04,add-co-mesa-2026,adopted,2026-09-30,,,,seed
2026-10-04,add-co-thornton-2026,adopted,2026-09-22,,,,seed
2026-10-04,add-fl-edgewater-2026,banned,2026-09-14,,,,seed
2026-10-04,add-fl-escambia-2026,banned,2026-08-07,,,,seed
2026-10-04,add-fl-jackson-2026,banned,2026-06-23,,,,seed
2026-10-04,add-fl-wakulla-2026,banned,2026-09-21,,,,seed
2026-10-04,add-fl-walton-2026,banned,2026-06-10,,,,seed
2026-10-04,add-ga-americus-2026,adopted,2026-09-24,,,,seed
2026-10-04,add-ga-lovejoy-2026,banned,2026-09-29,,,,seed
2026-10-04,add-ga-palmetto-2026,banned,2026-02-03,,,,seed
2026-10-04,add-id-sandpoint-2026,banned,2026-09-16,,,,seed
2026-10-04,add-in-clarksville-2026,banned,2026-07-14,,,,seed
2026-10-04,add-in-zionsville-2026,adopted,2026-09-21,,,,seed
2026-10-04,add-ky-georgetown-2026,adopted,2026-07-13,,,,seed
2026-10-04,add-ky-woodford-2026,banned,2026-09-08,,,,seed
2026-10-04,add-ma-holyoke-2026,banned,2026-06-16,,,,seed
2026-10-04,add-md-harford-2026,banned,2026-06-10,,,,seed
2026-10-04,add-nc-easternbandcherokeeindians-2026,banned,2026-05-07,,,,seed
2026-10-04,add-ne-nehawka-2026,banned,2026-08,,,,seed
2026-10-04,add-nj-bayonne-2026,banned,2026-08-12,,,,seed
2026-10-04,add-nj-cranford-2026,banned,2026-07-07,,,,seed
2026-10-04,add-nj-madison-2026,banned,2026-06-08,,,,seed
2026-10-04,add-nj-mantua-2026,banned,2026-05,,,,seed
2026-10-04,add-nj-monroe-2026,banned,2026-04-22,,,,seed
2026-10-04,add-nj-phillipsburg-2026,banned,2026-04-14,,,,seed
2026-10-04,add-nv-fallonpaiuteshoshonetribe-2026,banned,2026-05-26,,,,seed
2026-10-04,add-nv-pyramidlakepaiutetribe-2026,banned,2026-08-21,,,,seed
2026-10-04,add-oh-warren-2026,adopted,2026-09-30,,,,seed
2026-10-04,add-ok-cherokeenation-2026,banned,2026-08-07,,,,seed
2026-10-04,add-pa-cummings-2026,adopted,2026-07-14,,,,seed
2026-10-04,add-pa-olyphant-2026,adopted,2026-04-15,,,,seed
2026-10-04,add-state-tx-abbott-tceq-order-2026-09-21,adopted,2026-09-21,,,,seed
2026-10-04,add-tx-athens-2026,banned,2026-08-24,,,,seed
2026-10-04,add-vt-southburlington-2026,banned,2026-08,,,,seed
2026-10-04,nm-ak-houston-undated,proposed,,,,,seed
2026-10-04,nm-al-anniston-2026,adopted,2026-08-18,,,,seed
2026-10-04,nm-al-birmingham-2026,adopted,2026-03-03,,,,seed
2026-10-04,nm-al-birmingham-2026,replaced,,,,,seed
2026-10-04,nm-al-calera-2026,adopted,2026-07-06,,,,seed
2026-10-04,nm-al-chelsea-2026,adopted,2026-07-21,,,,seed
2026-10-04,nm-al-cullman-2026,adopted,2026-06-22,,,,seed
2026-10-04,nm-al-fairfield-2026,adopted,2026-07-27,,,,seed
2026-10-04,nm-al-foley-2026,adopted,2026-09-08,,,,seed
2026-10-04,nm-al-fort-payne-2026,adopted,2026-06-16,,,,seed
2026-10-04,nm-al-harpersville-2026,adopted,2026-08-03,,,,seed
2026-10-04,nm-al-harpersville-2026,extended,,date_expires,,2027-01-30,seed
2026-10-04,nm-al-helena-2026,adopted,2026-06-22,,,,seed
2026-10-04,nm-al-homewood-2026,adopted,2026-06-22,,,,seed
2026-10-04,nm-al-hueytown-undated,adopted,2026-07-14,,,,seed
2026-10-04,nm-al-leeds-2026,adopted,2026-06-08,,,,seed
2026-10-04,nm-al-morgan-county-2026,adopted,2026-06-23,,,,seed
2026-10-04,nm-al-pinson-2026,adopted,2026-08-06,,,,seed
2026-10-04,nm-al-prichard-undated,adopted,2026-08,,,,seed
2026-10-04,nm-al-rogersville-undated,proposed,,,,,seed
2026-10-04,nm-al-somerville-2026,adopted,2026-07,,,,seed
2026-10-04,nm-al-springville-2026,adopted,2026-07-06,,,,seed
2026-10-04,nm-al-tarrant-2026,adopted,2026-09-08,,,,seed
2026-10-04,nm-al-westover-2026,adopted,2026-08-18,,,,seed
2026-10-04,nm-ar-carroll-county-2026,adopted,2026-06-16,,,,seed
2026-10-04,nm-ar-harrison-2023,adopted,2023-05-30,,,,seed
2026-10-04,nm-ar-harrison-2023,lifted,,,,,seed
2026-10-04,nm-ar-independence-county-2026,adopted,2026-08-10,,,,seed
2026-10-04,nm-ar-madison-county-2026,adopted,2026-08-17,,,,seed
2026-10-04,nm-ar-russellville-2026,adopted,2026-07-16,,,,seed
2026-10-04,nm-ar-union-county-2026,adopted,2026-06-30,,,,seed
2026-10-04,nm-az-pima-county-2026,adopted,2026-08-11,,,,seed
2026-10-04,nm-ca-arcata-2026,adopted,2026-09-16,,,,seed
2026-10-04,nm-ca-baldwin-park-2026,adopted,2026-03-04,,,,seed
2026-10-04,nm-ca-baldwin-park-2026,extended,,date_expires,,2027-03-04,seed
2026-10-04,nm-ca-calaveras-county-2026,adopted,2026-08-25,,,,seed
2026-10-04,nm-ca-city-of-angels-calaveras-county-2026,adopted,2026-08-18,,,,seed
2026-10-04,nm-ca-city-of-angels-calaveras-county-2026,expired,2026-10-02,,,,seed
2026-10-04,nm-ca-coachella-2026,adopted,2026-06-04,,,,seed
2026-10-04,nm-ca-coachella-2026,replaced,,,,,seed
2026-10-04,nm-ca-desert-hot-springs-2026,adopted,2026-06-16,,,,seed
2026-10-04,nm-ca-desert-hot-springs-2026,extended,,date_expires,,2028-05-22,seed
2026-10-04,nm-ca-el-monte-2026,adopted,2026-03-18,,,,seed
2026-10-04,nm-ca-el-monte-2026,extended,,date_expires,,2027-03-17,seed
2026-10-04,nm-ca-escondido-2026,adopted,2026-08-26,,,,seed
2026-10-04,nm-ca-escondido-2026,extended,,date_expires,,2026-10-10,seed
2026-10-04,nm-ca-eureka-2026,adopted,2026-09-01,,,,seed
2026-10-04,nm-ca-gilroy-2026,adopted,2026-09-14,,,,seed
2026-10-04,nm-ca-humboldt-county-undated,proposed,,,,,seed
2026-10-04,nm-ca-imperial-2026,adopted,2026-06-03,,,,seed
2026-10-04,nm-ca-imperial-2026,extended,,date_expires,,2027-05-30,seed
2026-10-04,nm-ca-imperial-county-2026,adopted,2026-06-17,,,,seed
2026-10-04,nm-ca-imperial-county-2026,lifted,,,,,seed
2026-10-04,nm-ca-indio-2026,adopted,2026-06-03,,,,seed
2026-10-04,nm-ca-indio-2026,extended,,date_expires,,2026-10-16,seed
2026-10-04,nm-ca-irwindale-undated,adopted,,,,,seed
2026-10-04,nm-ca-irwindale-undated,replaced,,,,,seed
2026-10-04,nm-ca-lake-elsinore-2026,adopted,2026-08-25,,,,seed
2026-10-04,nm-ca-los-angeles-county-2026,adopted,2026-09-17,,,,seed
2026-10-04,nm-ca-mendocino-county-2026,adopted,2026-09-01,,,,seed
2026-10-04,nm-ca-montebello-2026,adopted,2026-02-11,,,,seed
2026-10-04,nm-ca-montebello-2026,expired,2026-03-28,,,,seed
2026-10-04,nm-ca-monterey-park-2026,adopted,2026-01-21,,,,seed
2026-10-04,nm-ca-monterey-park-2026,replaced,,,,,seed
2026-10-04,nm-ca-morgan-hill-2026,adopted,2026-08-26,,,,seed
2026-10-04,nm-ca-oakley-2026,adopted,2026-04-14,,,,seed
2026-10-04,nm-ca-oakley-2026,extended,,date_expires,,2027-04-14,seed
2026-10-04,nm-ca-palm-springs-2026,adopted,2026-08-26,,,,seed
2026-10-04,nm-ca-palm-springs-2026,extended,,date_expires,,2028-08-25,seed
2026-10-04,nm-ca-patterson-2026,adopted,2026-07-16,,,,seed
2026-10-04,nm-ca-patterson-2026,extended,,date_expires,,2027-07-15,seed
2026-10-04,nm-ca-richmond-2026,adopted,2026-09-15,,,,seed
2026-10-04,nm-ca-san-francisco-undated,proposed,,,,,seed
2026-10-04,nm-ca-tulare-county-2026,adopted,2026-08-18,,,,seed
2026-10-04,nm-ca-tulare-county-2026,extended,,date_expires,,,seed
2026-10-04,nm-co-archuleta-county-2026,adopted,2026-06-16,,,,seed
2026-10-04,nm-co-archuleta-county-2026,extended,,date_expires,,2026-12-13,seed
2026-10-04,nm-co-arvada-undated,proposed,,,,,seed
2026-10-04,nm-co-boulder-county-2026,adopted,2026-06-02,,,,seed
2026-10-04,nm-co-broomfield-2026,adopted,2026-07-07,,,,seed
2026-10-04,nm-co-buena-vista-2026,adopted,2026-06-09,,,,seed
2026-10-04,nm-co-buena-vista-2026,extended,,date_expires,,,seed
2026-10-04,nm-co-cedaredge-2026,adopted,2026-08-20,,,,seed
2026-10-04,nm-co-commerce-city-undated,adopted,2026-09-21,,,,seed
2026-10-04,nm-co-delta-county-2026,adopted,2026-07-07,,,,seed
2026-10-04,nm-co-denver-2026,adopted,2026-05-18,,,,seed
2026-10-04,nm-co-denver-2026,extended,,date_expires,,2027-05-18,seed
2026-10-04,nm-co-grand-county-2026,adopted,2026-06-09,,,,seed
2026-10-04,nm-co-hudson-2026,adopted,2026-07-01,,,,seed
2026-10-04,nm-co-jefferson-county-2026,adopted,2026-05-19,,,,seed
2026-10-04,nm-co-johnstown-2026,adopted,2026-07-20,,,,seed
2026-10-04,nm-co-larimer-county-2026,adopted,2026-01-27,,,,seed
2026-10-04,nm-co-larimer-county-2026,extended,,date_expires,,2027-02-25,seed
2026-10-04,nm-co-lochbuie-2026,adopted,2026-07-21,,,,seed
2026-10-04,nm-co-logan-county-2025,adopted,2025-10-21,,,,seed
2026-10-04,nm-co-logan-county-2025,replaced,,,,,seed
2026-10-04,nm-co-loveland-2026,adopted,2026-09-15,,,,seed
2026-10-04,nm-co-mead-2026,adopted,2026-08-31,,,,seed
2026-10-04,nm-co-milliken-2026,adopted,2026-07-30,,,,seed
2026-10-04,nm-co-montrose-county-2026,adopted,2026-07-01,,,,seed
2026-10-04,nm-co-monument-2026,adopted,2026-07-20,,,,seed
2026-10-04,nm-co-paonia-2026,adopted,2026-08-11,,,,seed
2026-10-04,nm-co-phillips-county-2026,adopted,2026-02-27,,,,seed
2026-10-04,nm-co-phillips-county-2026,extended,,date_expires,,,seed
2026-10-04,nm-co-saguache-county-2026,adopted,2026-05-05,,,,seed
2026-10-04,nm-co-south-fork-2026,adopted,2026-06-18,,,,seed
2026-10-04,nm-co-woodland-park-2026,adopted,2026-07-16,,,,seed
2026-10-04,nm-ct-cromwell-undated,proposed,,,,,seed
2026-10-04,nm-ct-groton-2022,adopted,2022-06-14,,,,seed
2026-10-04,nm-ct-groton-2022,replaced,,,,,seed
2026-10-04,nm-ct-morris-2026,adopted,2026-05,,,,seed
2026-10-04,nm-ct-new-haven-undated,adopted,2026-09-08,,,,seed
2026-10-04,nm-ct-trumbull-2026,adopted,2026-09-09,,,,seed
2026-10-04,nm-ct-west-haven-2026,adopted,2026-06-08,,,,seed
2026-10-04,nm-de-dover-undated,proposed,,,,,seed
2026-10-04,nm-fl-alachua-undated,proposed,,,,,seed
2026-10-04,nm-fl-bay-county-2026,adopted,2026-07-07,,,,seed
2026-10-04,nm-fl-citrus-county-2026,adopted,2026-05-26,,,,seed
2026-10-04,nm-fl-clay-county-2026,adopted,2026-06-23,,,,seed
2026-10-04,nm-fl-desoto-county-2026,adopted,2026-07-28,,,,seed
2026-10-04,nm-fl-flagler-county-2026,adopted,2026-08-03,,,,seed
2026-10-04,nm-fl-franklin-county-2026,adopted,2026-07-15,,,,seed
2026-10-04,nm-fl-hernando-county-2026,adopted,2026-06-23,,,,seed
2026-10-04,nm-fl-hillsborough-county-undated,proposed,,,,,seed
2026-10-04,nm-fl-holmes-county-2026,adopted,2026-06-16,,,,seed
2026-10-04,nm-fl-holmes-county-2026,extended,,date_expires,,2027-06-16,seed
2026-10-04,nm-fl-lake-county-2026,adopted,2026-09-08,,,,seed
2026-10-04,nm-fl-lakeland-undated,adopted,2026-08-03,,,,seed
2026-10-04,nm-fl-leon-county-undated,proposed,,,,,seed
2026-10-04,nm-fl-levy-county-2026,adopted,2026-09-08,,,,seed
2026-10-04,nm-fl-lynn-haven-2026,adopted,2026-06-23,,,,seed
2026-10-04,nm-fl-lynn-haven-2026,extended,,date_expires,,2026-08-22,seed
2026-10-04,nm-fl-lynn-haven-2026,expired,2026-08-22,,,,seed
2026-10-04,nm-fl-madison-county-2026,adopted,2026-07-22,,,,seed
2026-10-04,nm-fl-manatee-county-2026,adopted,2026-09-22,,,,seed
2026-10-04,nm-fl-marion-county-2026,adopted,2026-09-15,,,,seed
2026-10-04,nm-fl-martin-county-undated,proposed,,,,,seed
2026-10-04,nm-fl-minneola-undated,proposed,,,,,seed
2026-10-04,nm-fl-nassau-county-2026,adopted,2026-06-08,,,,seed
2026-10-04,nm-fl-north-port-2026,adopted,2026-09-22,,,,seed
2026-10-04,nm-fl-orange-county-undated,proposed,,,,,seed
2026-10-04,nm-fl-ormond-beach-2026,adopted,2026-08-25,,,,seed
2026-10-04,nm-fl-palm-beach-county-2026,adopted,2026-07-07,,,,seed
2026-10-04,nm-fl-panama-city-2026,adopted,2026-09-23,,,,seed
2026-10-04,nm-fl-pasco-county-2026,adopted,2026-07-14,,,,seed
2026-10-04,nm-fl-pensacola-undated,adopted,2026-08-13,,,,seed
2026-10-04,nm-fl-pinellas-park-undated,adopted,2026-08-11,,,,seed
2026-10-04,nm-fl-putnam-county-2026,adopted,2026-09-08,,,,seed
2026-10-04,nm-fl-santa-rosa-county-2026,adopted,2026-07-23,,,,seed
2026-10-04,nm-fl-sarasota-county-2026,adopted,2026-07-08,,,,seed
2026-10-04,nm-fl-st-johns-county-undated,proposed,,,,,seed
2026-10-04,nm-fl-washington-county-2026,adopted,2026-08-20,,,,seed
2026-10-04,nm-fl-zephyrhills-2026,adopted,2026-06-22,,,,seed
2026-10-04,nm-ga-adel-cook-county-2026,adopted,2026-07-06,,,,seed
2026-10-04,nm-ga-albany-2026,adopted,2026-07-28,,,,seed
2026-10-04,nm-ga-appling-county-2026,adopted,2026-08-04,,,,seed
2026-10-04,nm-ga-appling-county-2026,expired,2026-09-13,,,,seed
2026-10-04,nm-ga-athens-clarke-county-2025,adopted,2025-12-02,,,,seed
2026-10-04,nm-ga-athens-clarke-county-2025,replaced,,,,,seed
2026-10-04,nm-ga-augusta-richmond-county-undated,adopted,2026-06-02,,,,seed
2026-10-04,nm-ga-augusta-richmond-county-undated,replaced,,,,,seed
2026-10-04,nm-ga-ball-ground-2026,adopted,2026-08-13,,,,seed
2026-10-04,nm-ga-banks-county-2026,adopted,2026-08,,,,seed
2026-10-04,nm-ga-banks-county-2026,extended,,date_expires,,2027-03-09,seed
2026-10-04,nm-ga-bloomingdale-2026,adopted,2026-08-20,,,,seed
2026-10-04,nm-ga-brooks-county-2026,adopted,2026-02-02,,,,seed
2026-10-04,nm-ga-brooks-county-2026,extended,,date_expires,,2026-12-31,seed
2026-10-04,nm-ga-bulloch-county-2026,adopted,2026-02-17,,,,seed
2026-10-04,nm-ga-bulloch-county-2026,extended,,date_expires,,2026-12-31,seed
2026-10-04,nm-ga-calhoun-gordon-county-undated,adopted,2026-04-27,,,,seed
2026-10-04,nm-ga-calhoun-gordon-county-undated,extended,,date_expires,,2027-01-25,seed
2026-10-04,nm-ga-camden-county-2026,adopted,2026-05-05,,,,seed
2026-10-04,nm-ga-carroll-county-2026,adopted,2026-03-03,,,,seed
2026-10-04,nm-ga-carroll-county-2026,extended,,date_expires,,2026-11-12,seed
2026-10-04,nm-ga-cedartown-2026,adopted,2026-03-23,,,,seed
2026-10-04,nm-ga-cedartown-2026,expired,2026-09-22,,,,seed
2026-10-04,nm-ga-chamblee-2026,adopted,2026-07-21,,,,seed
2026-10-04,nm-ga-chatham-county-2026,adopted,2026-09-11,,,,seed
2026-10-04,nm-ga-chatham-county-2026,extended,,date_expires,,2027-02-13,seed
2026-10-04,nm-ga-cherokee-county-2026,adopted,2026-07-22,,,,seed
2026-10-04,nm-ga-cherokee-county-2026,extended,,date_expires,,2027-02-14,seed
2026-10-04,nm-ga-clayton-county-2025,adopted,2025-09-03,,,,seed
2026-10-04,nm-ga-clayton-county-2025,extended,,date_expires,,2026-12-31,seed
2026-10-04,nm-ga-cobb-county-2026,adopted,2026-02-24,,,,seed
2026-10-04,nm-ga-cobb-county-2026,extended,,date_expires,,2027-02-24,seed
2026-10-04,nm-ga-colquitt-county-2026,adopted,2026-06-02,,,,seed
2026-10-04,nm-ga-colquitt-county-2026,extended,,date_expires,,2027-02-28,seed
2026-10-04,nm-ga-covington-2026,adopted,2026-01-05,,,,seed
2026-10-04,nm-ga-covington-2026,extended,,date_expires,,,seed
2026-10-04,nm-ga-covington-2026,replaced,,,,,seed
2026-10-04,nm-ga-coweta-county-2025,adopted,2025-05-06,,,,seed
2026-10-04,nm-ga-coweta-county-2025,replaced,,,,,seed
2026-10-04,nm-ga-coweta-county-2026,adopted,2026-06-16,,,,seed
2026-10-04,nm-ga-crawford-county-2026,adopted,2026-01-06,,,,seed
2026-10-04,nm-ga-crawford-county-2026,extended,,date_expires,,2026-10-01,seed
2026-10-04,nm-ga-crawford-county-2026,expired,2026-10-01,,,,seed
2026-10-04,nm-ga-decatur-county-2026,adopted,2026-04-14,,,,seed
2026-10-04,nm-ga-dekalb-county-2025,adopted,2025-06-25,,,,seed
2026-10-04,nm-ga-dekalb-county-2025,extended,,date_expires,,2027-03-30,seed
2026-10-04,nm-ga-dougherty-county-2026,adopted,2026-07-20,,,,seed
2026-10-04,nm-ga-dougherty-county-2026,extended,,date_expires,,2027-02-27,seed
2026-10-04,nm-ga-douglas-county-2025,adopted,2025-03-18,,,,seed
2026-10-04,nm-ga-douglas-county-2025,expired,2025-06-16,,,,seed
2026-10-04,nm-ga-east-point-fulton-county-undated,adopted,2026-01,,,,seed
2026-10-04,nm-ga-east-point-fulton-county-undated,extended,,date_expires,,,seed
2026-10-04,nm-ga-fayetteville-2026,adopted,2026-01-29,,,,seed
2026-10-04,nm-ga-fayetteville-2026,replaced,,,,,seed
2026-10-04,nm-ga-floyd-county-2026,adopted,2026-06-09,,,,seed
2026-10-04,nm-ga-floyd-county-2026,replaced,,,,,seed
2026-10-04,nm-ga-forest-park-2026,adopted,2026-08-31,,,,seed
2026-10-04,nm-ga-franklin-county-2026,adopted,2026-07-06,,,,seed
2026-10-04,nm-ga-garden-city-chatham-county-2026,adopted,2026-06-15,,,,seed
2026-10-04,nm-ga-gordon-county-undated,adopted,2026-02-03,,,,seed
2026-10-04,nm-ga-gordon-county-undated,extended,,date_expires,,2027-01-29,seed
2026-10-04,nm-ga-griffin-2026,adopted,2026-01-13,,,,seed
2026-10-04,nm-ga-griffin-2026,replaced,,,,,seed
2026-10-04,nm-ga-hall-county-2026,adopted,2026-02-26,,,,seed
2026-10-04,nm-ga-hall-county-2026,extended,,date_expires,,2027-02-23,seed
2026-10-04,nm-ga-hart-county-2026,adopted,2026-05-26,,,,seed
2026-10-04,nm-ga-heard-county-2026,adopted,2026-03-17,,,,seed
2026-10-04,nm-ga-heard-county-2026,expired,2026-09-13,,,,seed
2026-10-04,nm-ga-hogansville-2026,adopted,2026-02,,,,seed
2026-10-04,nm-ga-hogansville-2026,extended,,date_expires,,,seed
2026-10-04,nm-ga-jones-county-2025,adopted,2025-09-16,,,,seed
2026-10-04,nm-ga-jones-county-2025,replaced,,,,,seed
2026-10-04,nm-ga-kingsland-camden-county-2026,adopted,2026-05-11,,,,seed
2026-10-04,nm-ga-lagrange-2025,adopted,2025-09-23,,,,seed
2026-10-04,nm-ga-lagrange-2025,replaced,,,,,seed
2026-10-04,nm-ga-lamar-county-2025,adopted,2025-09-16,,,,seed
2026-10-04,nm-ga-lamar-county-2025,extended,,date_expires,,,seed
2026-10-04,nm-ga-lee-county-undated,adopted,2026-01,,,,seed
2026-10-04,nm-ga-lee-county-undated,extended,,date_expires,,2026-12-31,seed
2026-10-04,nm-ga-lowndes-county-2026,adopted,2026-08-25,,,,seed
2026-10-04,nm-ga-madison-county-2026,adopted,2026-08-03,,,,seed
2026-10-04,nm-ga-madison-county-2026,extended,,date_expires,,2027-02-22,seed
2026-10-04,nm-ga-marietta-2026,adopted,2026-07,,,,seed
2026-10-04,nm-ga-maysville-2026,adopted,2026-07,,,,seed
2026-10-04,nm-ga-meriwether-county-2026,adopted,2026-02-24,,,,seed
2026-10-04,nm-ga-meriwether-county-2026,extended,,date_expires,,2026-11-21,seed
2026-10-04,nm-ga-milton-fulton-county-2026,adopted,2026-06-15,,,,seed
2026-10-04,nm-ga-milton-fulton-county-2026,extended,,date_expires,,2027-01-16,seed
2026-10-04,nm-ga-monroe-county-2025,adopted,2025-12-02,,,,seed
2026-10-04,nm-ga-monroe-county-2025,replaced,,,,,seed
2026-10-04,nm-ga-newton-county-2026,adopted,2026-02-17,,,,seed
2026-10-04,nm-ga-newton-county-2026,extended,,date_expires,,2026-10-07,seed
2026-10-04,nm-ga-oglethorpe-county-2026,adopted,2026-07-06,,,,seed
2026-10-04,nm-ga-oglethorpe-county-2026,replaced,,,,,seed
2026-10-04,nm-ga-paulding-county-2026,adopted,2026-07-28,,,,seed
2026-10-04,nm-ga-pike-county-2025,adopted,2025-09,,,,seed
2026-10-04,nm-ga-pike-county-2025,replaced,,,,,seed
2026-10-04,nm-ga-polk-county-2026,adopted,2026-03-03,,,,seed
2026-10-04,nm-ga-polk-county-2026,extended,,date_expires,,2026-05-02,seed
2026-10-04,nm-ga-polk-county-2026,replaced,,,,,seed
2026-10-04,nm-ga-putnam-county-2026,adopted,2026-08-07,,,,seed
2026-10-04,nm-ga-rockdale-county-undated,adopted,2026-01-13,,,,seed
2026-10-04,nm-ga-rockdale-county-undated,extended,,date_expires,,2026-10-01,seed
2026-10-04,nm-ga-rockdale-county-undated,expired,2026-10-01,,,,seed
2026-10-04,nm-ga-roswell-2026,adopted,2026-01-12,,,,seed
2026-10-04,nm-ga-roswell-2026,expired,2026-09-20,,,,seed
2026-10-04,nm-ga-savannah-2026,adopted,2026-08-27,,,,seed
2026-10-04,nm-ga-social-circle-2025,adopted,2025-09,,,,seed
2026-10-04,nm-ga-social-circle-2025,replaced,,,,,seed
2026-10-04,nm-ga-south-fulton-undated,adopted,2025-12-09,,,,seed
2026-10-04,nm-ga-south-fulton-undated,replaced,,,,,seed
2026-10-04,nm-ga-stephens-county-undated,adopted,2026-04-14,,,,seed
2026-10-04,nm-ga-stephens-county-undated,extended,,date_expires,,2026-10-14,seed
2026-10-04,nm-ga-terrell-county-2026,adopted,2026-07,,,,seed
2026-10-04,nm-ga-thomas-county-2026,adopted,2026-01-20,,,,seed
2026-10-04,nm-ga-toccoa-2026,adopted,2026-07-27,,,,seed
2026-10-04,nm-ga-troup-county-2025,adopted,2025-09-16,,,,seed
2026-10-04,nm-ga-troup-county-2025,replaced,,,,,seed
2026-10-04,nm-ga-walker-county-2026,adopted,2026-07-09,,,,seed
2026-10-04,nm-ga-walker-county-2026,extended,,date_expires,,2027-02-02,seed
2026-10-04,nm-ga-warner-robins-2026,adopted,2026-07-20,,,,seed
2026-10-04,nm-ia-adair-county-2026,adopted,2026-03-18,,,,seed
2026-10-04,nm-ia-audubon-county-2026,adopted,2026-05-05,,,,seed
2026-10-04,nm-ia-boone-county-2026,adopted,2026-09-09,,,,seed
2026-10-04,nm-ia-buchanan-county-2026,adopted,2026-01,,,,seed
2026-10-04,nm-ia-buchanan-county-2026,extended,,date_expires,,,seed
2026-10-04,nm-ia-cedar-county-2026,adopted,2026-05-26,,,,seed
2026-10-04,nm-ia-city-of-ames-2026,adopted,2026-07-28,,,,seed
2026-10-04,nm-ia-city-of-asbury-2026,adopted,2026-07-14,,,,seed
2026-10-04,nm-ia-city-of-cascade-2026,adopted,2026-06-22,,,,seed
2026-10-04,nm-ia-city-of-dubuque-2026,adopted,2026-09-21,,,,seed
2026-10-04,nm-ia-city-of-fairfax-undated,proposed,,,,,seed
2026-10-04,nm-ia-city-of-fairfield-2026,adopted,2026-08-24,,,,seed
2026-10-04,nm-ia-city-of-marshalltown-2026,adopted,2026-08-24,,,,seed
2026-10-04,nm-ia-city-of-peosta-2026,adopted,2026-06-23,,,,seed
2026-10-04,nm-ia-city-of-waterloo-2026,adopted,2026-09-08,,,,seed
2026-10-04,nm-ia-clarke-county-2025,adopted,2025-06-23,,,,seed
2026-10-04,nm-ia-clayton-county-2025,adopted,2025-02-25,,,,seed
2026-10-04,nm-ia-clayton-county-2025,extended,,date_expires,,2026-12-31,seed
2026-10-04,nm-ia-des-moines-county-2026,adopted,2026-05-19,,,,seed
2026-10-04,nm-ia-dickinson-county-2026,adopted,2026-05-12,,,,seed
2026-10-04,nm-ia-dubuque-county-2026,adopted,2026-05-26,,,,seed
2026-10-04,nm-ia-emmet-county-2026,adopted,2026-08-25,,,,seed
2026-10-04,nm-ia-franklin-county-2026,adopted,2026-03-31,,,,seed
2026-10-04,nm-ia-henry-county-2026,adopted,2026-05-14,,,,seed
2026-10-04,nm-ia-ida-county-2026,adopted,2026-06-30,,,,seed
2026-10-04,nm-ia-iowa-county-2026,adopted,2026-07-31,,,,seed
2026-10-04,nm-ia-iowa-county-2026,extended,,date_expires,,2027-07-31,seed
2026-10-04,nm-ia-jackson-county-2024,adopted,2024-09-17,,,,seed
2026-10-04,nm-ia-jackson-county-2024,extended,,date_expires,,2027-08-04,seed
2026-10-04,nm-ia-jefferson-county-2026,adopted,2026-08-11,,,,seed
2026-10-04,nm-ia-johnson-county-2025,adopted,2025-11-06,,,,seed
2026-10-04,nm-ia-jones-county-2024,adopted,2024-10-15,,,,seed
2026-10-04,nm-ia-jones-county-2024,replaced,,,,,seed
2026-10-04,nm-ia-lee-county-2026,adopted,2026-06-16,,,,seed
2026-10-04,nm-ia-linn-county-2026,adopted,2026-07-01,,,,seed
2026-10-04,nm-ia-linn-county-2026,extended,,date_expires,,2028-01-01,seed
2026-10-04,nm-ia-louisa-county-2026,adopted,2026-07-07,,,,seed
2026-10-04,nm-ia-madison-county-2026,adopted,2026-05-26,,,,seed
2026-10-04,nm-ia-marshall-county-undated,proposed,,,,,seed
2026-10-04,nm-ia-mitchell-county-2025,adopted,2025-11-25,,,,seed
2026-10-04,nm-ia-page-county-2026,adopted,2026-07-21,,,,seed
2026-10-04,nm-ia-palo-alto-county-2026,adopted,2026-07-08,,,,seed
2026-10-04,nm-ia-palo-alto-county-2026,extended,,date_expires,,2027-07-08,seed
2026-10-04,nm-ia-plymouth-county-2026,adopted,2026-06-16,,,,seed
2026-10-04,nm-ia-shelby-county-2026,adopted,2026-03-17,,,,seed
2026-10-04,nm-ia-shelby-county-2026,extended,,date_expires,,2027-07-01,seed
2026-10-04,nm-ia-sioux-county-2026,adopted,2026-06-16,,,,seed
2026-10-04,nm-ia-story-county-2025,adopted,2025-06-17,,,,seed
2026-10-04,nm-ia-story-county-2025,extended,,date_expires,,2027-03-31,seed
2026-10-04,nm-ia-tama-county-2025,adopted,2025-11-10,,,,seed
2026-10-04,nm-ia-taylor-county-2026,adopted,2026-05-07,,,,seed
2026-10-04,nm-ia-union-county-2026,adopted,2026-03-25,,,,seed
2026-10-04,nm-ia-woodbury-county-2026,adopted,2026-06-23,,,,seed
2026-10-04,nm-id-bannock-county-2026,adopted,2026-07-30,,,,seed
2026-10-04,nm-id-elmore-county-2026,adopted,2026-07-02,,,,seed
2026-10-04,nm-id-kootenai-county-2025,adopted,2025-03-11,,,,seed
2026-10-04,nm-id-kootenai-county-2025,replaced,,,,,seed
2026-10-04,nm-il-aurora-2025,adopted,2025-09-25,,,,seed
2026-10-04,nm-il-aurora-2025,replaced,,,,,seed
2026-10-04,nm-il-bourbonnais-2026,adopted,2026-06-15,,,,seed
2026-10-04,nm-il-champaign-county-2026,adopted,2026-04-23,,,,seed
2026-10-04,nm-il-city-of-bloomington-2026,adopted,2026-05-26,,,,seed
2026-10-04,nm-il-city-of-carbondale-2026,adopted,2026-06-23,,,,seed
2026-10-04,nm-il-city-of-effingham-2026,adopted,2026-06-02,,,,seed
2026-10-04,nm-il-city-of-troy-2026,adopted,2026-03,,,,seed
2026-10-04,nm-il-city-of-troy-2026,extended,,date_expires,,,seed
2026-10-04,nm-il-city-of-west-chicago-2026,adopted,2026-07-20,,,,seed
2026-10-04,nm-il-collinsville-undated,adopted,2026-01,,,,seed
2026-10-04,nm-il-galesburg-2026,adopted,2026-09-21,,,,seed
2026-10-04,nm-il-godfrey-2026,adopted,2026-01-20,,,,seed
2026-10-04,nm-il-godfrey-2026,extended,,date_expires,,2027-01-31,seed
2026-10-04,nm-il-henry-county-2026,adopted,2026-06-18,,,,seed
2026-10-04,nm-il-la-salle-county-2026,adopted,2026-06-08,,,,seed
2026-10-04,nm-il-lake-county-2026,adopted,2026-09-08,,,,seed
2026-10-04,nm-il-lawrence-county-2026,adopted,2026-09-17,,,,seed
2026-10-04,nm-il-lee-county-2026,adopted,2026-08-20,,,,seed
2026-10-04,nm-il-logan-county-2026,adopted,2026-05-19,,,,seed
2026-10-04,nm-il-logan-county-2026,lifted,,,,,seed
2026-10-04,nm-il-macon-county-undated,proposed,,,,,seed
2026-10-04,nm-il-mattoon-2026,adopted,2026-09-01,,,,seed
2026-10-04,nm-il-morgan-county-2026,adopted,2026-04-27,,,,seed
2026-10-04,nm-il-ottawa-2026,adopted,2026-03-03,,,,seed
2026-10-04,nm-il-ottawa-2026,extended,,date_expires,,2027-08-25,seed
2026-10-04,nm-il-plainfield-2026,adopted,2026-04-21,,,,seed
2026-10-04,nm-il-plainfield-2026,extended,,date_expires,,2026-10-18,seed
2026-10-04,nm-il-rockford-2026,adopted,2026-08-03,,,,seed
2026-10-04,nm-il-sterling-2026,adopted,2026-09-08,,,,seed
2026-10-04,nm-il-tazewell-county-2026,adopted,2026-04-29,,,,seed
2026-10-04,nm-il-town-of-normal-2026,adopted,2026-05-18,,,,seed
2026-10-04,nm-il-town-of-normal-2026,extended,,date_expires,,2027-05-31,seed
2026-10-04,nm-il-woodford-county-2026,adopted,2026-08-18,,,,seed
2026-10-04,nm-in-boone-county-2026,adopted,2026-06-15,,,,seed
2026-10-04,nm-in-clark-county-2026,adopted,2026-08-27,,,,seed
2026-10-04,nm-in-dearborn-county-2026,adopted,2026-02-24,,,,seed
2026-10-04,nm-in-dekalb-county-2026,adopted,2026-04-13,,,,seed
2026-10-04,nm-in-elkhart-2026,adopted,2026-08-27,,,,seed
2026-10-04,nm-in-fayette-county-2026,adopted,2026-05-05,,,,seed
2026-10-04,nm-in-fort-wayne-undated,proposed,,,,,seed
2026-10-04,nm-in-franklin-county-2025,adopted,2025-12-24,,,,seed
2026-10-04,nm-in-franklin-county-2025,extended,,date_expires,,2027-02-24,seed
2026-10-04,nm-in-fulton-county-2026,adopted,2026-03-02,,,,seed
2026-10-04,nm-in-gary-2026,adopted,2026-09-16,,,,seed
2026-10-04,nm-in-grant-county-2026,adopted,2026-03-16,,,,seed
2026-10-04,nm-in-howard-county-2026,adopted,2026-08-17,,,,seed
2026-10-04,nm-in-huntington-county-2026,adopted,2026-02-23,,,,seed
2026-10-04,nm-in-indianapolis-marion-county-undated,adopted,2026-08-19,,,,seed
2026-10-04,nm-in-jeffersonville-2026,adopted,2026-08-03,,,,seed
2026-10-04,nm-in-madison-county-2026,adopted,2026-06-16,,,,seed
2026-10-04,nm-in-madison-county-2026,extended,,date_expires,,2027-06-16,seed
2026-10-04,nm-in-marshall-county-2025,adopted,2025-02-03,,,,seed
2026-10-04,nm-in-marshall-county-2025,replaced,,,,,seed
2026-10-04,nm-in-merrillville-lake-county-2026,adopted,2026-05-26,,,,seed
2026-10-04,nm-in-miami-county-2026,adopted,2026-05-04,,,,seed
2026-10-04,nm-in-miami-county-2026,replaced,,,,,seed
2026-10-04,nm-in-new-albany-floyd-county-2026,adopted,2026-07-16,,,,seed
2026-10-04,nm-in-owen-county-undated,proposed,,,,,seed
2026-10-04,nm-in-pulaski-county-2026,adopted,2026-01-20,,,,seed
2026-10-04,nm-in-putnam-county-2025,adopted,2025-11-17,,,,seed
2026-10-04,nm-in-shelby-county-2026,adopted,2026-02-23,,,,seed
2026-10-04,nm-in-shelby-county-2026,replaced,,,,,seed
2026-10-04,nm-in-starke-county-2025,adopted,2025-12-15,,,,seed
2026-10-04,nm-in-steuben-county-2026,adopted,2026-09-15,,,,seed
2026-10-04,nm-in-valparaiso-porter-county-undated,adopted,2026-08-10,,,,seed
2026-10-04,nm-in-wabash-county-2026,adopted,2026-08-31,,,,seed
2026-10-04,nm-in-warrick-county-undated,adopted,2026-08-11,,,,seed
2026-10-04,nm-in-white-county-2025,adopted,2025-10-20,,,,seed
2026-10-04,nm-in-white-county-2025,replaced,,,,,seed
2026-10-04,nm-ks-bourbon-county-2026,adopted,2026-06-15,,,,seed
2026-10-04,nm-ks-brown-county-2026,adopted,2026-03-02,,,,seed
2026-10-04,nm-ks-dickinson-county-2026,adopted,2026-07-30,,,,seed
2026-10-04,nm-ks-el-dorado-2026,adopted,2026-07-13,,,,seed
2026-10-04,nm-ks-franklin-county-2026,adopted,2026-09-02,,,,seed
2026-10-04,nm-ks-geary-county-2026,adopted,2026-06-22,,,,seed
2026-10-04,nm-ks-harvey-county-2026,adopted,2026-01-13,,,,seed
2026-10-04,nm-ks-kingman-county-2026,adopted,2026-02-09,,,,seed
2026-10-04,nm-ks-lawrence-2026,adopted,2026-07-14,,,,seed
2026-10-04,nm-ks-leavenworth-county-2026,adopted,2026-05-13,,,,seed
2026-10-04,nm-ks-leavenworth-county-2026,expired,2026-08-11,,,,seed
2026-10-04,nm-ks-lyon-county-2026,adopted,2026-07-23,,,,seed
2026-10-04,nm-ks-marion-county-2026,adopted,2026-03-02,,,,seed
2026-10-04,nm-ks-marion-county-2026,extended,,date_expires,,2027-06-01,seed
2026-10-04,nm-ks-marysville-2026,adopted,2026-09,,,,seed
2026-10-04,nm-ks-mcpherson-county-2025,banned,2025-08-04,,,,seed
2026-10-04,nm-ks-mcpherson-county-2025,replaced,,,,,seed
2026-10-04,nm-ks-miami-county-2026,adopted,2026-03,,,,seed
2026-10-04,nm-ks-neosho-county-2026,adopted,2026-05-19,,,,seed
2026-10-04,nm-ks-riley-county-2026,adopted,2026-05-18,,,,seed
2026-10-04,nm-ks-saline-county-2026,adopted,2026-03-17,,,,seed
2026-10-04,nm-ks-sedgwick-county-2026,adopted,2026-01-14,,,,seed
2026-10-04,nm-ks-sedgwick-county-2026,extended,,date_expires,,2026-12-25,seed
2026-10-04,nm-ks-shawnee-county-2026,adopted,2026-08-13,,,,seed
2026-10-04,nm-ks-south-hutchinson-2026,adopted,2026-05-26,,,,seed
2026-10-04,nm-ks-topeka-2026,adopted,2026-07-14,,,,seed
2026-10-04,nm-ky-allen-county-2026,adopted,2026-06-10,,,,seed
2026-10-04,nm-ky-ashland-2026,adopted,2026-02-26,,,,seed
2026-10-04,nm-ky-ashland-2026,replaced,,,,,seed
2026-10-04,nm-ky-bell-county-2026,adopted,2026-07-02,,,,seed
2026-10-04,nm-ky-boone-county-2026,adopted,2026-06-15,,,,seed
2026-10-04,nm-ky-boyd-county-fiscal-court-2026,adopted,2026-07-21,,,,seed
2026-10-04,nm-ky-boyle-county-2026,adopted,2026-06-09,,,,seed
2026-10-04,nm-ky-boyle-county-2026,extended,,date_expires,,2027-06-09,seed
2026-10-04,nm-ky-breckinridge-county-2025,adopted,2025-12-05,,,,seed
2026-10-04,nm-ky-bullitt-county-2026,adopted,2026-07-21,,,,seed
2026-10-04,nm-ky-butler-county-2026,adopted,2026-07-13,,,,seed
2026-10-04,nm-ky-calloway-county-undated,proposed,,,,,seed
2026-10-04,nm-ky-cave-city-2026,adopted,2026-05-21,,,,seed
2026-10-04,nm-ky-daviess-county-2026,adopted,2026-05-28,,,,seed
2026-10-04,nm-ky-edmonson-county-2026,adopted,2026-06-08,,,,seed
2026-10-04,nm-ky-greenup-county-2026,adopted,2026-07,,,,seed
2026-10-04,nm-ky-harrison-county-2026,adopted,2026-08-11,,,,seed
2026-10-04,nm-ky-harrison-county-2026,extended,,date_expires,,2028-08-10,seed
2026-10-04,nm-ky-jessamine-county-2026,adopted,2026-08-04,,,,seed
2026-10-04,nm-ky-la-grange-2025,adopted,2025-06-02,,,,seed
2026-10-04,nm-ky-la-grange-2025,extended,,date_expires,,2025-10-30,seed
2026-10-04,nm-ky-la-grange-2025,expired,2025-10-30,,,,seed
2026-10-04,nm-ky-lexington-fayette-2026,adopted,2026-06-09,,,,seed
2026-10-04,nm-ky-logan-county-2026,adopted,2026-07-28,,,,seed
2026-10-04,nm-ky-london-2026,adopted,2026-08-03,,,,seed
2026-10-04,nm-ky-louisville-metro-2026,adopted,2026-08-13,,,,seed
2026-10-04,nm-ky-lyon-county-2026,adopted,2026-08,,,,seed
2026-10-04,nm-ky-meade-county-fiscal-court-2026,adopted,2026-01-13,,,,seed
2026-10-04,nm-ky-meade-county-fiscal-court-2026,extended,,date_expires,,2027-01-13,seed
2026-10-04,nm-ky-mercer-county-fiscal-court-undated,adopted,2026-08-11,,,,seed
2026-10-04,nm-ky-montgomery-county-undated,proposed,,,,,seed
2026-10-04,nm-ky-nelson-county-2026,adopted,2026-07-07,,,,seed
2026-10-04,nm-ky-nicholasville-2026,adopted,2026-08-10,,,,seed
2026-10-04,nm-ky-oldham-county-fiscal-court-2025,adopted,2025-06-26,,,,seed
2026-10-04,nm-ky-oldham-county-fiscal-court-2025,extended,,date_expires,,,seed
2026-10-04,nm-ky-rowan-county-2026,adopted,2026-08,,,,seed
2026-10-04,nm-ky-scott-county-2026,adopted,2026-03-13,,,,seed
2026-10-04,nm-ky-scott-county-2026,extended,,date_expires,,2026-12-31,seed
2026-10-04,nm-ky-shelby-county-2026,adopted,2026-07-21,,,,seed
2026-10-04,nm-ky-versailles-2026,adopted,2026-06-16,,,,seed
2026-10-04,nm-ky-winchester-2026,adopted,2026-09-01,,,,seed
2026-10-04,nm-la-new-orleans-2026,adopted,2026-01-28,,,,seed
2026-10-04,nm-ma-agawam-2026,adopted,2026-09-08,,,,seed
2026-10-04,nm-ma-everett-2026,adopted,2026-06-22,,,,seed
2026-10-04,nm-ma-gill-2026,adopted,2026-05-04,,,,seed
2026-10-04,nm-ma-greenfield-2026,adopted,2026-09-16,,,,seed
2026-10-04,nm-ma-heath-2026,proposed,,,,,seed
2026-10-04,nm-ma-leominster-undated,proposed,,,,,seed
2026-10-04,nm-ma-lowell-2026,adopted,2026-03-10,,,,seed
2026-10-04,nm-ma-malden-2026,adopted,2026-05-05,,,,seed
2026-10-04,nm-ma-northampton-undated,proposed,,,,,seed
2026-10-04,nm-ma-plymouth-undated,proposed,,,,,seed
2026-10-04,nm-ma-shutesbury-2025,adopted,2025-09-30,,,,seed
2026-10-04,nm-ma-shutesbury-2025,expired,,,,,seed
2026-10-04,nm-ma-southbridge-undated,proposed,,,,,seed
2026-10-04,nm-ma-westfield-2026,adopted,2026-07-06,,,,seed
2026-10-04,nm-md-anne-arundel-county-undated,proposed,,,,,seed
2026-10-04,nm-md-baltimore-city-2026,adopted,2026-05-11,,,,seed
2026-10-04,nm-md-baltimore-county-2026,adopted,2026-02-02,,,,seed
2026-10-04,nm-md-baltimore-county-2026,extended,,date_expires,,2027-12-31,seed
2026-10-04,nm-md-calvert-county-2026,adopted,2026-08-18,,,,seed
2026-10-04,nm-md-caroline-county-2026,adopted,2026-07-21,,,,seed
2026-10-04,nm-md-carroll-county-2026,adopted,2026-02-19,,,,seed
2026-10-04,nm-md-dorchester-county-2026,adopted,2026-08-04,,,,seed
2026-10-04,nm-md-federalsburg-2026,adopted,2026-08-03,,,,seed
2026-10-04,nm-md-federalsburg-2026,replaced,,,,,seed
2026-10-04,nm-md-frederick-county-2026,adopted,2026-07-01,,,,seed
2026-10-04,nm-md-frederick-county-2026,extended,,date_expires,,2027-07-01,seed
2026-10-04,nm-md-howard-county-2026,adopted,2026-06-01,,,,seed
2026-10-04,nm-md-hurlock-2026,adopted,2026-08-10,,,,seed
2026-10-04,nm-md-montgomery-county-2026,adopted,2026-07-28,,,,seed
2026-10-04,nm-md-pocomoke-city-undated,proposed,,,,,seed
2026-10-04,nm-md-prince-george-s-county-2025,adopted,2025-09-16,,,,seed
2026-10-04,nm-md-prince-george-s-county-2025,extended,,date_expires,,2028-07-07,seed
2026-10-04,nm-md-queen-anne-s-county-2026,adopted,2026-06-04,,,,seed
2026-10-04,nm-md-ridgely-2026,adopted,2026-08,,,,seed
2026-10-04,nm-md-salisbury-undated,proposed,,,,,seed
2026-10-04,nm-md-somerset-county-undated,proposed,,,,,seed
2026-10-04,nm-md-talbot-county-2026,adopted,2026-09-08,,,,seed
2026-10-04,nm-md-washington-county-2026,adopted,2026-06-30,,,,seed
2026-10-04,nm-md-wicomico-county-2026,adopted,2026-08-04,,,,seed
2026-10-04,nm-md-worcester-county-2026,adopted,2026-07-21,,,,seed
2026-10-04,nm-me-bangor-2026,adopted,2026-04-13,,,,seed
2026-10-04,nm-me-bangor-2026,extended,,date_expires,,,seed
2026-10-04,nm-me-bethel-undated,proposed,,,,,seed
2026-10-04,nm-me-brunswick-2026,adopted,2026-06-01,,,,seed
2026-10-04,nm-me-dixfield-2026,adopted,2026-09-14,,,,seed
2026-10-04,nm-me-dover-foxcroft-undated,proposed,,,,,seed
2026-10-04,nm-me-eastport-2026,adopted,2026-08-12,,,,seed
2026-10-04,nm-me-ellsworth-2026,adopted,2026-08-17,,,,seed
2026-10-04,nm-me-gorham-2026,adopted,2026-06-02,,,,seed
2026-10-04,nm-me-gray-2026,adopted,2026-08-18,,,,seed
2026-10-04,nm-me-peru-undated,proposed,,,,,seed
2026-10-04,nm-me-sanford-2026,adopted,2026-05-19,,,,seed
2026-10-04,nm-me-sanford-2026,extended,,date_expires,,2027-01-31,seed
2026-10-04,nm-me-scarborough-2026,adopted,2026-06-03,,,,seed
2026-10-04,nm-me-warren-2026,adopted,2026-07-08,,,,seed
2026-10-04,nm-me-westbrook-2026,adopted,2026-06-01,,,,seed
2026-10-04,nm-mi-allen-park-2026,adopted,2026-06-09,,,,seed
2026-10-04,nm-mi-allendale-township-2026,adopted,2026-06-08,,,,seed
2026-10-04,nm-mi-ann-arbor-charter-township-2026,adopted,2026-02-16,,,,seed
2026-10-04,nm-mi-armada-township-undated,adopted,2026-01-14,,,,seed
2026-10-04,nm-mi-armada-township-undated,extended,,date_expires,,2026-12-07,seed
2026-10-04,nm-mi-big-rapids-charter-township-2026,adopted,2026-02-23,,,,seed
2026-10-04,nm-mi-blendon-township-ottawa-county-2026,adopted,2026-06-15,,,,seed
2026-10-04,nm-mi-blendon-township-ottawa-county-2026,extended,,date_expires,,2027-06-15,seed
2026-10-04,nm-mi-bowne-township-kent-county-2026,adopted,2026-02-23,,,,seed
2026-10-04,nm-mi-brandon-township-2026,adopted,2026-05-04,,,,seed
2026-10-04,nm-mi-brandon-township-2026,extended,,date_expires,,2027-04-29,seed
2026-10-04,nm-mi-bridgewater-township-2026,adopted,2026-03-05,,,,seed
2026-10-04,nm-mi-brighton-township-2026,adopted,2026-09-21,,,,seed
2026-10-04,nm-mi-bruce-township-undated,adopted,2025-12,,,,seed
2026-10-04,nm-mi-caledonia-township-undated,adopted,2026-02-04,,,,seed
2026-10-04,nm-mi-caledonia-township-undated,extended,,date_expires,,2026-10-17,seed
2026-10-04,nm-mi-cascade-charter-township-kent-county-2026,adopted,2026-03-11,,,,seed
2026-10-04,nm-mi-cascade-charter-township-kent-county-2026,expired,2026-09-17,,,,seed
2026-10-04,nm-mi-cascade-charter-township-kent-county-2026-2,adopted,2026-05-27,,,,seed
2026-10-04,nm-mi-casco-township-allegan-county-2026,adopted,2026-04-20,,,,seed
2026-10-04,nm-mi-casco-township-allegan-county-2026,extended,,date_expires,,2026-10-17,seed
2026-10-04,nm-mi-chesaning-township-2026,adopted,2026-05-07,,,,seed
2026-10-04,nm-mi-chikaming-township-2026,adopted,2026-06-16,,,,seed
2026-10-04,nm-mi-city-of-flint-2026,adopted,2026-06-08,,,,seed
2026-10-04,nm-mi-city-of-lapeer-2026,adopted,2026-04-20,,,,seed
2026-10-04,nm-mi-clark-township-2025,adopted,2025-06-24,,,,seed
2026-10-04,nm-mi-clark-township-2025,expired,2026-06-30,,,,seed
2026-10-04,nm-mi-colfax-township-huron-county-2026,adopted,2026-03-18,,,,seed
2026-10-04,nm-mi-comstock-charter-township-2026,adopted,2026-03-16,,,,seed
2026-10-04,nm-mi-dearborn-2026,adopted,2026-09-22,,,,seed
2026-10-04,nm-mi-dearborn-heights-2026,adopted,2026-02-24,,,,seed
2026-10-04,nm-mi-delta-county-2026,adopted,2026-07-21,,,,seed
2026-10-04,nm-mi-detroit-2026,proposed,,,,,seed
2026-10-04,nm-mi-dexter-township-2026,adopted,2026-02-17,,,,seed
2026-10-04,nm-mi-dexter-township-2026,extended,,date_expires,,2027-02-12,seed
2026-10-04,nm-mi-dorr-township-2026,adopted,2026-02-26,,,,seed
2026-10-04,nm-mi-dryden-township-2026,adopted,2026-07-14,,,,seed
2026-10-04,nm-mi-dundee-township-2025,adopted,2025-12-09,,,,seed
2026-10-04,nm-mi-dundee-township-2025,expired,2026-06-07,,,,seed
2026-10-04,nm-mi-eagle-township-clinton-county-2026,adopted,2026-02-17,,,,seed
2026-10-04,nm-mi-east-lansing-2026,adopted,2026-03-17,,,,seed
2026-10-04,nm-mi-east-lansing-2026,extended,,date_expires,,2027-03-17,seed
2026-10-04,nm-mi-ellington-township-2026,adopted,2026-07-14,,,,seed
2026-10-04,nm-mi-elmwood-township-tuscola-county-2026,adopted,2026-02-18,,,,seed
2026-10-04,nm-mi-elmwood-township-tuscola-county-2026,extended,,date_expires,,2027-06-17,seed
2026-10-04,nm-mi-erie-township-2026,adopted,2026-02-10,,,,seed
2026-10-04,nm-mi-fayette-township-hillsdale-county-undated,proposed,,,,,seed
2026-10-04,nm-mi-fenton-township-2026,adopted,2026-02-17,,,,seed
2026-10-04,nm-mi-filer-township-2026,adopted,2026-06-02,,,,seed
2026-10-04,nm-mi-forsyth-township-2026,adopted,2026-06-25,,,,seed
2026-10-04,nm-mi-freedom-township-2026,adopted,2026-03-10,,,,seed
2026-10-04,nm-mi-frenchtown-charter-township-monroe-county-2026,adopted,2026-04-28,,,,seed
2026-10-04,nm-mi-garfield-charter-township-grand-traverse-county-2026,adopted,2026-08-25,,,,seed
2026-10-04,nm-mi-genoa-charter-township-2026,adopted,2026-02-02,,,,seed
2026-10-04,nm-mi-genoa-charter-township-2026,extended,,date_expires,,2027-02-02,seed
2026-10-04,nm-mi-gibraltar-2026,adopted,2026-03-09,,,,seed
2026-10-04,nm-mi-grand-blanc-township-2026,adopted,2026-01-21,,,,seed
2026-10-04,nm-mi-green-charter-township-2025,adopted,2025-12-09,,,,seed
2026-10-04,nm-mi-green-lake-township-grand-traverse-county-2026,adopted,2026-05-12,,,,seed
2026-10-04,nm-mi-green-lake-township-grand-traverse-county-2026,extended,,date_expires,,2027-05-12,seed
2026-10-04,nm-mi-groveland-township-2026,adopted,2026-02-09,,,,seed
2026-10-04,nm-mi-hagar-township-2026,adopted,2026-07-17,,,,seed
2026-10-04,nm-mi-haring-township-undated,adopted,2026-07-13,,,,seed
2026-10-04,nm-mi-hart-2026,adopted,2026-05-26,,,,seed
2026-10-04,nm-mi-hayes-township-2026,adopted,2026-02-09,,,,seed
2026-10-04,nm-mi-hayes-township-2026,extended,,date_expires,,2027-02-04,seed
2026-10-04,nm-mi-hillsdale-township-hillsdale-county-2026,adopted,2026-06-09,,,,seed
2026-10-04,nm-mi-hillsdale-township-hillsdale-county-2026,extended,,date_expires,,2027-06-09,seed
2026-10-04,nm-mi-holly-township-2026,adopted,2026-02-18,,,,seed
2026-10-04,nm-mi-holly-township-2026,extended,,date_expires,,2027-02-15,seed
2026-10-04,nm-mi-houghton-2026,adopted,2026-07-08,,,,seed
2026-10-04,nm-mi-howard-charter-township-cass-county-undated,proposed,,,,,seed
2026-10-04,nm-mi-howell-township-2025,adopted,2025-11-20,,,,seed
2026-10-04,nm-mi-howell-township-2025,extended,,date_expires,,2026-05-19,seed
2026-10-04,nm-mi-howell-township-2025,expired,2026-05-19,,,,seed
2026-10-04,nm-mi-huron-county-2026,adopted,2026-05-27,,,,seed
2026-10-04,nm-mi-independence-township-2026,adopted,2026-07-21,,,,seed
2026-10-04,nm-mi-kalamazoo-2026,adopted,2026-08-17,,,,seed
2026-10-04,nm-mi-kalamazoo-township-2026,adopted,2026-07-27,,,,seed
2026-10-04,nm-mi-lake-township-2026,adopted,2026-07-16,,,,seed
2026-10-04,nm-mi-lansing-2026,adopted,2026-07-13,,,,seed
2026-10-04,nm-mi-lenox-township-2026,adopted,2026-02-02,,,,seed
2026-10-04,nm-mi-lenox-township-2026,expired,2026-06-02,,,,seed
2026-10-04,nm-mi-leoni-township-2026,adopted,2026-03,,,,seed
2026-10-04,nm-mi-lima-township-2025,adopted,2025-12-08,,,,seed
2026-10-04,nm-mi-lima-township-2025,extended,,date_expires,,2026-06-06,seed
2026-10-04,nm-mi-lincoln-township-2026,adopted,2026-06-09,,,,seed
2026-10-04,nm-mi-lodi-township-2026,adopted,2026-02-03,,,,seed
2026-10-04,nm-mi-lodi-township-2026,extended,,date_expires,,2027-02-16,seed
2026-10-04,nm-mi-lyndon-township-2026,adopted,2026-05-12,,,,seed
2026-10-04,nm-mi-lyon-township-2026,adopted,2026-05,,,,seed
2026-10-04,nm-mi-lyon-township-2026-2,adopted,2026-05,,,,seed
2026-10-04,nm-mi-manchester-township-2025,adopted,2025-10-14,,,,seed
2026-10-04,nm-mi-marengo-township-2026,adopted,2026-02-24,,,,seed
2026-10-04,nm-mi-marshall-2026,adopted,2026-08-03,,,,seed
2026-10-04,nm-mi-mason-2026,adopted,2026-01-05,,,,seed
2026-10-04,nm-mi-mason-2026,replaced,,,,,seed
2026-10-04,nm-mi-mason-township-2026,adopted,2026-05-02,,,,seed
2026-10-04,nm-mi-mason-township-2026,extended,,date_expires,,2027-05-02,seed
2026-10-04,nm-mi-melvindale-2026,adopted,2026-05-20,,,,seed
2026-10-04,nm-mi-meridian-township-2026,adopted,2026-05-19,,,,seed
2026-10-04,nm-mi-monitor-charter-township-2026,adopted,2026-03-26,,,,seed
2026-10-04,nm-mi-new-buffalo-township-2026,adopted,2026-04-08,,,,seed
2026-10-04,nm-mi-niles-charter-township-2026,adopted,2026-06-01,,,,seed
2026-10-04,nm-mi-norvell-township-2026,adopted,2026-06-08,,,,seed
2026-10-04,nm-mi-oneida-charter-township-2026,adopted,2026-01-13,,,,seed
2026-10-04,nm-mi-oneida-charter-township-2026,extended,,date_expires,,2027-01-24,seed
2026-10-04,nm-mi-orion-township-2026,adopted,2026-06-15,,,,seed
2026-10-04,nm-mi-oshtemo-charter-township-2026,adopted,2026-03-10,,,,seed
2026-10-04,nm-mi-oxford-township-2026,adopted,2026-02-11,,,,seed
2026-10-04,nm-mi-park-township-2026,adopted,2026-05-13,,,,seed
2026-10-04,nm-mi-parma-township-jackson-county-2026,adopted,2026-02-18,,,,seed
2026-10-04,nm-mi-penn-township-cass-county-2026,adopted,2026-05-21,,,,seed
2026-10-04,nm-mi-pere-marquette-charter-township-2026,adopted,2026-08-11,,,,seed
2026-10-04,nm-mi-pere-marquette-charter-township-2026,extended,,date_expires,,2027-08-11,seed
2026-10-04,nm-mi-pine-grove-township-2026,adopted,2026-06-03,,,,seed
2026-10-04,nm-mi-pittsfield-township-2025,adopted,2025-11-20,,,,seed
2026-10-04,nm-mi-pittsfield-township-2025,extended,,date_expires,,2026-11-15,seed
2026-10-04,nm-mi-pontiac-2026,adopted,2026-01-21,,,,seed
2026-10-04,nm-mi-pontiac-2026,extended,,date_expires,,2027-01-20,seed
2026-10-04,nm-mi-port-huron-township-2026,adopted,2026-09-21,,,,seed
2026-10-04,nm-mi-portage-2026,adopted,2026-02-24,,,,seed
2026-10-04,nm-mi-portage-2026,extended,,date_expires,,2026-12-31,seed
2026-10-04,nm-mi-porter-township-2026,adopted,2026-05-12,,,,seed
2026-10-04,nm-mi-rochester-hills-2026,adopted,2026-03-09,,,,seed
2026-10-04,nm-mi-rochester-hills-2026,extended,,date_expires,,2027-03-04,seed
2026-10-04,nm-mi-romeo-2026,adopted,2026-01-26,,,,seed
2026-10-04,nm-mi-saginaw-2026,adopted,2026-01-12,,,,seed
2026-10-04,nm-mi-saginaw-2026,extended,,date_expires,,2026-12-31,seed
2026-10-04,nm-mi-saline-city-2026,adopted,2026-01-12,,,,seed
2026-10-04,nm-mi-saugatuck-township-2026,adopted,2026-02-11,,,,seed
2026-10-04,nm-mi-saugatuck-township-2026,extended,,date_expires,,2026-10-31,seed
2026-10-04,nm-mi-sault-ste-marie-tribe-of-chippewa-indian-2026,adopted,2026-04-07,,,,seed
2026-10-04,nm-mi-sharon-township-2026,adopted,2026-02-05,,,,seed
2026-10-04,nm-mi-sherman-township-2026,adopted,2026-06-09,,,,seed
2026-10-04,nm-mi-solon-township-kent-county-2026,adopted,2026-02-09,,,,seed
2026-10-04,nm-mi-solon-township-kent-county-2026,extended,,date_expires,,2027-02-10,seed
2026-10-04,nm-mi-south-lyon-undated,adopted,2026-02-09,,,,seed
2026-10-04,nm-mi-springfield-township-2025,adopted,2025-12-11,,,,seed
2026-10-04,nm-mi-springfield-township-2025,extended,,date_expires,,2026-12-10,seed
2026-10-04,nm-mi-sterling-heights-2026,adopted,2026-02-04,,,,seed
2026-10-04,nm-mi-stockbridge-township-ingham-county-2026,adopted,2026-03-16,,,,seed
2026-10-04,nm-mi-stronach-township-manistee-county-2026,adopted,2026-06-10,,,,seed
2026-10-04,nm-mi-stronach-township-manistee-county-2026,extended,,date_expires,,2026-12-31,seed
2026-10-04,nm-mi-superior-charter-township-2026,adopted,2026-01-20,,,,seed
2026-10-04,nm-mi-sylvan-township-2026,adopted,2026-01-13,,,,seed
2026-10-04,nm-mi-sylvan-township-2026,extended,,date_expires,,2027-07-14,seed
2026-10-04,nm-mi-taylor-undated,adopted,2026-01-20,,,,seed
2026-10-04,nm-mi-texas-township-2026,adopted,2026-06-22,,,,seed
2026-10-04,nm-mi-tyrone-township-2025,adopted,2025-12-02,,,,seed
2026-10-04,nm-mi-tyrone-township-2025,extended,,date_expires,,2027-02-19,seed
2026-10-04,nm-mi-utica-2026,adopted,2026-01,,,,seed
2026-10-04,nm-mi-utica-2026,extended,,date_expires,,,seed
2026-10-04,nm-mi-warren-2026,adopted,2026-08-25,,,,seed
2026-10-04,nm-mi-washington-township-2026,adopted,2026-05-20,,,,seed
2026-10-04,nm-mi-waterford-township-2026,adopted,2026-03-23,,,,seed
2026-10-04,nm-mi-waterford-township-2026,expired,2026-10-01,,,,seed
2026-10-04,nm-mi-watertown-township-2026,adopted,2026-05-18,,,,seed
2026-10-04,nm-mi-webster-township-2026,adopted,2026-04-21,,,,seed
2026-10-04,nm-mi-wheeler-township-gratiot-county-2026,adopted,2026-07-14,,,,seed
2026-10-04,nm-mi-white-lake-township-2026,adopted,2026-02-17,,,,seed
2026-10-04,nm-mi-white-lake-township-2026,extended,,date_expires,,2027-02-12,seed
2026-10-04,nm-mi-williams-charter-township-2026,adopted,2026-05-12,,,,seed
2026-10-04,nm-mi-williamstown-township-2026,adopted,2026-02-11,,,,seed
2026-10-04,nm-mi-wisner-township-undated,adopted,2026-02,,,,seed
2026-10-04,nm-mi-wisner-township-undated,extended,,date_expires,,2027-02-17,seed
2026-10-04,nm-mi-wixom-2026,adopted,2026-03-24,,,,seed
2026-10-04,nm-mi-wixom-2026,replaced,,,,,seed
2026-10-04,nm-mi-york-township-2026,adopted,2026-03-10,,,,seed
2026-10-04,nm-mi-york-township-2026,extended,,date_expires,,2027-03-13,seed
2026-10-04,nm-mi-ypsilanti-2026,adopted,2026-03-03,,,,seed
2026-10-04,nm-mi-ypsilanti-community-utilities-authority-2026,adopted,2026-04-22,,,,seed
2026-10-04,nm-mi-ypsilanti-township-2026,adopted,2026-08-18,,,,seed
2026-10-04,nm-mi-zeeland-charter-township-2026,adopted,2026-09-01,,,,seed
2026-10-04,nm-mi-zeeland-charter-township-2026-2,adopted,2026-03-03,,,,seed
2026-10-04,nm-mi-zeeland-charter-township-2026-2,lifted,,,,,seed
2026-10-04,nm-mn-bemidji-2026,adopted,2026-09-14,,,,seed
2026-10-04,nm-mn-blue-earth-county-2026,adopted,2026-08-25,,,,seed
2026-10-04,nm-mn-carlton-county-2026,adopted,2026-08-24,,,,seed
2026-10-04,nm-mn-carver-2026,adopted,2026-04-06,,,,seed
2026-10-04,nm-mn-chisago-county-2026,adopted,2026-08-05,,,,seed
2026-10-04,nm-mn-city-of-apple-valley-2026,adopted,2026-07-09,,,,seed
2026-10-04,nm-mn-city-of-elko-new-market-2026,adopted,2026-05-14,,,,seed
2026-10-04,nm-mn-eagan-2026,adopted,2026-02-17,,,,seed
2026-10-04,nm-mn-elk-river-2026,adopted,2026-08-03,,,,seed
2026-10-04,nm-mn-freeborn-county-2025,adopted,2025-08-19,,,,seed
2026-10-04,nm-mn-freeborn-county-2025,extended,,date_expires,,2027-08-19,seed
2026-10-04,nm-mn-hastings-2026,adopted,2026-08-17,,,,seed
2026-10-04,nm-mn-inver-grove-heights-2026,adopted,2026-06-26,,,,seed
2026-10-04,nm-mn-le-sueur-county-2026,adopted,2026-05-26,,,,seed
2026-10-04,nm-mn-lonsdale-2026,adopted,2026-04-30,,,,seed
2026-10-04,nm-mn-mankato-2026,adopted,2026-07-13,,,,seed
2026-10-04,nm-mn-minneapolis-2026,adopted,2026-06-25,,,,seed
2026-10-04,nm-mn-minnetrista-2026,adopted,2026-08-03,,,,seed
2026-10-04,nm-mn-north-branch-undated,adopted,2026-07,,,,seed
2026-10-04,nm-mn-north-mankato-2026,adopted,2026-09-21,,,,seed
2026-10-04,nm-mn-otsego-2026,adopted,2026-07-27,,,,seed
2026-10-04,nm-mn-pine-county-2026,adopted,2026-07,,,,seed
2026-10-04,nm-mn-pine-county-2026,extended,,date_expires,,,seed
2026-10-04,nm-mn-plymouth-2026,adopted,2026-09-08,,,,seed
2026-10-04,nm-mn-rice-undated,proposed,,,,,seed
2026-10-04,nm-mn-rosemount-2026,adopted,2026-04-21,,,,seed
2026-10-04,nm-mn-st-joseph-2026,adopted,2026-06-15,,,,seed
2026-10-04,nm-mn-waite-park-undated,adopted,2026-05-04,,,,seed
2026-10-04,nm-mn-woodbury-undated,proposed,,,,,seed
2026-10-04,nm-mn-wright-county-2026,adopted,2026-05-19,,,,seed
2026-10-04,nm-mo-ava-2026,adopted,2026-07-01,,,,seed
2026-10-04,nm-mo-benton-county-2026,adopted,2026-08-10,,,,seed
2026-10-04,nm-mo-benton-county-2026,extended,,date_expires,,2027-02-06,seed
2026-10-04,nm-mo-cedar-county-2026,adopted,2026-09-08,,,,seed
2026-10-04,nm-mo-city-of-camdenton-2026,adopted,2026-05-05,,,,seed
2026-10-04,nm-mo-city-of-columbia-2026,adopted,2026-05-18,,,,seed
2026-10-04,nm-mo-city-of-independence-2026,adopted,2026-07-06,,,,seed
2026-10-04,nm-mo-city-of-neosho-2026,adopted,2026-07-07,,,,seed
2026-10-04,nm-mo-city-of-springfield-2026,adopted,2026-06-29,,,,seed
2026-10-04,nm-mo-city-of-st-joseph-2026,adopted,2026-07-20,,,,seed
2026-10-04,nm-mo-city-of-st-peters-2026,adopted,2026-05-14,,,,seed
2026-10-04,nm-mo-jackson-county-2026,adopted,2026-06-22,,,,seed
2026-10-04,nm-mo-marion-county-2026,adopted,2026-06-15,,,,seed
2026-10-04,nm-mo-marion-county-2026,replaced,,,,,seed
2026-10-04,nm-mo-nodaway-county-2026,adopted,2026-07-21,,,,seed
2026-10-04,nm-mo-oak-grove-2026,adopted,2026-08-03,,,,seed
2026-10-04,nm-mo-pacific-2026,adopted,2026-08-04,,,,seed
2026-10-04,nm-mo-palmyra-2026,adopted,2026-09-03,,,,seed
2026-10-04,nm-mo-peculiar-2024,adopted,2024-08-19,,,,seed
2026-10-04,nm-mo-peculiar-2024,replaced,,,,,seed
2026-10-04,nm-mo-ralls-county-2026,adopted,2026-08-23,,,,seed
2026-10-04,nm-mo-st-charles-2025,adopted,2025-08-22,,,,seed
2026-10-04,nm-mo-st-charles-2025,replaced,,,,,seed
2026-10-04,nm-mo-st-charles-county-2026,adopted,2026-07-13,,,,seed
2026-10-04,nm-mo-stone-county-2026,adopted,2026-06-04,,,,seed
2026-10-04,nm-mo-webster-county-2026,adopted,2026-06-16,,,,seed
2026-10-04,nm-ms-city-of-jackson-2026,adopted,2026-07-14,,,,seed
2026-10-04,nm-mt-butte-silver-bow-undated,proposed,,,,,seed
2026-10-04,nm-mt-missoula-county-2026,adopted,2026-07-09,,,,seed
2026-10-04,nm-nc-alamance-county-2026,adopted,2026-08-17,,,,seed
2026-10-04,nm-nc-apex-2026,adopted,2026-04-14,,,,seed
2026-10-04,nm-nc-beaufort-county-undated,proposed,,,,,seed
2026-10-04,nm-nc-boone-2026,adopted,2026-03-23,,,,seed
2026-10-04,nm-nc-brevard-2026,adopted,2026-03-16,,,,seed
2026-10-04,nm-nc-brevard-2026,replaced,,,,,seed
2026-10-04,nm-nc-camden-county-2026,adopted,2026-08-03,,,,seed
2026-10-04,nm-nc-canton-2026,adopted,2026-02-11,,,,seed
2026-10-04,nm-nc-charlotte-2026,adopted,2026-06-08,,,,seed
2026-10-04,nm-nc-chatham-county-2026,adopted,2026-02-11,,,,seed
2026-10-04,nm-nc-cherokee-county-2023,adopted,2023-10-02,,,,seed
2026-10-04,nm-nc-cherokee-county-2023,expired,2024-10-01,,,,seed
2026-10-04,nm-nc-city-of-asheville-2026,adopted,2026-06-23,,,,seed
2026-10-04,nm-nc-city-of-boiling-spring-lakes-2026,adopted,2026-06-02,,,,seed
2026-10-04,nm-nc-city-of-greensboro-2026,adopted,2026-08-18,,,,seed
2026-10-04,nm-nc-city-of-hendersonville-undated,adopted,2026-09-03,,,,seed
2026-10-04,nm-nc-city-of-mount-airy-2026,adopted,2026-07-16,,,,seed
2026-10-04,nm-nc-city-of-mount-airy-2026,extended,,date_expires,,2026-12-13,seed
2026-10-04,nm-nc-city-of-raleigh-undated,proposed,,,,,seed
2026-10-04,nm-nc-city-of-southport-2026,adopted,2026-09-10,,,,seed
2026-10-04,nm-nc-city-of-statesville-2026,adopted,2026-09-14,,,,seed
2026-10-04,nm-nc-city-of-whiteville-2026,adopted,2026-08-25,,,,seed
2026-10-04,nm-nc-city-of-wilson-2026,adopted,2026-05-21,,,,seed
2026-10-04,nm-nc-clyde-2026,adopted,2026-04-16,,,,seed
2026-10-04,nm-nc-cumberland-county-2026,adopted,2026-06-15,,,,seed
2026-10-04,nm-nc-davie-county-2026,adopted,2026-07-06,,,,seed
2026-10-04,nm-nc-durham-2026,adopted,2026-05-04,,,,seed
2026-10-04,nm-nc-durham-2026,extended,,date_expires,,2027-05-03,seed
2026-10-04,nm-nc-durham-county-2026,adopted,2026-08-24,,,,seed
2026-10-04,nm-nc-edgecombe-county-2026,adopted,2026-08-03,,,,seed
2026-10-04,nm-nc-gates-county-2025,adopted,2025-12-17,,,,seed
2026-10-04,nm-nc-guilford-county-undated,proposed,,,,,seed
2026-10-04,nm-nc-halifax-county-undated,proposed,,,,,seed
2026-10-04,nm-nc-harnett-county-2026,adopted,2026-05-04,,,,seed
2026-10-04,nm-nc-jackson-county-2026,adopted,2026-08-18,,,,seed
2026-10-04,nm-nc-kings-mountain-2026,adopted,2026-02-24,,,,seed
2026-10-04,nm-nc-kings-mountain-2026,extended,,date_expires,,2027-08-25,seed
2026-10-04,nm-nc-lincolnton-2026,adopted,2026-09-03,,,,seed
2026-10-04,nm-nc-madison-county-2023,adopted,2023-06-13,,,,seed
2026-10-04,nm-nc-madison-county-2023,expired,2024-06-12,,,,seed
2026-10-04,nm-nc-mcdowell-county-2026-2,adopted,2026-08-31,,,,seed
2026-10-04,nm-nc-nash-county-2026,adopted,2026-09-08,,,,seed
2026-10-04,nm-nc-northampton-county-2026,adopted,2026-05-04,,,,seed
2026-10-04,nm-nc-orange-county-2026,adopted,2026-04-21,,,,seed
2026-10-04,nm-nc-pasquotank-county-2026,adopted,2026-05-18,,,,seed
2026-10-04,nm-nc-rowan-county-2026,adopted,2026-04-20,,,,seed
2026-10-04,nm-nc-surry-county-2026,adopted,2026-06-01,,,,seed
2026-10-04,nm-nc-surry-county-2026,extended,,date_expires,,2028-07-20,seed
2026-10-04,nm-nc-swain-county-2026,adopted,2026-04-21,,,,seed
2026-10-04,nm-nc-town-of-bailey-2026,adopted,2026-05-18,,,,seed
2026-10-04,nm-nc-town-of-cary-2026,adopted,2026-08-27,,,,seed
2026-10-04,nm-nc-town-of-elizabethtown-undated,proposed,,,,,seed
2026-10-04,nm-nc-town-of-farmville-2026,adopted,2026-08-03,,,,seed
2026-10-04,nm-nc-town-of-franklin-2026,adopted,2026-07-06,,,,seed
2026-10-04,nm-nc-town-of-garner-2026,adopted,2026-05-19,,,,seed
2026-10-04,nm-nc-town-of-highlands-2026,adopted,2026-08-20,,,,seed
2026-10-04,nm-nc-town-of-hildebran-2026,adopted,2026-08-24,,,,seed
2026-10-04,nm-nc-town-of-hillsborough-2026,adopted,2026-05-27,,,,seed
2026-10-04,nm-nc-town-of-hillsborough-2026,extended,,date_expires,,2027-05-27,seed
2026-10-04,nm-nc-town-of-holly-springs-2026,adopted,2026-06-16,,,,seed
2026-10-04,nm-nc-town-of-hot-springs-2026,adopted,2026-07-13,,,,seed
2026-10-04,nm-nc-town-of-mayodan-2026,adopted,2026-05-11,,,,seed
2026-10-04,nm-nc-town-of-mayodan-2026,replaced,,,,,seed
2026-10-04,nm-nc-town-of-nashville-2026,adopted,2026-08-04,,,,seed
2026-10-04,nm-nc-town-of-newport-2026,adopted,2026-09,,,,seed
2026-10-04,nm-nc-town-of-spring-hope-2026,adopted,2026-05-04,,,,seed
2026-10-04,nm-nc-town-of-waxhaw-2026,adopted,2026-08-11,,,,seed
2026-10-04,nm-nc-town-of-whitakers-undated,adopted,2026-06-01,,,,seed
2026-10-04,nm-nc-town-of-woodfin-2026,adopted,2026-05-19,,,,seed
2026-10-04,nm-nc-vance-county-2026,adopted,2026-09-14,,,,seed
2026-10-04,nm-nc-warren-county-2026,adopted,2026-08-19,,,,seed
2026-10-04,nm-nc-watauga-county-2026,adopted,2026-04-21,,,,seed
2026-10-04,nm-nc-wendell-2026,adopted,2026-04-13,,,,seed
2026-10-04,nm-nc-yadkin-county-2026,adopted,2026-08-17,,,,seed
2026-10-04,nm-nd-barnes-county-2026,adopted,2026-05-19,,,,seed
2026-10-04,nm-nd-dunn-county-2026,adopted,2026-03-18,,,,seed
2026-10-04,nm-nd-harmony-township-undated,proposed,,,,,seed
2026-10-04,nm-nd-mercer-county-2026,adopted,2026-03-03,,,,seed
2026-10-04,nm-nd-mercer-county-2026,replaced,,,,,seed
2026-10-04,nm-nd-morton-county-2024,adopted,2024-09-12,,,,seed
2026-10-04,nm-nd-morton-county-2024,replaced,,,,,seed
2026-10-04,nm-nd-oliver-county-2024-p1,adopted,2024-12-12,,,,seed
2026-10-04,nm-nd-oliver-county-2024-p1,lifted,,,,,seed
2026-10-04,nm-nd-oliver-county-2025-p2,adopted,2025-05-06,,,,seed
2026-10-04,nm-nd-oliver-county-2025-p2,expired,2025-08-04,,,,seed
2026-10-04,nm-nd-oliver-county-2026-p3,adopted,2026-03-13,,,,seed
2026-10-04,nm-nd-oliver-county-2026-p3,lifted,,,,,seed
2026-10-04,nm-nd-williams-county-2023,adopted,2023-06-20,,,,seed
2026-10-04,nm-nd-williams-county-2023,replaced,,,,,seed
2026-10-04,nm-ne-box-butte-county-2026,adopted,2026,,,,seed
2026-10-04,nm-ne-broken-bow-2026,adopted,2026-07-14,,,,seed
2026-10-04,nm-ne-butler-county-2026,adopted,2026-03-16,,,,seed
2026-10-04,nm-ne-cass-county-2026,adopted,2026-08-11,,,,seed
2026-10-04,nm-ne-cherry-county-2026,adopted,2026-07-14,,,,seed
2026-10-04,nm-ne-custer-county-2026,adopted,2026-03-31,,,,seed
2026-10-04,nm-ne-custer-county-2026,expired,2026-09-30,,,,seed
2026-10-04,nm-ne-dundy-county-2025,adopted,2025-06,,,,seed
2026-10-04,nm-ne-dundy-county-2025,extended,,date_expires,,,seed
2026-10-04,nm-ne-gage-county-2026,adopted,2026-09-16,,,,seed
2026-10-04,nm-ne-gage-county-2026,extended,,date_expires,,2027-09-16,seed
2026-10-04,nm-ne-garfield-county-undated,proposed,,,,,seed
2026-10-04,nm-ne-harlan-county-2026,adopted,2026,,,,seed
2026-10-04,nm-ne-hayes-county-2026,adopted,2026,,,,seed
2026-10-04,nm-ne-hitchcock-county-2025,adopted,2025-02-03,,,,seed
2026-10-04,nm-ne-hitchcock-county-2025,replaced,,,,,seed
2026-10-04,nm-ne-hitchcock-county-undated,proposed,,,,,seed
2026-10-04,nm-ne-johnson-county-2026,adopted,2026,,,,seed
2026-10-04,nm-ne-kearney-county-2026,adopted,2026,,,,seed
2026-10-04,nm-ne-logan-county-2026,adopted,2026-07-15,,,,seed
2026-10-04,nm-ne-mcpherson-county-2026,adopted,2026-06-10,,,,seed
2026-10-04,nm-ne-otoe-county-2026,adopted,2026-05-19,,,,seed
2026-10-04,nm-ne-red-willow-county-2025,adopted,2025-09-22,,,,seed
2026-10-04,nm-ne-red-willow-county-2025,extended,,date_expires,,2027-09-22,seed
2026-10-04,nm-ne-seward-county-2026,adopted,2026-06-30,,,,seed
2026-10-04,nm-nh-bow-2026,adopted,2026-09-17,,,,seed
2026-10-04,nm-nh-town-of-nottingham-undated,adopted,2026-09-08,,,,seed
2026-10-04,nm-nj-asbury-park-2026,adopted,2026-06-10,,,,seed
2026-10-04,nm-nj-galloway-township-2026,adopted,2026-07-14,,,,seed
2026-10-04,nm-nj-mullica-township-undated,proposed,,,,,seed
2026-10-04,nm-nj-sayreville-2026,adopted,2026-07-20,,,,seed
2026-10-04,nm-nm-colfax-county-2026,adopted,2026-08-25,,,,seed
2026-10-04,nm-nm-grant-county-undated,proposed,,,,,seed
2026-10-04,nm-nm-rio-communities-2026,adopted,2026-08-26,,,,seed
2026-10-04,nm-nm-santa-fe-county-2026,adopted,2026-06-30,,,,seed
2026-10-04,nm-nm-sierra-county-2026,adopted,2026-07-21,,,,seed
2026-10-04,nm-nm-socorro-county-2026,adopted,2026-06-09,,,,seed
2026-10-04,nm-nv-humboldt-county-2026,adopted,2026-07-06,,,,seed
2026-10-04,nm-nv-nye-county-2026,adopted,2026-06-02,,,,seed
2026-10-04,nm-nv-reno-2026,adopted,2026-06-01,,,,seed
2026-10-04,nm-nv-reno-2026,extended,,date_expires,,2027-08-31,seed
2026-10-04,nm-nv-wells-2026,adopted,2026-06-23,,,,seed
2026-10-04,nm-nv-wells-2026,extended,,date_expires,,2027-06-23,seed
2026-10-04,nm-nv-white-pine-county-2026,adopted,2026-07-22,,,,seed
2026-10-04,nm-ny-bethlehem-2026,adopted,2026-06-24,,,,seed
2026-10-04,nm-ny-buffalo-undated,proposed,,,,,seed
2026-10-04,nm-ny-canton-2026,adopted,2026-07-08,,,,seed
2026-10-04,nm-ny-clay-2026,adopted,2026-06-29,,,,seed
2026-10-04,nm-ny-dryden-2024,adopted,2024-07-31,,,,seed
2026-10-04,nm-ny-dryden-2024,replaced,,,,,seed
2026-10-04,nm-ny-east-greenbush-2026,adopted,2026-07-15,,,,seed
2026-10-04,nm-ny-enfield-undated,proposed,,,,,seed
2026-10-04,nm-ny-islip-2026,adopted,2026-08-11,,,,seed
2026-10-04,nm-ny-leray-2026,adopted,2026-08-13,,,,seed
2026-10-04,nm-ny-lewiston-2026,adopted,2026-04-13,,,,seed
2026-10-04,nm-ny-lysander-2026,adopted,2026-05-07,,,,seed
2026-10-04,nm-ny-mamakating-undated,proposed,,,,,seed
2026-10-04,nm-ny-manlius-2026,adopted,2026-07-09,,,,seed
2026-10-04,nm-ny-mohawk-montgomery-county-2026,adopted,2026-08-13,,,,seed
2026-10-04,nm-ny-newfield-2026,adopted,2026-07-09,,,,seed
2026-10-04,nm-ny-north-tonawanda-2024,adopted,2024-07-16,,,,seed
2026-10-04,nm-ny-north-tonawanda-2024,extended,,date_expires,,2027-07-16,seed
2026-10-04,nm-ny-oneonta-2026,adopted,2026-05-15,,,,seed
2026-10-04,nm-ny-perth-2026,adopted,2026-06-04,,,,seed
2026-10-04,nm-ny-potsdam-undated,proposed,,,,,seed
2026-10-04,nm-ny-tonawanda-2026,adopted,2026-08-03,,,,seed
2026-10-04,nm-ny-town-of-brookhaven-2026,adopted,2026-07-16,,,,seed
2026-10-04,nm-ny-town-of-clifton-park-2026,adopted,2026-07-07,,,,seed
2026-10-04,nm-ny-town-of-east-fishkill-2026,adopted,2026-06-25,,,,seed
2026-10-04,nm-ny-town-of-highland-2026,adopted,2026-06-09,,,,seed
2026-10-04,nm-ny-town-of-orangetown-2026,adopted,2026-08-25,,,,seed
2026-10-04,nm-ny-town-of-salina-2026,adopted,2026-05-27,,,,seed
2026-10-04,nm-ny-town-of-southeast-2026,adopted,2026-05-21,,,,seed
2026-10-04,nm-ny-town-of-southeast-2026,extended,,date_expires,,2026-11-17,seed
2026-10-04,nm-ny-town-of-thurston-2026,adopted,2026-05-20,,,,seed
2026-10-04,nm-ny-town-of-tyre-2026,adopted,2026-07-22,,,,seed
2026-10-04,nm-ny-town-of-van-buren-2026,adopted,2026-06-03,,,,seed
2026-10-04,nm-oh-ada-2026,adopted,2026-04-07,,,,seed
2026-10-04,nm-oh-ada-2026,extended,,date_expires,,2027-09-01,seed
2026-10-04,nm-oh-alliance-2026,adopted,2026-07-06,,,,seed
2026-10-04,nm-oh-amherst-undated,proposed,,,,,seed
2026-10-04,nm-oh-archbold-2026,adopted,2026-04-06,,,,seed
2026-10-04,nm-oh-archbold-2026,extended,,date_expires,,2027-04-06,seed
2026-10-04,nm-oh-ashtabula-township-2026,adopted,2026-06-10,,,,seed
2026-10-04,nm-oh-ashville-2025,adopted,2025-12-22,,,,seed
2026-10-04,nm-oh-ashville-2025,extended,,date_expires,,2027-01-02,seed
2026-10-04,nm-oh-athens-2026,adopted,2026-08-03,,,,seed
2026-10-04,nm-oh-athens-township-athens-county-2026,adopted,2026-08-01,,,,seed
2026-10-04,nm-oh-aurora-2026,adopted,2026-06-30,,,,seed
2026-10-04,nm-oh-avon-2026,adopted,2026-04-14,,,,seed
2026-10-04,nm-oh-avon-lake-2026,adopted,2026-06-22,,,,seed
2026-10-04,nm-oh-barberton-2025,adopted,2025-11-10,,,,seed
2026-10-04,nm-oh-bazetta-township-2026,adopted,2026-05-12,,,,seed
2026-10-04,nm-oh-bellevue-2026,adopted,2026-06-08,,,,seed
2026-10-04,nm-oh-berea-2026,adopted,2026-06-15,,,,seed
2026-10-04,nm-oh-blanchester-2026,adopted,2026-03-12,,,,seed
2026-10-04,nm-oh-boardman-township-2026,adopted,2026-04-28,,,,seed
2026-10-04,nm-oh-boston-heights-2025,adopted,2025-11-12,,,,seed
2026-10-04,nm-oh-boston-heights-2025,extended,,date_expires,,2026-11-12,seed
2026-10-04,nm-oh-braceville-township-2026,adopted,2026-06-02,,,,seed
2026-10-04,nm-oh-bridgewater-township-williams-county-2026,adopted,2026-09,,,,seed
2026-10-04,nm-oh-brimfield-township-2026,adopted,2026-04-20,,,,seed
2026-10-04,nm-oh-broadview-heights-2026,adopted,2026-06-22,,,,seed
2026-10-04,nm-oh-brooklyn-2026,adopted,2026-06,,,,seed
2026-10-04,nm-oh-buckeye-lake-2026,adopted,2026-07-27,,,,seed
2026-10-04,nm-oh-bucyrus-2026,adopted,2026-05-04,,,,seed
2026-10-04,nm-oh-butler-county-2026,adopted,2026-06-16,,,,seed
2026-10-04,nm-oh-canton-township-2026,adopted,2026-04-09,,,,seed
2026-10-04,nm-oh-carrollton-2026,adopted,2026-05-27,,,,seed
2026-10-04,nm-oh-chillicothe-2026,adopted,2026-08-24,,,,seed
2026-10-04,nm-oh-chillicothe-2026,lifted,,,,,seed
2026-10-04,nm-oh-cincinnati-2026,adopted,2026-02,,,,seed
2026-10-04,nm-oh-cincinnati-2026,extended,,date_expires,,2027-02-11,seed
2026-10-04,nm-oh-city-of-hubbard-2026,adopted,2026-06-01,,,,seed
2026-10-04,nm-oh-clay-township-montgomery-county-2026,adopted,2026-04-07,,,,seed
2026-10-04,nm-oh-clayton-2026,adopted,2026-07-16,,,,seed
2026-10-04,nm-oh-clearcreek-township-warren-county-2026,adopted,2026-07-27,,,,seed
2026-10-04,nm-oh-cleveland-2026,adopted,2026-07-15,,,,seed
2026-10-04,nm-oh-clinton-2026,adopted,2026-06-16,,,,seed
2026-10-04,nm-oh-commercial-point-2026,adopted,2026-05-04,,,,seed
2026-10-04,nm-oh-cortland-2026,adopted,2026-06-01,,,,seed
2026-10-04,nm-oh-defiance-undated,adopted,2026-09-01,,,,seed
2026-10-04,nm-oh-eastlake-2025,adopted,2025-11-25,,,,seed
2026-10-04,nm-oh-ellsworth-township-2026,adopted,2026-06-10,,,,seed
2026-10-04,nm-oh-fairborn-2022,adopted,2022-09-06,,,,seed
2026-10-04,nm-oh-fairborn-2022,expired,2023-03-05,,,,seed
2026-10-04,nm-oh-fairborn-2026,adopted,2026-08-17,,,,seed
2026-10-04,nm-oh-fairfield-township-butler-county-2026,adopted,2026-09-08,,,,seed
2026-10-04,nm-oh-fayette-county-2026,adopted,2026-09-21,,,,seed
2026-10-04,nm-oh-findlay-2026,adopted,2026-04-21,,,,seed
2026-10-04,nm-oh-freedom-township-portage-county-2026,adopted,2026-03-19,,,,seed
2026-10-04,nm-oh-freedom-township-wood-county-2026,adopted,2026-01,,,,seed
2026-10-04,nm-oh-garrettsville-2026,adopted,2026-08-12,,,,seed
2026-10-04,nm-oh-geneva-2026,adopted,2026-06-08,,,,seed
2026-10-04,nm-oh-girard-undated,adopted,2026-07-13,,,,seed
2026-10-04,nm-oh-grafton-2026,adopted,2026-05-19,,,,seed
2026-10-04,nm-oh-green-township-harrison-county-2026,adopted,2026-07-14,,,,seed
2026-10-04,nm-oh-grove-city-2026,adopted,2026-06-01,,,,seed
2026-10-04,nm-oh-hamilton-township-warren-county-2026,adopted,2026-05-20,,,,seed
2026-10-04,nm-oh-henry-township-wood-county-2026,adopted,2026,,,,seed
2026-10-04,nm-oh-howland-township-2026,adopted,2026-06-10,,,,seed
2026-10-04,nm-oh-hubbard-township-2026,adopted,2026-02-10,,,,seed
2026-10-04,nm-oh-hudson-2026,adopted,2026-07-14,,,,seed
2026-10-04,nm-oh-ironton-2026,adopted,2026-02-12,,,,seed
2026-10-04,nm-oh-jackson-2026,adopted,2026-07-13,,,,seed
2026-10-04,nm-oh-jackson-township-clermont-county-2026,adopted,2026-03-02,,,,seed
2026-10-04,nm-oh-jackson-township-franklin-county-2026,adopted,2026-05-12,,,,seed
2026-10-04,nm-oh-jefferson-2026,adopted,2026-08-17,,,,seed
2026-10-04,nm-oh-jerome-township-2025,adopted,2025-09-03,,,,seed
2026-10-04,nm-oh-jerome-township-2025,replaced,,,,,seed
2026-10-04,nm-oh-kent-2026,adopted,2026-04-15,,,,seed
2026-10-04,nm-oh-lake-township-2026,adopted,2026-03-03,,,,seed
2026-10-04,nm-oh-lake-township-stark-county-2026,adopted,2026-04-27,,,,seed
2026-10-04,nm-oh-lake-township-stark-county-2026,extended,,date_expires,,2026-10-24,seed
2026-10-04,nm-oh-lakeview-2026,adopted,2026-05-04,,,,seed
2026-10-04,nm-oh-liberty-township-wood-county-2026,adopted,2026,,,,seed
2026-10-04,nm-oh-lima-2026,adopted,2026-09-14,,,,seed
2026-10-04,nm-oh-lordstown-2026,adopted,2026-01-05,,,,seed
2026-10-04,nm-oh-lordstown-2026,extended,,date_expires,,2027-01-01,seed
2026-10-04,nm-oh-madison-township-lake-county-2026,adopted,2026-05-28,,,,seed
2026-10-04,nm-oh-massillon-2026,adopted,2026-04-06,,,,seed
2026-10-04,nm-oh-massillon-2026,replaced,,,,,seed
2026-10-04,nm-oh-maumee-2026,adopted,2026-02-02,,,,seed
2026-10-04,nm-oh-mayfield-village-2026,adopted,2026-06-22,,,,seed
2026-10-04,nm-oh-mcdonald-2026,adopted,2026-09-16,,,,seed
2026-10-04,nm-oh-miamisburg-2026,adopted,2026-09-01,,,,seed
2026-10-04,nm-oh-middleburg-heights-2026,adopted,2026-06-23,,,,seed
2026-10-04,nm-oh-middlefield-2026,adopted,2026-07-09,,,,seed
2026-10-04,nm-oh-monclova-township-2026,adopted,2026-02-17,,,,seed
2026-10-04,nm-oh-monroe-township-adams-county-2026,adopted,2026-03,,,,seed
2026-10-04,nm-oh-monroeville-2026,adopted,2026-02-24,,,,seed
2026-10-04,nm-oh-montgomery-township-2026,adopted,2026-06-17,,,,seed
2026-10-04,nm-oh-morgan-township-butler-county-2026,adopted,2026-03,,,,seed
2026-10-04,nm-oh-mount-gilead-2026,adopted,2026-08-17,,,,seed
2026-10-04,nm-oh-mount-orab-2026,adopted,2026-03-03,,,,seed
2026-10-04,nm-oh-mount-orab-2026,extended,,date_expires,,2026-08-30,seed
2026-10-04,nm-oh-muhlenberg-township-pickaway-county-2026,adopted,2026-02-02,,,,seed
2026-10-04,nm-oh-new-carlisle-2026,adopted,2026-02-17,,,,seed
2026-10-04,nm-oh-new-franklin-2026,adopted,2026-05-20,,,,seed
2026-10-04,nm-oh-newton-falls-2026,adopted,2026-09-02,,,,seed
2026-10-04,nm-oh-niles-2026,adopted,2026-05-20,,,,seed
2026-10-04,nm-oh-north-perry-2026,adopted,2026-06-04,,,,seed
2026-10-04,nm-oh-north-ridgeville-2026,adopted,2026-05-18,,,,seed
2026-10-04,nm-oh-north-royalton-2026,adopted,2026-07-21,,,,seed
2026-10-04,nm-oh-northfield-center-township-2026,adopted,2026-09-08,,,,seed
2026-10-04,nm-oh-northwest-township-williams-county-2026,adopted,2026-09,,,,seed
2026-10-04,nm-oh-norton-2025,adopted,2025-12-01,,,,seed
2026-10-04,nm-oh-norton-2025,replaced,,,,,seed
2026-10-04,nm-oh-ontario-2026,adopted,2026-05-06,,,,seed
2026-10-04,nm-oh-painesville-township-2026,adopted,2026-05-12,,,,seed
2026-10-04,nm-oh-paris-township-union-county-2026,adopted,2026-02,,,,seed
2026-10-04,nm-oh-paris-township-union-county-2026,replaced,,,,,seed
2026-10-04,nm-oh-perry-township-lake-county-2026,adopted,2026-07-28,,,,seed
2026-10-04,nm-oh-perry-undated,proposed,,,,,seed
2026-10-04,nm-oh-pierce-township-2026,adopted,2026-02-11,,,,seed
2026-10-04,nm-oh-pierce-township-2026,extended,,date_expires,,2027-05-31,seed
2026-10-04,nm-oh-pioneer-2026,adopted,2026-09-14,,,,seed
2026-10-04,nm-oh-plain-city-undated,adopted,2026-08-10,,,,seed
2026-10-04,nm-oh-plain-township-2026,adopted,2026-03-24,,,,seed
2026-10-04,nm-oh-plain-township-wood-county-2026,adopted,2026-03,,,,seed
2026-10-04,nm-oh-pleasant-township-franklin-county-2026,adopted,2026-02-24,,,,seed
2026-10-04,nm-oh-portage-township-wood-county-2026,adopted,2026-03,,,,seed
2026-10-04,nm-oh-prairie-township-franklin-county-2026,adopted,2026-04-15,,,,seed
2026-10-04,nm-oh-prairie-township-franklin-county-2026,extended,,date_expires,,2026-10-15,seed
2026-10-04,nm-oh-providence-township-2026,adopted,2026-04-15,,,,seed
2026-10-04,nm-oh-ravenna-2026,adopted,2026-04-20,,,,seed
2026-10-04,nm-oh-richfield-2026,adopted,2026-03-03,,,,seed
2026-10-04,nm-oh-richfield-2026,extended,,date_expires,,2027-03-02,seed
2026-10-04,nm-oh-richfield-township-2026,adopted,2026-02-17,,,,seed
2026-10-04,nm-oh-rittman-2026,adopted,2026-04-13,,,,seed
2026-10-04,nm-oh-scioto-township-2026,adopted,2026-03-05,,,,seed
2026-10-04,nm-oh-shalersville-township-2025,adopted,2025-11,,,,seed
2026-10-04,nm-oh-shalersville-township-2025,extended,,date_expires,,2026-11-01,seed
2026-10-04,nm-oh-shawnee-township-2026,adopted,2026-04-13,,,,seed
2026-10-04,nm-oh-south-bloomfield-2025,adopted,2025-12-15,,,,seed
2026-10-04,nm-oh-south-bloomfield-2025,replaced,,,,,seed
2026-10-04,nm-oh-south-point-2026,adopted,2026-05-12,,,,seed
2026-10-04,nm-oh-spencer-township-2026,adopted,2026-03-05,,,,seed
2026-10-04,nm-oh-sprigg-township-2026,adopted,2026-03-02,,,,seed
2026-10-04,nm-oh-springfield-2026,adopted,2026-07-14,,,,seed
2026-10-04,nm-oh-st-bernard-undated,proposed,,,,,seed
2026-10-04,nm-oh-st-clair-township-butler-county-2026,adopted,2026-05-05,,,,seed
2026-10-04,nm-oh-st-marys-2026,adopted,2026-06-22,,,,seed
2026-10-04,nm-oh-streetsboro-2026,adopted,2026-04-27,,,,seed
2026-10-04,nm-oh-sunbury-2026,adopted,2026-04-15,,,,seed
2026-10-04,nm-oh-sunbury-2026,extended,,date_expires,,2027-01-31,seed
2026-10-04,nm-oh-swancreek-township-fulton-county-2026,adopted,2026-05,,,,seed
2026-10-04,nm-oh-tallmadge-2026,adopted,2026-04-13,,,,seed
2026-10-04,nm-oh-tallmadge-2026,extended,,date_expires,,,seed
2026-10-04,nm-oh-tiffin-2026,adopted,2026-04-20,,,,seed
2026-10-04,nm-oh-trenton-township-delaware-county-2026,adopted,2026-04-01,,,,seed
2026-10-04,nm-oh-twinsburg-2026,adopted,2026-04-14,,,,seed
2026-10-04,nm-oh-upper-sandusky-2026,adopted,2026-07,,,,seed
2026-10-04,nm-oh-urbana-2026,adopted,2026-03-03,,,,seed
2026-10-04,nm-oh-vandalia-2026,adopted,2026-04-20,,,,seed
2026-10-04,nm-oh-vermilion-2026,adopted,2026-04-20,,,,seed
2026-10-04,nm-oh-vermilion-2026,extended,,date_expires,,2027-03-23,seed
2026-10-04,nm-oh-vermilion-township-erie-county-2026,adopted,2026-03-04,,,,seed
2026-10-04,nm-oh-vienna-township-2026,adopted,2026-02-17,,,,seed
2026-10-04,nm-oh-vienna-township-2026,extended,,date_expires,,2026-10-16,seed
2026-10-04,nm-oh-warren-2026,adopted,2026-09-09,,,,seed
2026-10-04,nm-oh-washington-township-2025,adopted,2025-12-09,,,,seed
2026-10-04,nm-oh-washington-township-2025,extended,,date_expires,,2026-09-05,seed
2026-10-04,nm-oh-washington-township-2025,expired,2026-09-05,,,,seed
2026-10-04,nm-oh-washington-township-montgomery-county-2026,adopted,2026-04-20,,,,seed
2026-10-04,nm-oh-washington-township-pickaway-county-2026,adopted,2026-06,,,,seed
2026-10-04,nm-oh-washington-township-stark-county-2026,adopted,2026-04-06,,,,seed
2026-10-04,nm-oh-waterville-2025,adopted,2025-12-08,,,,seed
2026-10-04,nm-oh-waterville-2025,expired,2026-06-06,,,,seed
2026-10-04,nm-oh-waterville-township-2025,adopted,2025-12-17,,,,seed
2026-10-04,nm-oh-waynesville-2026,adopted,2026-05-04,,,,seed
2026-10-04,nm-oh-waynesville-2026,extended,,date_expires,,2026-10-31,seed
2026-10-04,nm-oh-weathersfield-township-2026,adopted,2026-04-30,,,,seed
2026-10-04,nm-oh-weathersfield-township-2026,extended,,date_expires,,2027-04-25,seed
2026-10-04,nm-oh-wellington-2026,adopted,2026-03-16,,,,seed
2026-10-04,nm-oh-westlake-2026,adopted,2026-09-03,,,,seed
2026-10-04,nm-oh-westlake-2026,extended,,date_expires,,2027-03-02,seed
2026-10-04,nm-oh-weston-township-wood-county-2026,adopted,2026,,,,seed
2026-10-04,nm-oh-wickliffe-2026,adopted,2026-06-22,,,,seed
2026-10-04,nm-oh-williamsburg-2026,adopted,2026-03-12,,,,seed
2026-10-04,nm-oh-williamsburg-township-2026,adopted,2026-01-26,,,,seed
2026-10-04,nm-oh-williamsburg-township-2026,extended,,date_expires,,2027-01-25,seed
2026-10-04,nm-oh-willoughby-2026,adopted,2026-07-14,,,,seed
2026-10-04,nm-oh-windham-township-portage-county-2026,adopted,2026-05,,,,seed
2026-10-04,nm-oh-xenia-2026,adopted,2026-06-25,,,,seed
2026-10-04,nm-oh-yellow-springs-2026,adopted,2026-05-18,,,,seed
2026-10-04,nm-ok-broken-arrow-2026,adopted,2026-06-15,,,,seed
2026-10-04,nm-ok-choctaw-2026,adopted,2026-07-21,,,,seed
2026-10-04,nm-ok-edmond-2026,adopted,2026-06-08,,,,seed
2026-10-04,nm-ok-luther-2026,adopted,2026-06-17,,,,seed
2026-10-04,nm-ok-norman-2026,adopted,2026-06-23,,,,seed
2026-10-04,nm-ok-oklahoma-city-2026,adopted,2026-04-21,,,,seed
2026-10-04,nm-ok-pawhuska-2026,adopted,2026-04-14,,,,seed
2026-10-04,nm-ok-seminole-nation-of-oklahoma-2026,banned,2026-03-07,,,,seed
2026-10-04,nm-ok-shawnee-2026,adopted,2026-08-17,,,,seed
2026-10-04,nm-ok-tulsa-2026,adopted,2026-03-25,,,,seed
2026-10-04,nm-or-city-of-hillsboro-2026,adopted,2026-07-27,,,,seed
2026-10-04,nm-or-clackamas-county-undated,proposed,,,,,seed
2026-10-04,nm-or-salem-2026,adopted,2026-09-21,,,,seed
2026-10-04,nm-or-woodburn-2026,adopted,2026-09-14,,,,seed
2026-10-04,nm-pa-adams-township-butler-county-2026,adopted,2026-07-13,,,,seed
2026-10-04,nm-pa-bensalem-township-2026,adopted,2026-06-08,,,,seed
2026-10-04,nm-pa-brookville-borough-2026,adopted,2026-06-16,,,,seed
2026-10-04,nm-pa-buffalo-township-2026,adopted,2026-08-12,,,,seed
2026-10-04,nm-pa-butler-township-2026,adopted,2026-05-12,,,,seed
2026-10-04,nm-pa-center-township-2026,adopted,2026-06-10,,,,seed
2026-10-04,nm-pa-clinton-township-wayne-county-2026,adopted,2026-04-30,,,,seed
2026-10-04,nm-pa-conewago-township-york-county-2026,adopted,2026-07-07,,,,seed
2026-10-04,nm-pa-dorrance-township-2025,adopted,2025-08-11,,,,seed
2026-10-04,nm-pa-dorrance-township-2025,replaced,,,,,seed
2026-10-04,nm-pa-doylestown-township-2026,adopted,2026-06-16,,,,seed
2026-10-04,nm-pa-east-whiteland-township-2026,adopted,2026-03,,,,seed
2026-10-04,nm-pa-falls-township-2026,adopted,2026-07-27,,,,seed
2026-10-04,nm-pa-gregg-township-union-county-2026,adopted,2026-08-20,,,,seed
2026-10-04,nm-pa-hazle-township-2026,adopted,2026-06-08,,,,seed
2026-10-04,nm-pa-little-britain-township-2026,adopted,2026-07-14,,,,seed
2026-10-04,nm-pa-lycoming-county-2026,adopted,2026-06-18,,,,seed
2026-10-04,nm-pa-montour-county-2025,adopted,2025-11-18,,,,seed
2026-10-04,nm-pa-montour-county-2025,replaced,,,,,seed
2026-10-04,nm-pa-morrisville-borough-2026,adopted,2026-07-21,,,,seed
2026-10-04,nm-pa-mount-carmel-township-2026,adopted,2026-05-18,,,,seed
2026-10-04,nm-pa-muncy-township-2026,adopted,2026-04-28,,,,seed
2026-10-04,nm-pa-smithfield-township-2026,adopted,2026-05-06,,,,seed
2026-10-04,nm-pa-smithfield-township-2026,replaced,,,,,seed
2026-10-04,nm-pa-upper-burrell-township-2026,adopted,2026-05,,,,seed
2026-10-04,nm-pa-warrington-township-2026,adopted,2026-05-13,,,,seed
2026-10-04,nm-pa-west-mahanoy-township-2026,adopted,2026-09-15,,,,seed
2026-10-04,nm-pa-west-whiteland-township-2026,adopted,2026-05,,,,seed
2026-10-04,nm-pa-williamsport-2026,adopted,2026-07-09,,,,seed
2026-10-04,nm-ri-westerly-2026,adopted,2026-07-27,,,,seed
2026-10-04,nm-sc-anderson-county-2026,adopted,2026-08-18,,,,seed
2026-10-04,nm-sc-chester-county-2026,adopted,2026-07-20,,,,seed
2026-10-04,nm-sc-chesterfield-county-2026,adopted,2026-06-01,,,,seed
2026-10-04,nm-sc-clarendon-county-2026,adopted,2026-09-14,,,,seed
2026-10-04,nm-sc-colleton-county-2026,adopted,2026-07-06,,,,seed
2026-10-04,nm-sc-colleton-county-2026,replaced,,,,,seed
2026-10-04,nm-sc-fairfield-county-2026,adopted,2026-09-14,,,,seed
2026-10-04,nm-sc-greenwood-county-2026,adopted,2026-07-21,,,,seed
2026-10-04,nm-sc-jasper-county-2026,adopted,2026-09-21,,,,seed
2026-10-04,nm-sc-kershaw-county-2026,adopted,2026-09-22,,,,seed
2026-10-04,nm-sc-laurens-county-2026,adopted,2026-09-14,,,,seed
2026-10-04,nm-sc-mount-pleasant-undated,proposed,,,,,seed
2026-10-04,nm-sc-newberry-county-2026,adopted,2026-06-05,,,,seed
2026-10-04,nm-sc-orangeburg-county-2026,adopted,2026-09-08,,,,seed
2026-10-04,nm-sc-spartanburg-county-2026,adopted,2026-09-21,,,,seed
2026-10-04,nm-sc-sumter-county-2026,adopted,2026-08-11,,,,seed
2026-10-04,nm-sc-york-county-2026,adopted,2026-07-13,,,,seed
2026-10-04,nm-sc-york-county-2026,extended,,date_expires,,2027-04-09,seed
2026-10-04,nm-sd-aberdeen-2026,adopted,2026-07-20,,,,seed
2026-10-04,nm-sd-yankton-county-2026,adopted,2026-07-21,,,,seed
2026-10-04,nm-state-az-hb-4168-2026,adopted,2026-07-01,,,,seed
2026-10-04,nm-state-ny-executive-order-no-62-2026,adopted,2026-07-14,,,,seed
2026-10-04,nm-state-ny-s6486d-a7389c-2021-2022-enacted,adopted,2022-11-22,,,,seed
2026-10-04,nm-state-tx-abbott-2026-08-03-data-center-audit-directive,adopted,2026-08-03,,,,seed
2026-10-04,nm-tn-anderson-county-2026,adopted,2026-06-15,,,,seed
2026-10-04,nm-tn-blount-county-undated,proposed,,,,,seed
2026-10-04,nm-tn-bristol-2025,adopted,2025-10-24,,,,seed
2026-10-04,nm-tn-carter-county-2026,adopted,2026-08-17,,,,seed
2026-10-04,nm-tn-cedar-hill-2026,adopted,2026-06-01,,,,seed
2026-10-04,nm-tn-charleston-2026,adopted,2026-09-08,,,,seed
2026-10-04,nm-tn-clinton-2026,adopted,2026-06-22,,,,seed
2026-10-04,nm-tn-cocke-county-2026,adopted,2026-06-15,,,,seed
2026-10-04,nm-tn-coffee-county-2026,adopted,2026-06-09,,,,seed
2026-10-04,nm-tn-crossville-undated,adopted,2026-08-11,,,,seed
2026-10-04,nm-tn-cumberland-county-2026,adopted,2026-06-15,,,,seed
2026-10-04,nm-tn-dickson-county-2026,adopted,2026-07-20,,,,seed
2026-10-04,nm-tn-gallatin-undated,proposed,,,,,seed
2026-10-04,nm-tn-grundy-county-2026,adopted,2026-05-18,,,,seed
2026-10-04,nm-tn-hamblen-county-undated,proposed,,,,,seed
2026-10-04,nm-tn-johnson-city-2025,adopted,2025-06-05,,,,seed
2026-10-04,nm-tn-johnson-city-2025,extended,,date_expires,,2026-12-03,seed
2026-10-04,nm-tn-jonesborough-2025,adopted,2025-10-13,,,,seed
2026-10-04,nm-tn-jonesborough-2025,replaced,,,,,seed
2026-10-04,nm-tn-kingston-springs-2026,adopted,2026-08-20,,,,seed
2026-10-04,nm-tn-knox-county-2026,adopted,2026-06-22,,,,seed
2026-10-04,nm-tn-knoxville-2026,adopted,2026-07-07,,,,seed
2026-10-04,nm-tn-lafollette-2026,adopted,2026-08-04,,,,seed
2026-10-04,nm-tn-loudon-2026,adopted,2026-08-24,,,,seed
2026-10-04,nm-tn-loudon-county-2026,adopted,2026-06-29,,,,seed
2026-10-04,nm-tn-maury-county-2026,adopted,2026-07-20,,,,seed
2026-10-04,nm-tn-mcminnville-2026,adopted,2026-06-03,,,,seed
2026-10-04,nm-tn-mcminnville-2026,extended,,date_expires,,2027-11-30,seed
2026-10-04,nm-tn-memphis-undated,proposed,,,,,seed
2026-10-04,nm-tn-moore-county-2026,adopted,2026-04-20,,,,seed
2026-10-04,nm-tn-moore-county-2026,extended,,date_expires,,2028-04-19,seed
2026-10-04,nm-tn-morgan-county-2026,adopted,2026-06-12,,,,seed
2026-10-04,nm-tn-nashville-davidson-county-2026,adopted,2026-07-24,,,,seed
2026-10-04,nm-tn-paris-2026,adopted,2026-07,,,,seed
2026-10-04,nm-tn-rhea-county-2026,adopted,2026-07-21,,,,seed
2026-10-04,nm-tn-roane-county-undated,proposed,,,,,seed
2026-10-04,nm-tn-sevierville-undated,adopted,2026-08-17,,,,seed
2026-10-04,nm-tn-shelbyville-2026,adopted,2026-07-07,,,,seed
2026-10-04,nm-tn-smithville-undated,adopted,2026-08-03,,,,seed
2026-10-04,nm-tn-sparta-2026,adopted,2026-07-16,,,,seed
2026-10-04,nm-tn-spring-city-2026,adopted,2026-07-30,,,,seed
2026-10-04,nm-tn-sullivan-county-2025,adopted,2026-01,,,,seed
2026-10-04,nm-tn-sullivan-county-2025,extended,,date_expires,,,seed
2026-10-04,nm-tn-trousdale-county-undated,proposed,,,,,seed
2026-10-04,nm-tn-unincorporated-hamilton-county-2026,adopted,2026-07-15,,,,seed
2026-10-04,nm-tn-warren-county-2026,adopted,2026-06-22,,,,seed
2026-10-04,nm-tn-washington-county-2026,adopted,2026-03-23,,,,seed
2026-10-04,nm-tn-white-county-2026,adopted,2026-07-20,,,,seed
2026-10-04,nm-tn-wilson-county-2026,adopted,2026-07-20,,,,seed
2026-10-04,nm-tx-austin-county-2026,adopted,2026-07-27,,,,seed
2026-10-04,nm-tx-brownsville-undated,proposed,,,,,seed
2026-10-04,nm-tx-denton-undated,proposed,,,,,seed
2026-10-04,nm-tx-fort-worth-undated,proposed,,,,,seed
2026-10-04,nm-tx-harlingen-2026,adopted,2026-05-20,,,,seed
2026-10-04,nm-tx-harlingen-2026,extended,,date_expires,,2026-12-16,seed
2026-10-04,nm-tx-hays-county-2026,adopted,2026-06-23,,,,seed
2026-10-04,nm-tx-hill-county-2026,adopted,2026-05-12,,,,seed
2026-10-04,nm-tx-hill-county-2026,lifted,,,,,seed
2026-10-04,nm-tx-lavon-2026,adopted,2026-08-07,,,,seed
2026-10-04,nm-tx-lubbock-undated,proposed,,,,,seed
2026-10-04,nm-ut-box-elder-county-2026,adopted,2026-06-10,,,,seed
2026-10-04,nm-ut-cache-county-2026,adopted,2026-06-23,,,,seed
2026-10-04,nm-ut-clearfield-2026,adopted,2026-09-08,,,,seed
2026-10-04,nm-ut-grand-county-2026,adopted,2026-07-07,,,,seed
2026-10-04,nm-ut-iron-county-2026,adopted,2026-05-26,,,,seed
2026-10-04,nm-ut-logan-2026,adopted,2026-06-30,,,,seed
2026-10-04,nm-ut-milford-2026,adopted,2026-06-16,,,,seed
2026-10-04,nm-ut-sanpete-county-2026,adopted,2026-08-04,,,,seed
2026-10-04,nm-ut-wayne-county-2026,adopted,2026-07-08,,,,seed
2026-10-04,nm-va-city-of-chesapeake-2026,adopted,2026-07-21,,,,seed
2026-10-04,nm-va-fluvanna-county-2025,adopted,2025-09-17,,,,seed
2026-10-04,nm-va-fluvanna-county-2025,replaced,,,,,seed
2026-10-04,nm-va-front-royal-2026,adopted,2026-07-06,,,,seed
2026-10-04,nm-va-loudoun-county-2026,adopted,2026-09-16,,,,seed
2026-10-04,nm-va-suffolk-undated,proposed,,,,,seed
2026-10-04,nm-va-virginia-beach-2026,adopted,2026-08-18,,,,seed
2026-10-04,nm-vt-morristown-2026,adopted,2026-08-31,,,,seed
2026-10-04,nm-wa-burien-2026,adopted,2026-06-29,,,,seed
2026-10-04,nm-wa-cle-elum-2026,adopted,2026-07-31,,,,seed
2026-10-04,nm-wa-east-wenatchee-2018,adopted,2018-03-27,,,,seed
2026-10-04,nm-wa-east-wenatchee-2018,replaced,,,,,seed
2026-10-04,nm-wa-federal-way-2026,adopted,2026-07-07,,,,seed
2026-10-04,nm-wa-kittitas-county-2026,adopted,2026-08-10,,,,seed
2026-10-04,nm-wa-kittitas-county-2026,extended,,date_expires,,2027-08-10,seed
2026-10-04,nm-wa-la-conner-2026,adopted,2026-07-28,,,,seed
2026-10-04,nm-wa-lincoln-county-2026,adopted,2026-09,,,,seed
2026-10-04,nm-wa-marysville-2026,adopted,2026-07-13,,,,seed
2026-10-04,nm-wa-moses-lake-2018,adopted,2018-05,,,,seed
2026-10-04,nm-wa-moses-lake-2018,replaced,,,,,seed
2026-10-04,nm-wa-mount-vernon-2026,adopted,2026-08-12,,,,seed
2026-10-04,nm-wa-pasco-undated,adopted,2026-07-20,,,,seed
2026-10-04,nm-wa-pierce-county-2026,adopted,2026-08-25,,,,seed
2026-10-04,nm-wa-port-angeles-2026,adopted,2026-09-01,,,,seed
2026-10-04,nm-wa-renton-2026,adopted,2026-08-17,,,,seed
2026-10-04,nm-wa-seattle-2026,adopted,2026-06-09,,,,seed
2026-10-04,nm-wa-seattle-2026-2,adopted,2026-06-09,,,,seed
2026-10-04,nm-wa-skagit-county-2026,adopted,2026-06-01,,,,seed
2026-10-04,nm-wa-skamania-county-2026,adopted,2026-08-18,,,,seed
2026-10-04,nm-wa-snohomish-county-2026,adopted,2026-06-24,,,,seed
2026-10-04,nm-wa-spokane-2026,adopted,2026-06-23,,,,seed
2026-10-04,nm-wa-spokane-county-2026,adopted,2026-08-18,,,,seed
2026-10-04,nm-wa-wenatchee-2018,adopted,2018-02-22,,,,seed
2026-10-04,nm-wa-wenatchee-2018,replaced,,,,,seed
2026-10-04,nm-wa-yakima-county-2026,adopted,2026-08-11,,,,seed
2026-10-04,nm-wi-baldwin-undated,adopted,2026-06,,,,seed
2026-10-04,nm-wi-beetown-2026,adopted,2026-04-17,,,,seed
2026-10-04,nm-wi-bellevue-2026,adopted,2026-08-12,,,,seed
2026-10-04,nm-wi-bellevue-2026,extended,,date_expires,,2027-08-12,seed
2026-10-04,nm-wi-cassville-2026,adopted,2026-04-16,,,,seed
2026-10-04,nm-wi-chippewa-county-2026,adopted,2026-08-11,,,,seed
2026-10-04,nm-wi-city-of-sheboygan-2026,adopted,2026-07-20,,,,seed
2026-10-04,nm-wi-city-of-superior-2026,adopted,2026-06-16,,,,seed
2026-10-04,nm-wi-dane-county-2026,adopted,2026-06-04,,,,seed
2026-10-04,nm-wi-dodge-county-2026,adopted,2026-08-18,,,,seed
2026-10-04,nm-wi-door-county-2026,adopted,2026-05-26,,,,seed
2026-10-04,nm-wi-grant-county-2026,adopted,2026-06-16,,,,seed
2026-10-04,nm-wi-green-county-2026,adopted,2026-07-14,,,,seed
2026-10-04,nm-wi-greenville-2026,adopted,2026-07-13,,,,seed
2026-10-04,nm-wi-hampden-2026,adopted,2026-05-26,,,,seed
2026-10-04,nm-wi-hampden-2026-2,adopted,2026-05-26,,,,seed
2026-10-04,nm-wi-janesville-rock-county-town-2026,adopted,2026-08-03,,,,seed
2026-10-04,nm-wi-la-crosse-2026,adopted,2026-08-13,,,,seed
2026-10-04,nm-wi-la-crosse-county-2026,adopted,2026-06-18,,,,seed
2026-10-04,nm-wi-madison-2026,adopted,2026-01-24,,,,seed
2026-10-04,nm-wi-manitowoc-county-2026,adopted,2026-04-28,,,,seed
2026-10-04,nm-wi-marathon-county-2026,adopted,2026-08-25,,,,seed
2026-10-04,nm-wi-middleton-2026,adopted,2026-06-16,,,,seed
2026-10-04,nm-wi-milwaukee-undated,proposed,,,,,seed
2026-10-04,nm-wi-monroe-county-2026,adopted,2026-07-21,,,,seed
2026-10-04,nm-wi-oneida-county-2026,adopted,2026-08-18,,,,seed
2026-10-04,nm-wi-oneida-county-2026,extended,,date_expires,,2027-08-18,seed
2026-10-04,nm-wi-oshkosh-2026,adopted,2026-09-08,,,,seed
2026-10-04,nm-wi-polk-county-2026,adopted,2026-08-18,,,,seed
2026-10-04,nm-wi-sauk-county-2026,adopted,2026-09-15,,,,seed
2026-10-04,nm-wi-sawyer-county-2026,adopted,2026-08,,,,seed
2026-10-04,nm-wi-shawano-county-2026,adopted,2026-06-24,,,,seed
2026-10-04,nm-wi-st-croix-county-2026,adopted,2026-09-01,,,,seed
2026-10-04,nm-wi-tigerton-2026,adopted,2026-09-15,,,,seed
2026-10-04,nm-wi-town-of-new-denmark-2026,adopted,2026-06-08,,,,seed
2026-10-04,nm-wi-vilas-county-undated,proposed,,,,,seed
2026-10-04,nm-wi-village-of-ashwaubenon-2026,adopted,2026-06-23,,,,seed
2026-10-04,nm-wi-village-of-cottage-grove-2026,adopted,2026-07-20,,,,seed
2026-10-04,nm-wi-village-of-hobart-2026,adopted,2026-07-07,,,,seed
2026-10-04,nm-wi-village-of-wrightstown-2026,adopted,2026-07-07,,,,seed
2026-10-04,nm-wi-westport-2026,adopted,2026-04-06,,,,seed
2026-10-04,nm-wi-winnebago-county-2026,adopted,2026-08-18,,,,seed
2026-10-08,add-al-cullman-2026,added,,,,pending,
2026-10-08,add-az-aps-2024,added,2024-01-01,,,active,
2026-10-08,add-az-flagstaff-2026,added,,,,pending,
2026-10-08,add-ca-alhambra-2026,added,,,,pending,
2026-10-08,add-ca-calipatria-2026,added,,,,pending,
2026-10-08,add-ca-coachella-2026,added,2026-08-26,,,active,
2026-10-08,add-ca-irwindale-2026,added,2026-09-09,,,active,
2026-10-08,add-ca-losangelescounty-2026,added,,,,pending,
2026-10-08,add-ca-montereypark-2026,added,2026-04-20,,,active,
2026-10-08,add-ca-perris-2026,added,,,,pending,
2026-10-08,add-ca-siliconvalleypower-2023,added,2023,,,active,
2026-10-08,add-co-longmont-2026,added,2026-06-09,,,active,
2026-10-08,add-co-weldcounty-2026,added,2026-04-06,,,active,
2026-10-08,add-ct-groton-2023,added,2023-06-27,,,active,
2026-10-08,add-de-psc-delmarva-2025,added,2025-09-03,,,active,
2026-10-08,add-fl-crestview-2026,added,2026-09-28,,,active,
2026-10-08,add-fl-holmescounty-2026,added,,,,pending,
2026-10-08,add-fl-palmettobay-2026,added,,,,pending,
2026-10-08,add-fl-volusia-county-2026,added,2026-08-25,,,pending,
2026-10-08,add-ga-atlanta-2024,added,2024-09-03,,,active,
2026-10-08,add-ga-chattahoochee-hills-2026,added,2026-09-01,,,active,
2026-10-08,add-ga-fayetteville-2026,added,2026-03-05,,,active,
2026-10-08,add-ga-griffin-2026,added,2026-05-26,,,active,
2026-10-08,add-ga-marietta-blw-2026,added,2026-09-03,,,active,
2026-10-08,add-il-lisle-2026,added,2026-06-01,,,active,
2026-10-08,add-in-casscounty-2026,added,2026-04-21,,,active,
2026-10-08,add-in-marshallcounty-2026,added,2026-04-20,,,active,
2026-10-08,add-in-vanderburgh-county-2026,added,2026-08,,,active,
2026-10-08,add-ks-browncounty-2026,added,2026-08,,,active,
2026-10-08,add-ks-el-dorado-2026,added,,,,pending,
2026-10-08,add-ks-emporia-2026,added,,,,pending,
2026-10-08,add-ks-mcphersoncounty-2026,added,2026-08-31,,,active,
2026-10-08,add-ks-ottawa-2026,added,,,,pending,
2026-10-08,add-ky-georgetown-2026-ban,added,2026-09-29,,,pending,
2026-10-08,add-ma-boston-2026,added,,,,pending,
2026-10-08,add-ma-east-bridgewater-2026,added,,,,pending,
2026-10-08,add-ma-mansfield-2026,added,2026-05-05,,,active,
2026-10-08,add-ma-millis-2026,added,2026-05-04,,,active,
2026-10-08,add-ma-salem-2026,added,,,,pending,
2026-10-08,add-ma-wilmington-2026,added,,,,pending,
2026-10-08,add-md-federalsburg-2026,added,2026-09-09,,,active,
2026-10-08,add-me-biddeford-2026,added,,,,pending,
2026-10-08,add-me-brewer-2026,added,2026-04-28,,,active,
2026-10-08,add-me-eastport-2026,added,2026-09-09,,,active,
2026-10-08,add-me-north-berwick-2026,added,,,,pending,
2026-10-08,add-mi-lake-isabella-2026,added,2026-08-18,,,active,
2026-10-08,add-mi-saultstemarietribe-2026,added,2026-01,,,active,
2026-10-08,add-mo-fenton-2026,added,2026-04-23,,,active,
2026-10-08,add-mo-peculiar-2024,added,,,,active,
2026-10-08,add-mo-stcharles-2026,added,2026-05-20,,,active,
2026-10-08,add-mt-flatheadelectric-2018,added,2018-02-21,,,expired,
2026-10-08,add-nc-claycounty-2026,added,2026-01-08,,,active,
2026-10-08,add-nc-claycounty-crypto-2022,added,2022-08-04,,,active,
2026-10-08,add-nc-mcdowellcounty-2024,added,2024-01-08,,,active,
2026-10-08,add-nc-murphy-2024,added,2024-08-12,,,active,
2026-10-08,add-nc-waynesville-2023,added,2023-11-28,,,active,
2026-10-08,add-nh-canterbury-2026,added,2026-03-10,,,active,
2026-10-08,add-nj-alexandria-township-2026,added,2026,,,active,
2026-10-08,add-nj-allamuchy-2026,added,2026-06-24,,,active,
2026-10-08,add-nj-alpha-2026,added,2026-05-12,,,active,
2026-10-08,add-nj-andover-township-2026,added,2026-05-28,,,active,
2026-10-08,add-nj-bass-river-2026,added,2026-07-13,,,active,
2026-10-08,add-nj-berkeley-heights-2026,added,2026-07-21,,,active,
2026-10-08,add-nj-bernards-2026,added,2026-06-23,,,active,
2026-10-08,add-nj-bethlehem-township-2026,added,,,,pending,
2026-10-08,add-nj-brick-2026,added,,,,pending,
2026-10-08,add-nj-burlington-twp-2026,added,2026-06-09,,,active,
2026-10-08,add-nj-carlstadt-2026,added,2026-09-16,,,active,
2026-10-08,add-nj-carneys-point-2026,added,2026-07-15,,,active,
2026-10-08,add-nj-cherry-hill-2026,added,2026-07-27,,,active,
2026-10-08,add-nj-chesterfield-2026,added,2026-07-23,,,active,
2026-10-08,add-nj-clark-2026,added,2026-08-17,,,active,
2026-10-08,add-nj-clementon-2026,added,2026-07-21,,,active,
2026-10-08,add-nj-collingswood-2026,added,2026-08-03,,,active,
2026-10-08,add-nj-commercial-township-2026,added,2026-08-20,,,active,
2026-10-08,add-nj-cranbury-2026,added,,,,pending,
2026-10-08,add-nj-cresskill-2026,added,2026-08-12,,,active,
2026-10-08,add-nj-deerfield-2026,added,2026-06-03,,,active,
2026-10-08,add-nj-delanco-2026,added,2026-07-13,,,active,
2026-10-08,add-nj-delaware-township-2026,added,2026,,,active,
2026-10-08,add-nj-east-brunswick-2026,added,2026-08-24,,,active,
2026-10-08,add-nj-east-greenwich-2026,added,2026-05-26,,,active,
2026-10-08,add-nj-east-rutherford-2026,added,2026-06-16,,,active,
2026-10-08,add-nj-east-windsor-2026,added,2026-06,,,active,
2026-10-08,add-nj-edgewater-park-2026,added,,,,active,
2026-10-08,add-nj-elk-township-2026,added,2026-04-21,,,active,
2026-10-08,add-nj-estell-manor-2026,added,,,,pending,
2026-10-08,add-nj-ewing-2026,added,,,,pending,
2026-10-08,add-nj-franklin-gloucester-2026,added,2026-05-12,,,active,
2026-10-08,add-nj-franklin-sussex-2026,added,,,,pending,
2026-10-08,add-nj-glassboro-2026,added,2026-09-08,,,active,
2026-10-08,add-nj-gloucester-twp-2026,added,2026-09-14,,,active,
2026-10-08,add-nj-green-township-2026,added,2026-05-18,,,active,
2026-10-08,add-nj-greenwich-gloucester-2026,added,2026-05-18,,,active,
2026-10-08,add-nj-greenwich-township-warren-2026,added,2026-05-21,,,active,
2026-10-08,add-nj-hackettstown-2026,added,,,,pending,
2026-10-08,add-nj-hainesport-2026,added,2026-07-14,,,active,
2026-10-08,add-nj-hamilton-atlantic-2026,added,2026-07-06,,,active,
2026-10-08,add-nj-hampton-township-2026,added,2026-06-29,,,active,
2026-10-08,add-nj-hardyston-2026,added,2026-06-24,,,active,
2026-10-08,add-nj-harrison-gloucester-2026,added,2026-05-18,,,active,
2026-10-08,add-nj-holland-township-2026,added,2026-07-21,,,active,
2026-10-08,add-nj-holmdel-2026,added,2026-08-11,,,active,
2026-10-08,add-nj-howell-2026,added,2026-08-18,,,active,
2026-10-08,add-nj-jackson-2026,added,2026-08-25,,,active,
2026-10-08,add-nj-jersey-city-2026,added,2026-08-19,,,active,
2026-10-08,add-nj-kingwood-2026,added,2026-07-02,,,active,
2026-10-08,add-nj-knowlton-township-2026,added,2026-06-08,,,active,
2026-10-08,add-nj-lawrence-mercer-2026,added,,,,pending,
2026-10-08,add-nj-lebanon-township-2026,added,2026-07-08,,,active,
2026-10-08,add-nj-leonia-2026,added,2026-07-20,,,active,
2026-10-08,add-nj-liberty-township-2026,added,2026-03-05,,,active,
2026-10-08,add-nj-linden-2026,added,,,,pending,
2026-10-08,add-nj-logan-2026,added,2026-04-21,,,active,
2026-10-08,add-nj-manchester-2026,added,2026-09-14,,,active,
2026-10-08,add-nj-mannington-2026,added,2026-03-05,,,active,
2026-10-08,add-nj-mansfield-burlington-2026,added,2026-07-15,,,active,
2026-10-08,add-nj-mansfield-township-warren-2026,added,2026-06-24,,,active,
2026-10-08,add-nj-medford-2026,added,2026-06-23,,,active,
2026-10-08,add-nj-middletown-2026,added,,,,pending,
2026-10-08,add-nj-millburn-2026,added,,,,withdrawn,
2026-10-08,add-nj-millstone-township-2026,added,2026-09-16,,,active,
2026-10-08,add-nj-millville-2026,added,2026-05-19,,,active,
2026-10-08,add-nj-montgomery-2026,added,2026-06-18,,,active,
2026-10-08,add-nj-neptune-2026,added,2026-07-13,,,active,
2026-10-08,add-nj-new-hanover-2026,added,,,,pending,
2026-10-08,add-nj-new-providence-2026,added,2026-08-11,,,active,
2026-10-08,add-nj-north-brunswick-2026,added,2026-08-24,,,active,
2026-10-08,add-nj-north-hanover-2026,added,2026-06-04,,,active,
2026-10-08,add-nj-north-plainfield-2026,added,2026-07-13,,,active,
2026-10-08,add-nj-old-bridge-2026,added,,,,pending,
2026-10-08,add-nj-oldmans-2026,added,2026-06-10,,,active,
2026-10-08,add-nj-peapack-gladstone-2026,added,2026-08-11,,,active,
2026-10-08,add-nj-pemberton-2026,added,2026-02-18,,,active,
2026-10-08,add-nj-pennsville-2026,added,2026-07-02,,,active,
2026-10-08,add-nj-pilesgrove-2026,added,2026-05-12,,,active,
2026-10-08,add-nj-pittsgrove-2026,added,2026-05-27,,,active,
2026-10-08,add-nj-plainfield-2026,added,2026-08,,,active,
2026-10-08,add-nj-plumsted-2026,added,2026-08-05,,,active,
2026-10-08,add-nj-quinton-2026,added,2026-05-05,,,active,
2026-10-08,add-nj-raritan-township-2026,added,2026-09-15,,,active,
2026-10-08,add-nj-red-bank-2026,added,2026-06-11,,,active,
2026-10-08,add-nj-ridgefield-park-2026,added,2026-06-09,,,active,
2026-10-08,add-nj-rockaway-township-2026,added,2026-07-14,,,active,
2026-10-08,add-nj-roselle-park-2026,added,2026-06-18,,,active,
2026-10-08,add-nj-shamong-2026,added,,,,pending,
2026-10-08,add-nj-south-brunswick-2026,added,,,,pending,
2026-10-08,add-nj-south-plainfield-2026,added,,,,active,
2026-10-08,add-nj-sparta-2026,added,2026-06-23,,,active,
2026-10-08,add-nj-stafford-2026,added,2026-08-18,,,active,
2026-10-08,add-nj-summit-2026,added,2026-06-16,,,active,
2026-10-08,add-nj-union-township-2026,added,2026-06-09,,,active,
2026-10-08,add-nj-upper-pittsgrove-2026,added,2026-07-14,,,active,
2026-10-08,add-nj-upper-twp-2026,added,2026-09-14,,,active,
2026-10-08,add-nj-vernon-2026,added,2026-06-22,,,active,
2026-10-08,add-nj-warren-township-2026,added,2026-06-18,,,active,
2026-10-08,add-nj-washington-borough-2026,added,2026-04-07,,,active,
2026-10-08,add-nj-washington-twp-2026,added,2026-09-01,,,active,
2026-10-08,add-nj-washington-twp-gloucester-2026,added,2026-05-06,,,active,
2026-10-08,add-nj-waterford-2026,added,2026-04-08,,,active,
2026-10-08,add-nj-winslow-2026,added,2026-05-26,,,active,
2026-10-08,add-nj-woodstown-2026,added,2026-07-14,,,active,
2026-10-08,add-nv-nyecounty-2026,added,2026-08-18,,,active,
2026-10-08,add-ny-allegany-2026,added,2026-06-09,,,active,
2026-10-08,add-ny-danby-2026,added,2026-04-07,,,active,
2026-10-08,add-ny-dryden-2026,added,2026-02-19,,,active,
2026-10-08,add-ny-lakeplacid-2018,added,2018-05,,,expired,
2026-10-08,add-ny-lansing-2026,added,,,,pending,
2026-10-08,add-ny-massena-town-crypto-2021,added,2021-08,,,replaced,
2026-10-08,add-ny-massenaelectric-2021,added,2021-07,,,expired,
2026-10-08,add-ny-niagara-falls-crypto-2021,added,2021-12,,,expired,
2026-10-08,add-ny-plattsburgh-2018,added,2018-03-15,,,lifted,
2026-10-08,add-ny-rousespoint-2018,added,2018-05,,,expired,
2026-10-08,add-ny-schroeppel-2026,added,2026-07-14,,,active,
2026-10-08,add-ny-tupperlake-2024,added,2024-03-18,,,expired,
2026-10-08,add-oh-aepohio-2023,added,2023-03,,,lifted,
2026-10-08,add-oh-allen-twp-union-2026,added,,,,pending,
2026-10-08,add-oh-bloomfield-twp-logan-2026,added,,,,pending,
2026-10-08,add-oh-bokescreek-twp-logan-2026,added,,,,pending,
2026-10-08,add-oh-claibourne-twp-union-2026,added,,,,pending,
2026-10-08,add-oh-conneaut-2026,added,,,,pending,
2026-10-08,add-oh-darby-twp-union-2026,added,2026-05-11,,,active,
2026-10-08,add-oh-dayton-2026,added,2026-06-24,,,active,
2026-10-08,add-oh-defiance-2026,added,,,,pending,
2026-10-08,add-oh-dover-twp-union-2026,added,,,,pending,
2026-10-08,add-oh-dublin-2026,added,2026-07-01,,,active,
2026-10-08,add-oh-goshen-twp-champaign-2026,added,,,,pending,
2026-10-08,add-oh-granville-2026,added,,,,pending,
2026-10-08,add-oh-harrison-twp-logan-2026,added,2026-06-16,,,active,
2026-10-08,add-oh-hubbard-2026,added,,,,pending,
2026-10-08,add-oh-jefferson-twp-logan-2026,added,,,,pending,
2026-10-08,add-oh-leesburg-twp-union-2026,added,,,,pending,
2026-10-08,add-oh-liberty-twp-knox-2026,added,2026-09-03,,,active,
2026-10-08,add-oh-liberty-twp-logan-2026,added,2026-04-20,,,active,
2026-10-08,add-oh-liberty-twp-union-2026,added,2026-05-14,,,active,
2026-10-08,add-oh-mad-river-twp-champaign-2026,added,,,,pending,
2026-10-08,add-oh-miami-twp-logan-2026,added,,,,pending,
2026-10-08,add-oh-millcreek-twp-union-2026,added,,,,pending,
2026-10-08,add-oh-oregon-2026,added,,,,pending,
2026-10-08,add-oh-paristwp-union-2026,added,2026-04-07,,,active,
2026-10-08,add-oh-pataskala-2026,added,,,,pending,
2026-10-08,add-oh-piqua-2026,added,,,,pending,
2026-10-08,add-oh-pleasant-twp-logan-2026,added,,,,pending,
2026-10-08,add-oh-richland-twp-logan-2026,added,,,,pending,
2026-10-08,add-oh-rush-twp-champaign-2026,added,,,,pending,
2026-10-08,add-oh-sidney-2026,added,,,,pending,
2026-10-08,add-oh-st-albans-twp-2026,added,2026-03-10,,,active,
2026-10-08,add-oh-sunbury-2026,added,,,,pending,
2026-10-08,add-oh-taylor-twp-union-2026,added,2026-04-21,,,active,
2026-10-08,add-oh-trenton-2026,added,,,,pending,
2026-10-08,add-oh-union-twp-logan-2026,added,2026-06-09,,,active,
2026-10-08,add-oh-union-twp-union-2026,added,,,,pending,
2026-10-08,add-oh-upper-sandusky-2026,added,,,,pending,
2026-10-08,add-oh-urbana-2026,added,,,,pending,
2026-10-08,add-oh-washington-twp-logan-2026,added,,,,pending,
2026-10-08,add-oh-washington-twp-union-2026,added,,,,pending,
2026-10-08,add-oh-wayne-twp-champaign-2026,added,2026-04-20,,,active,
2026-10-08,add-oh-york-twp-union-2026,added,,,,pending,
2026-10-08,add-oh-zane-twp-logan-2026,added,,,,pending,
2026-10-08,add-pa-alleghenycounty-2026,added,2026-09-24,,,active,
2026-10-08,add-ri-charlestown-2026,added,2026-08-11,,,active,
2026-10-08,add-ri-cumberland-2026,added,2026-09-16,,,active,
2026-10-08,add-ri-smithfield-2026,added,2026-05-05,,,active,
2026-10-08,add-tn-brightridge-2025,added,2025-05-13,,,active,
2026-10-08,add-tn-hawkinscounty-2025,added,2025-09-22,,,active,
2026-10-08,add-tn-nashvilledavidson-2026,added,2026-07-21,,,active,
2026-10-08,add-tn-white-county-2026,added,2026-07-20,,,active,
2026-10-08,add-tx-forney-2026,added,2026-07-23,,,pending,
2026-10-08,add-tx-mesquite-2026,added,2026-07-20,,,active,
2026-10-08,add-tx-sanmarcos-2026,added,2026-06-16,,,active,
2026-10-08,add-va-dominion-2022,added,2022-07,,,lifted,
2026-10-08,add-va-suffolk-2026,added,2026-10,,,pending,
2026-10-08,add-va-virginia-beach-2026,added,2026-06,,,pending,
2026-10-08,add-va-warrenton-2025,added,2025-07-08,,,active,
2026-10-08,add-wa-arlington-2026,added,2026-06-15,,,active,
2026-10-08,add-wa-avista-2026,added,2026-06-12,,,active,
2026-10-08,add-wa-chelanpud-2014,added,2014,,,lifted,
2026-10-08,add-wa-chelanpud-2018,added,2018-03-19,,,replaced,
2026-10-08,add-wa-douglaspud-2014,added,2014,,,expired,
2026-10-08,add-wa-douglaspud-2019,added,2019-05-13,,,active,
2026-10-08,add-wa-ephrata-2018,added,2018,,,active,
2026-10-08,add-wa-franklinpud-2018,added,2018-07,,,expired,
2026-10-08,add-wa-grantpud-2017,added,2017-11,,,replaced,
2026-10-08,add-wa-grantpud-2025,added,2025-03,,,active,
2026-10-08,add-wa-lewispud-2018,added,2018-04-03,,,lifted,
2026-10-08,add-wa-masonpud3-2018,added,2018-04,,,expired,
2026-10-08,add-wa-okanoganpud-2018,added,2018-03-05,,,lifted,
2026-10-08,sweep-ca-fresno-2026,added,,,,pending,
2026-10-08,sweep-ca-imperial-county-2026,added,2026-10-06,,,active,
2026-10-08,sweep-ca-oakland-2026,added,2026-10-06,,,active,
2026-10-08,sweep-co-brighton-2026,added,2026-10-06,,,active,
2026-10-08,sweep-co-moffat-county-2026,added,,,,pending,
2026-10-08,sweep-il-chicago-2026,added,,,,pending,
2026-10-08,sweep-il-evanston-2026,added,,,,pending,
2026-10-08,sweep-il-mchenry-county-2026,added,,,,pending,
2026-10-08,sweep-in-evansville-2026,added,2026-10-05,,,active,
2026-10-08,sweep-in-gosport-2026,added,,,,pending,
2026-10-08,sweep-in-spencer-2026,added,2026-09-21,,,active,
2026-10-08,sweep-ma-ayer-2026,added,,,,pending,
2026-10-08,sweep-ma-spencer-2026,added,,,,pending,
2026-10-08,sweep-me-bucksport-2026,added,,,,pending,
2026-10-08,sweep-me-buxton-2026,added,,,,pending,
2026-10-08,sweep-me-old-town-2026,added,2026-10-05,,,active,
2026-10-08,sweep-me-paris-2026,added,2026-09-28,,,active,
2026-10-08,sweep-me-saco-2026,added,2026-08,,,extended,
2026-10-08,sweep-mi-fairgrove-township-2026,added,2026-09-21,,,active,
2026-10-08,sweep-mi-kalamazoo-2026-ord,added,2026-10-05,,,active,
2026-10-08,sweep-nc-davidson-county-2026,added,,,,pending,
2026-10-08,sweep-ny-ilion-2026,added,,,,pending,
2026-10-08,sweep-ny-plattsburgh-2026,added,,,,pending,
2026-10-08,sweep-oh-delphos-2026,added,2026-10-05,,,active,
2026-10-08,sweep-ok-cheyenne-arapaho-2026,added,2026-10-03,,,active,
2026-10-08,sweep-wi-bloomer-town-2026,added,,,,pending,
2026-10-08,sweep-wi-de-pere-2026,added,,,,pending,
2026-10-08,sweep-wi-eau-claire-county-2026,added,,,,pending,
2026-10-08,sweep-wi-wisconsin-rapids-2026,added,,,,pending,
2026-10-08,add-ky-georgetown-2026,removed,,,active,,
2026-10-08,add-co-mesa-2026,corrected,,date_expires,2027-09-30,2027-09-29,
2026-10-08,add-co-mesa-2026,corrected,,date_adopted,2026-09-30,2026-09-29,
2026-10-08,add-in-zionsville-2026,status,,status,active,pending,
2026-10-08,add-in-zionsville-2026,corrected,,duration_days,365,,
2026-10-08,add-pa-olyphant-2026,corrected,,date_expires,2026-10-12,2026-10-11,
2026-10-08,add-pa-olyphant-2026,corrected,,date_adopted,2026-04-15,2026-04-14,
2026-10-08,nm-az-pima-county-2026,extended,,date_expires,2026-12-09,2027-01-20,
2026-10-08,nm-az-pima-county-2026,corrected,,date_adopted,2026-08-11,2026-09-22,
2026-10-08,nm-ca-mendocino-county-2026,extended,,status,active,extended,
2026-10-08,nm-ca-san-francisco-undated,adopted,,status,pending,active,
2026-10-08,nm-ca-san-francisco-undated,corrected,,date_adopted,,2026-10-06,
2026-10-08,nm-ca-san-francisco-undated,corrected,,duration_days,,45,
2026-10-08,nm-ct-new-haven-undated,extended,,date_expires,2027-09-08,2027-09-22,
2026-10-08,nm-ct-new-haven-undated,corrected,,date_adopted,2026-09-08,2026-09-22,
2026-10-08,nm-fl-palm-beach-county-2026,corrected,,date_expires,,2027-09,
2026-10-08,nm-fl-palm-beach-county-2026,corrected,,date_adopted,2026-07-07,2026-09-24,
2026-10-08,nm-ga-hogansville-2026,corrected,,date_expires,,2026-12-07,
2026-10-08,nm-ga-newton-county-2026,expired,2026-10-07,status,extended,expired,
2026-10-08,nm-ia-marshall-county-undated,adopted,,status,pending,active,
2026-10-08,nm-ia-marshall-county-undated,corrected,,date_adopted,,2026-09-23,
2026-10-08,nm-in-owen-county-undated,adopted,,status,pending,active,
2026-10-08,nm-in-owen-county-undated,corrected,,date_adopted,,2026-09-22,
2026-10-08,nm-in-owen-county-undated,corrected,,duration_days,,365,
2026-10-08,nm-ks-harvey-county-2026,corrected,,date_expires,,2028-12,
2026-10-08,nm-ky-scott-county-2026,extended,,date_expires,2026-12-31,2027-03-31,
2026-10-08,nm-ma-leominster-undated,adopted,,status,pending,active,
2026-10-08,nm-ma-leominster-undated,corrected,,date_adopted,,2026-09-28,
2026-10-08,nm-md-anne-arundel-county-undated,adopted,,status,pending,active,
2026-10-08,nm-md-anne-arundel-county-undated,corrected,,date_adopted,,2026-10-05,
2026-10-08,nm-me-bangor-2026,corrected,,date_expires,,2027-03-27,
2026-10-08,nm-me-dover-foxcroft-undated,adopted,,status,pending,active,
2026-10-08,nm-me-dover-foxcroft-undated,corrected,,date_adopted,,2026-09-28,
2026-10-08,nm-me-dover-foxcroft-undated,corrected,,duration_days,,180,
2026-10-08,nm-me-eastport-2026,replaced,,status,active,replaced,
2026-10-08,nm-mi-big-rapids-charter-township-2026,corrected,,county_fips,26081,26107,
2026-10-08,nm-mi-big-rapids-charter-township-2026,corrected,,place_geoid,,2610708320,
2026-10-08,nm-mi-big-rapids-charter-township-2026,corrected,,lat,43.01344,43.68475,
2026-10-08,nm-mi-big-rapids-charter-township-2026,corrected,,lon,-85.60812,-85.53335,
2026-10-08,nm-mi-kalamazoo-2026,replaced,,status,active,replaced,
2026-10-08,nm-mi-lima-township-2025,expired,2026-06-06,status,extended,expired,
2026-10-08,nm-mn-woodbury-undated,adopted,,status,pending,active,
2026-10-08,nm-mn-woodbury-undated,corrected,,date_adopted,,2026-09-23,
2026-10-08,nm-nc-beaufort-county-undated,adopted,,status,pending,active,
2026-10-08,nm-nc-beaufort-county-undated,corrected,,date_adopted,,2026-10-05,
2026-10-08,nm-nc-beaufort-county-undated,corrected,,duration_days,,365,
2026-10-08,nm-nc-city-of-raleigh-undated,adopted,,status,pending,active,
2026-10-08,nm-nc-city-of-raleigh-undated,corrected,,date_adopted,,2026-10-06,
2026-10-08,nm-nc-city-of-raleigh-undated,corrected,,duration_days,,180,
2026-10-08,nm-ny-town-of-highland-2026,corrected,,county_fips,36111,36105,
2026-10-08,nm-ny-town-of-highland-2026,corrected,,place_geoid,3634484,3610534473,
2026-10-08,nm-ny-town-of-highland-2026,corrected,,lat,41.72198,41.52972,
2026-10-08,nm-ny-town-of-highland-2026,corrected,,lon,-73.96053,-74.89722,
2026-10-08,nm-oh-mount-orab-2026,expired,2026-08-30,status,extended,expired,
2026-10-08,nm-sc-jasper-county-2026,status,,status,active,pending,
2026-10-08,nm-va-front-royal-2026,extended,,status,active,extended,
2026-10-09,add-ca-san-joaquin-county-2026,added,2026-10-06,,,active,
2026-10-09,add-fl-volusia-county-2026-2,added,2026-08-17,,,active,
2026-10-09,nm-al-prichard-undated,corrected,,date_expires,,2027-02-04,
2026-10-09,nm-al-prichard-undated,corrected,,date_adopted,2026-08,2026-08-04,
2026-10-09,nm-ca-humboldt-county-undated,adopted,,status,pending,active,
2026-10-09,nm-ca-humboldt-county-undated,corrected,,date_adopted,,2026-10-06,
2026-10-09,nm-ca-indio-2026,extended,,date_expires,2026-10-16,2027-10-16,
2026-10-09,nm-ca-tulare-county-2026,corrected,,date_expires,,2027-08-17,
2026-10-09,nm-il-plainfield-2026,extended,,status,active,extended,
2026-10-09,nm-in-dekalb-county-2026,expired,2026-10-08,status,active,expired,
2026-10-09,nm-tn-hamblen-county-undated,adopted,,status,pending,active,
2026-10-09,nm-tn-hamblen-county-undated,corrected,,date_adopted,,2026-09-24,
2026-10-09,add-id-blaine-county-2026,added,,,,active,
2026-10-09,add-nd-durbin-township-2026,added,,,,pending,
2026-10-09,add-wa-benton-county-2026,added,,,,active,
2026-10-09,add-wa-ellensburg-2026,added,2026-10,,,active,
2026-10-09,add-ca-san-joaquin-county-2026,removed,,,active,,
2026-10-09,add-fl-volusia-county-2026-2,removed,,,active,,
2026-10-09,nm-al-prichard-undated,corrected,,date_expires,2027-02-04,,
2026-10-09,nm-al-prichard-undated,corrected,,date_adopted,2026-08-04,2026-08,
2026-10-09,nm-ca-eureka-2026,extended,,status,active,extended,
2026-10-09,nm-ca-humboldt-county-undated,status,,status,active,pending,
2026-10-09,nm-ca-humboldt-county-undated,corrected,,date_adopted,2026-10-06,,
2026-10-09,nm-ca-indio-2026,corrected,,date_expires,2027-10-16,2026-10-16,
2026-10-09,nm-ca-tulare-county-2026,corrected,,date_expires,2027-08-17,,
2026-10-09,nm-il-plainfield-2026,status,,status,extended,active,
2026-10-09,nm-in-dekalb-county-2026,status,,status,expired,active,
2026-10-09,nm-tn-hamblen-county-undated,status,,status,active,pending,
2026-10-09,nm-tn-hamblen-county-undated,corrected,,date_adopted,2026-09-24,,
