id,level,name,state,county_fips,place_geoid,lat,lon,type,scope,status,date_adopted,date_expires,duration_days,extended,summary,source_urls,upstream_id,verify,date_uncertain,last_verified,eia_id
add-al-cullman-2026,city,Cullman,AL,01043,0118976,34.17575,-86.82593,permanent ban,data center,pending,,,,false,Proposed Ordinance 2026-42 would prohibit data centers in city limits; referred to Planning Commission June 2026 alongside a 12-month moratorium (Res. 2026-116).,https://www.cullmantribune.com/2026/06/23/cullman-city-council-imposes-temporary-moratorium-on-data-centers/|https://servercountry.org/policy/alabama/,,true,false,2026-10-07,
add-az-aps-2024,utility,Arizona Public Service (APS),AZ,04013,,33.60714,-112.04729,interconnection pause,data center,active,2024-01-01,,,false,"APS says it has made no commitments to serve new data center customers since Jan 1, 2024, citing grid constraints, especially overnight supply; projects already committed continue.",https://www.kjzz.org/business/2026-09-02/aps-says-it-cant-commit-to-new-data-centers-because-of-electric-grid-constraints,,true,true,2026-10-07,803
add-az-flagstaff-2026,city,Flagstaff,AZ,04005,0423620,35.18298,-111.61289,permanent ban,data center,pending,,,,false,Planning and Zoning Commission recommended a citywide data center ban (Mar 2026); Council postponed indefinitely (May 2026) choosing between the ban and a conditional-use alternative.,https://azbex.com/local-news/flagstaff-planning-and-zoning-commission-moves-forward-with-data-center-ban/|https://azdailysun.com/news/local/business/development/flagstaff-s-planning-and-zoning-commission-endorses-data-center-ban-in-split-decision/article_1e437b68-57c1-4baa-8fd2-ce1e70ec5655.html,,true,false,2026-10-07,
add-ca-alhambra-2026,city,Alhambra,CA,06037,0600884,34.08576,-118.13442,permanent ban,data center,pending,,,,false,"Council voted 7/27/2026 to put a citywide data center ban on the Nov 3, 2026 ballot, expanding an existing prohibition in office and industrial zones.",https://laist.com/news/alhambra-ballot-measure-data-center-ban-2026,,true,false,2026-10-07,
add-ca-calexico-2026,city,Calexico,CA,06025,0609710,32.68524,-115.48717,permanent ban,data center; citywide,active,2026-09-16,,,false,"Council voted 3-0 to add Article XII to Chapter 17.11, permanently prohibiting data centers citywide; effective about 2026-10-16.",https://calexicochronicle.com/2026/09/18/calexico-enacts-permanent-data-center-ban/,,true,false,2026-10-03,
add-ca-calipatria-2026,city,Calipatria,CA,06025,0609878,33.16929,-115.49205,permanent ban,data center,pending,,,,false,"Council voted 3-2 on July 14, 2026 to advance an ordinance permanently prohibiting data centers within city limits; public hearing/adoption not yet reported.",https://kyma.com/dsw-living/data-centers/2026/07/15/calipatria-to-bring-back-vote-on-data-center-ban/|https://www.kpbs.org/news/environment/2026/08/04/after-months-of-public-outcry-imperial-valley-cities-are-hitting-the-brakes-on-data-centers,,true,false,2026-10-07,
add-ca-coachella-2026,city,Coachella,CA,06065,0614260,33.68941,-116.15336,permanent ban,data center,active,2026-08-26,,,false,Ordinance 1231 adds Chapter 17.92 permanently prohibiting data center uses citywide (accessory server/IT rooms excepted); effective 2026-09-25.,https://kesq.com/news/2026/08/25/coachella-city-council-passes-permanent-ban-on-data-centers/,,true,false,2026-10-07,
add-ca-commerce-2026,city,Commerce,CA,06037,0614974,33.99674,-118.14637,temporary moratorium,data center; land-use permits/entitlements,expired,2026-08-11,2026-09-25,45,false,45-day urgency ordinance barring approval of data center land-use permits; extension of up to 10 months 15 days was to be heard. Extension not confirmed.,https://www.commerceca.gov/Home/Components/News/News/1159/224|https://www.loscerritosnews.net/2026/08/13/commerce-halts-data-center-development-with-emergency-45-day-moratorium/|https://mynewsla.com/government/2026/08/12/city-of-commerce-approves-temporary-ban-on-data-center-development/,,true,false,2026-10-07,
add-ca-dixon-2026,city,Dixon,CA,06095,0619402,38.45615,-121.83048,temporary moratorium,"data center+battery storage; >=5,000 sq ft or 2 MW; land-use applications",active,2026-09-30,2026-11-14,45,false,City council unanimously imposed a 45-day moratorium on approving new data center land-use applications at a special meeting.,https://www.dailyrepublic.com/news/dixon-council-puts-data-centers-bess-applications-on-hold/article_19af7454-0369-40bd-a243-b50cf547291b.html|https://fox40.com/news/local-news/solano-county/dixon-data-center-moratorium/|https://www.abc10.com/video/news/local/dixon-approves-45-day-moratorium-on-new-data-center-approvals/103-390e0444-a96c-4583-bf68-4cd51501130c|https://www.independentvoice.com/2026/10/02/586361/dixon-approves-temporary-data-center-ban|https://hoodline.com/2026/09/dixon-weighs-45-day-data-center-ban-as-ai-boom-reshapes-solano-county/|https://fox40.com/news/local-news/solano-county/dixon-data-center-moratorium,,true,false,2026-10-07,
add-ca-irwindale-2026,city,Irwindale,CA,06037,0636826,34.10971,-117.96548,permanent ban,data center,active,2026-09-09,,,false,Council unanimously adopted Ordinance 821 adding Chapter 17.42 to prohibit AI data center land uses citywide; effective 2026-10-09.,https://ceqanet.lci.ca.gov/2026081065|https://hoodline.com/2026/09/la-county-freezes-giant-ai-data-centers-as-solis-pushes-permanent-ban/,,true,false,2026-10-07,
add-ca-losangelescounty-2026,county,Los Angeles County,CA,06037,,34.26584,-118.14259,permanent ban,data center,pending,,,,false,Board directed drafting of a zoning amendment to prohibit large-scale/hyperscale AI data centers in every unincorporated zone; interim director's ban in effect since 2026-09-17.,https://therealdeal.com/la/2026/09/21/los-angeles-county-bans-data-centers-in-unincorporated-areas/|https://mynewsla.com/government/2026/10/05/la-county-supervisors-to-consider-developing-data-center-ban/,,true,false,2026-10-07,
add-ca-montereypark-2026,city,Monterey Park,CA,06037,0648914,34.05053,-118.13865,permanent ban,data center,active,2026-04-20,,,false,"Citywide data center prohibition codified by ordinance; ratified by voters via Measure NDC (2026-06-02, ~88% yes); companion Ord. 2280 General Plan amendment adopted 2026-07-02.",https://www.montereypark.ca.gov/1710/Data-Center-Information,,true,false,2026-10-07,
add-ca-perris-2026,city,Perris,CA,06065,0656700,33.79193,-117.22437,permanent ban,data center,pending,,,,false,"Proposed citywide prohibition on high-electricity/water data centers; Council directed drafting June 2026, Planning Commission recommended adoption 2026-09-16; Council vote pending.",https://www.kvcrnews.org/local-news/2026-09-17/perris-planning-commission-recommends-data-center-ban-as-residents-oppose-state-fairgrounds-project|https://www.kvcrnews.org/local-news/2026-06-10/perris-takes-first-step-toward-citywide-data-center-ban,,true,false,2026-10-07,
add-ca-san-joaquin-county-2026,county,San Joaquin County,CA,06077,,37.89164,-121.24758,temporary moratorium,data center,active,2026-10-06,2026-11-20,,false,San Joaquin County Board of Supervisors adopted an urgency ordinance pausing land-use approvals and permits for data centers in unincorporated areas for 45 days; small-scale facilities exempt.,https://hoodline.com/2026/10/san-joaquin-county-freezes-new-data-center-approvals-for-45-days/,,true,true,2026-10-09,
add-ca-siliconvalleypower-2023,utility,Silicon Valley Power (City of Santa Clara electric utility),CA,,,,,interconnection pause,data center,active,2023,,,false,"City-owned utility stopped accepting new data center load applications in 2023 because requests exceeded capacity, pending a ~$450M system upgrade; the pause remained in effect in Oct 2026.",https://www.ktvu.com/news/san-francisco-approves-other-cities-consider-bans-reviews-data-center-growth|https://www.santaclaraca.gov/Home/Components/News/News/45709/3171|https://insider.govtech.com/california/news/silicon-valleys-ai-boom-hits-a-wall-data-centers-are-built-but-cant-turn-on,,true,true,2026-10-07,16655
add-co-longmont-2026,city,Longmont,CO,08013,0845970,40.16879,-105.11178,permanent ban,data center,active,2026-06-09,,,false,"Ordinance O-2026-34 bans hyperscale data centers (peak demand >=100 MW or 5% of regional grid capacity, whichever lower) as a land use; smaller facilities allowed with standards.",https://www.denver7.com/news/front-range/longmont/longmont-bans-hyperscale-data-centers-amid-concerns-about-energy-and-water-use|https://www.koaa.com/news/local-news/longmont-bans-hyperscale-data-centers-amid-concerns-about-energy-and-water-use|https://citizenportal.ai/articles/8145523/Colorado/Boulder-County/Longmont/Council-amends-and-adopts-ban-on-hyperscale-data-centers-after-technical-fixes-final-vote-61,,true,false,2026-10-07,
add-co-mesa-2026,county,Mesa County,CO,08077,,38.93382,-108.58438,temporary moratorium,data center; >=1 MW; unincorporated county; exemptions noted,active,2026-09-29,2027-09-29,365,false,"Commissioners unanimously approved a one-year halt on accepting, processing and approving data center land-use applications in unincorporated Mesa County.",https://www.mesacounty.us/news/county-wide/commissioners-approve-data-center-moratorium|https://www.kjct8.com/2026/09/30/mesa-county-approves-one-year-moratorium-data-centers/|https://thebusinesstimes.com/mesa-county-approves-data-center-moratorium/|https://kjct8.com/2026/09/30/mesa-county-approves-one-year-moratorium-data-centers|https://fox21news.com/news/mesa-county-commissioners-approve-data-center-moratorium,,true,false,2026-10-07,
add-co-thornton-2026,city,Thornton,CO,08001,0877290,39.91593,-104.94036,temporary moratorium,"data center; >50,000 sq ft; incl. expansions",active,2026-09-22,2027-09-22,365,false,"City council voted 5-3 for a one-year moratorium on data centers larger than 50,000 square feet.",https://www.thorntonco.gov/government/public-notices/approved-ordinances/ordinance-establishing-temporary-moratorium|https://www.northglenn-thorntonsentinel.com/news/thornton-clamps-on-12-month-moratorium-on-new-data-centers/article_92f708f1-dee2-420d-968b-02e9a65b0900.html|https://businessden.com/two-more-cities-pass-moratoriums-on-new-data-centers/|https://www.yahoo.com/news/us/articles/council-approves-second-reading-one-090403016.html,,true,false,2026-10-07,
add-co-weldcounty-2026,county,Weld County,CO,08123,,40.49569,-104.54580,permanent ban,data center,active,2026-04-06,,,false,Ordinance 2026-01 (4-1) prohibits data centers in agricultural zones; allowed in industrial zones by USR or site plan review. Zone-limited prohibition.,https://northfortynews.com/category/news/weld-county-approves-data-center-code-update/,,true,false,2026-10-07,
add-ct-groton-2023,town,Groton,CT,09180,0918034250,41.35366,-72.02792,permanent ban,data center,active,2023-06-27,,,false,"Zoning regulations replacing the 2022 moratorium limit data center buildings to 12,500 sq ft and bar water cooling, effectively prohibiting large/hyperscale facilities.",https://www.datacenterdynamics.com/en/news/groton-ct-blocks-large-scale-data-center-projects-thwarting-ne-edge/|https://www.yahoo.com/news/us/articles/more-connecticut-towns-banning-data-100000257.html,,true,false,2026-10-07,
add-de-psc-delmarva-2025,utility,Delaware Public Service Commission (Delmarva Power & Light territory),DE,,,,,interconnection pause,data center; large load,active,2025-09-03,,,false,PSC voted to open a large-load tariff docket and pause interconnection of new loads of 25 MW or more in Delmarva Power territory until a tariff is set; the pause was still in place as of March 2026.,https://depsc.delaware.gov/2025/10/14/delaware-psc-opens-docket-for-large-load-tariff-pauses-interconnections/|https://news.delaware.gov/2025/10/14/delaware-psc-opens-docket-for-large-load-tariff-pauses-interconnections/|https://technical.ly/civics/delaware-large-load-tariff-data-center-costs/,,true,false,2026-10-07,5027
add-fl-crestview-2026,city,Crestview,FL,12091,1215475,30.75040,-86.57015,permanent ban,data center,active,2026-09-28,,,false,"Council unanimously adopted Ordinance 2033 on second reading, banning large-load customers including data centers from all land use categories citywide.",https://crestviewbulletin.com/crestview-bans-large-load-customers-data-centers/|https://weartv.com/news/local/crestview-bans-large-scale-data-centers-but-mayor-says-decision-could-be-revisited,,true,false,2026-10-07,
add-fl-edgewater-2026,city,Edgewater,FL,12127,1219825,28.95394,-80.98346,permanent ban,data center+AI+crypto mining; exemptions noted,active,2026-09-14,,,false,"Council unanimously adopted a permanent prohibition on high-energy data processing facilities (data centers, AI, crypto mining); server rooms exempt.",https://www.hometownnewsvolusia.com/news/local/edgewater-adopts-permanent-ban-on-data-centers/article_9a718778-7bc3-59d8-8062-70a490201810.html|https://www.fox35orlando.com/news/edgewater-approves-ban-ai-data-centers-orange-county-weighs-moratorium,,true,false,2026-10-03,
add-fl-escambia-2026,county,Escambia County,FL,12033,,30.63996,-87.32765,permanent ban,data center; large-scale; unincorporated,active,2026-08-07,,,false,Commissioners voted 4-1 to add large-scale data center facilities to land development code prohibitions in unincorporated areas.,https://weartv.com/news/local/escambia-county-commissioners-vote-to-block-large-scale-data-centers-in-unincorporated-areas,,true,false,2026-10-03,
add-fl-holmescounty-2026,county,Holmes County,FL,12059,,30.85006,-85.81632,permanent ban,data center,pending,,,,false,"Proposed permanent ban on data centers/large-load facilities in unincorporated county; PC review 2026-06-23, hearing set 2026-07-07; outcome not confirmed. One-year moratorium in place.",https://holmescounty.news/top-stories/2026/06/19/holmes-county-moves-to-restrict-data-center-development-approves-safe-haven-baby-box-contract/|https://www.wjhg.com/2026/06/03/holmes-county-moves-forward-with-moratorium-ai-data-centers/,,true,false,2026-10-07,
add-fl-jackson-2026,county,Jackson County,FL,12063,,30.78177,-85.17650,permanent ban,data center; unincorporated,active,2026-06-23,,,false,Board of County Commissioners adopted an ordinance prohibiting data centers and associated facilities in the unincorporated county.,https://www.wctv.tv/2026/06/23/jackson-county-adopts-ordinance-banning-data-centers/,,true,false,2026-10-03,
add-fl-palmettobay-2026,village,Palmetto Bay,FL,12086,1254275,25.62175,-80.32121,permanent ban,data center,pending,,,,false,Village council scheduled a vote 2026-09-28 on an outright ban on data centers village-wide; outcome not confirmed.,https://hoodline.com/2026/08/palmetto-bay-moves-to-ban-data-centers-before-a-single-application-lands/|https://www.cbsnews.com/miami/news/palmetto-bay-data-centers-8-30-2026/,,true,false,2026-10-07,
add-fl-volusia-county-2026,county,Volusia County,FL,12127,,29.01990,-81.13747,permanent ban,data center,pending,2026-08-25,,,false,Council voted to advance a permanent ban on large-scale data centers (50+ MW peak load) in unincorporated county; ordinance needs PLDRC review and two hearings.,https://www.orlandoweekly.com/news/orlando-area-news/volusia-county-advances-permanent-ban-on-large-scale-data-centers/,,true,false,2026-10-07,
add-fl-volusia-county-2026-2,county,Volusia County,FL,12127,,29.01990,-81.13747,permit pause,"data center (large-scale, 50 MW or more)",active,2026-08-17,,,false,"Volusia County has not accepted new applications for large-scale data centers (50 MW+) in unincorporated areas since Aug. 17, pending final action on a ban ordinance.",https://www.observerlocalnews.com/news/2026/oct/07/proposed-large-scale-data-center-ban-in-unincorporated-volusia-county-moves-to-next-review/,,true,false,2026-10-09,
add-fl-wakulla-2026,county,Wakulla County,FL,12129,,30.13627,-84.37199,permanent ban,data center; unincorporated,active,2026-09-21,,,false,Commission unanimously adopted an ordinance prohibiting data centers in all unincorporated zoning districts.,https://fox49.tv/news/local/wakulla-county-bans-data-centers-commissioners-vote-unanimously-to-prohibit-facilities,,true,false,2026-10-03,
add-fl-walton-2026,county,Walton County,FL,12131,,30.63151,-86.15206,permanent ban,data center; large load centers; all districts,active,2026-06-10,,,false,"Commission voted 5-0 for Ordinance 26-1101, an outright prohibition on large load centers, specifically data centers, in all zoning districts.",https://www.wjhg.com/2026/06/10/walton-county-adopts-ordinance-prohibiting-data-large-load-centers/,,true,false,2026-10-03,
add-ga-americus-2026,city,Americus,GA,13261,1302116,32.07710,-84.22459,temporary moratorium,data center,active,2026-09-24,2026-10-24,30,false,City council voted 5-1 for a 30-day moratorium to draft a data center ordinance amendment; aimed at a proposed Liberty Data Centers site.,https://americuscityga.iqm2.com/Citizens/Detail_Meeting.aspx?ID=1518|https://americustimesrecorder.com/2026/09/24/americus-city-council-votes-for-data-center-moratorium/,,true,false,2026-10-07,
add-ga-atlanta-2024,city,Atlanta,GA,13121,1304000,33.76685,-84.41734,permanent ban,data center,active,2024-09-03,,,false,"Council banned new data centers in the BeltLine Overlay District and within a half-mile (2,640 ft) of MARTA/high-capacity transit stations; geographic ban, not citywide.",https://www.gpb.org/news/2024/09/04/atlanta-city-council-bans-data-centers-along-beltline|https://www.ajc.com/business/2026/10/lovejoy-data-center-ban/,,true,false,2026-10-07,
add-ga-chattahoochee-hills-2026,city,Chattahoochee Hills,GA,13121,1315552,33.57968,-84.74462,permanent ban,data center,active,2026-09-01,,,false,Ord. 26-052 removed data processing facilities from the permitted-use table so they are not allowed in any zoning district; bars reclassifying them under other use names.,https://citizenportal.ai/articles/10107754/georgia/fulton-county/chattahoochee-hills/chattahoochee-hills-council-bans-data-centers-from-zoning-districts-with-unanimous-vote|https://citizenportal.ai/articles/9755314/Georgia/Fulton-County/Chattahoochee-Hills/Chattahoochee-Hills-council-unanimously-amends-code-to-bar-data-centers,,true,false,2026-10-07,
add-ga-fayetteville-2026,city,Fayetteville,GA,13113,1328968,33.45188,-84.46096,permanent ban,data center,active,2026-03-05,,,false,Ordinance 26-O-12 amending UDO chapters 200 and 400 prohibits new data centers in every city zoning district as of 2026-03-05; existing QTS campus unaffected.,https://www.fayetteville-ga.gov/m/faq?cat=46|https://thecitizen.com/2026/03/19/data-center-appeal-withdrawn-in-fayetteville-the-power-of-the-people/,,true,false,2026-10-07,
add-ga-griffin-2026,city,Griffin,GA,13255,1335324,33.24203,-84.27602,permanent ban,data center,active,2026-05-26,,,false,"UDC amendments allow minor (<=10,000 sq ft) and major (<=275,000 sq ft) data centers by SUP in Planned Industrial Districts; campus/hyperscale data centers are not permitted.",https://www.griffindailynews.com/news/city-of-grifin-commissioners-approve-data-center-ordinance/article_3f730561-73ca-5e91-8d06-6c5fc962c5a0.html,,true,false,2026-10-07,
add-ga-lovejoy-2026,city,Lovejoy,GA,13063,1347616,33.44103,-84.32378,permanent ban,data center; citywide,active,2026-09-29,,,false,City council passed an ordinance prohibiting data centers within city limits after a proposed 3.5M sq ft campus was withdrawn.,https://www.atlantanewsfirst.com/2026/09/29/city-lovejoy-passes-ordinance-banning-data-center-construction/,,true,false,2026-10-03,
add-ga-marietta-blw-2026,utility,Marietta Board of Lights and Water (Marietta Power),GA,13067,,33.94837,-84.54969,temporary moratorium,data center; large load,active,2026-09-03,2026-12-31,,false,City-owned utility board will not accept or consider applications or proposals for new large-load (10 MW+) customers while staff and the city draft an ordinance; effective immediately.,https://citizenportal.ai/articles/9972773/Georgia/Cobb-County/Marietta/Marietta-BLW-adopts-moratorium-on-new-large-load-data-center-applications-through-2026|https://citizenportal.ai/articles/10151037/Georgia/Cobb-County/Marietta/BLW-members-press-for-clearer-policy-on-data-centers-and-large-electric-loads|https://www.mariettaga.gov/AgendaCenter/ViewFile/Agenda/_09032026-3031?packet=true,,true,false,2026-10-07,11646
add-ga-palmetto-2026,city,Palmetto,GA,13121,1358884,33.53126,-84.65865,permanent ban,data center; industrial code rewrite,active,2026-02-03,,,false,"Council unanimously approved a rewritten industrial zoning code that writes data centers out of the code, following an earlier moratorium.",https://www.wabe.org/palmetto-city-council-approves-rewritten-industrial-zoning-code-to-ban-exclude-data-centers/,,true,true,2026-10-03,
add-id-sandpoint-2026,city,Sandpoint,ID,16017,1672100,48.28582,-116.56511,permanent ban,"data center; >5,000 sq ft",active,2026-09-16,,,false,"City council adopted a zoning amendment prohibiting data centers over 5,000 sq ft (researched by Moratorium Nation, excluded there as a permanent ban).",https://bonnercountydailybee.com/news/2026/sep/18/council-approves-data-center-ban/|https://sandpointreader.com/sandpoint-looking-to-ban-data-centers-within-city-limits/,,true,false,2026-10-03,
add-il-lisle-2026,village,Lisle,IL,17043,1743939,41.78862,-88.07901,permanent ban,data center,active,2026-06-01,,,false,"Village board approved a text amendment eliminating new data centers as a permitted use in I-1, the only district allowing them; pre-2026 data centers remain conforming.",https://patch.com/illinois/lisle/lisle-vote-amendment-eliminate-data-centers-zoning-district|https://citizenportal.ai/articles/8113848/illinois/dupage-county/lisle/lisle-board-approves-zoning-amendment-contracts-for-tif-and-recruitment-several-consent-items-pass-unanimously,,true,false,2026-10-07,
add-in-casscounty-2026,county,Cass County,IN,18017,,40.73933,-86.37373,permanent ban,data center,active,2026-04-21,,,false,"Commissioners voted 3-0 for Comm-Ord-2026-08 making ""Data Processing"" a prohibited use in every zoning district.",https://www.in.gov/counties/cass/files/Comm-Ord-2026-08-Data-Processing-signed.pdf|https://savrn.com/data-center-moratorium-tracker/indiana,,true,false,2026-10-07,
add-in-clarksville-2026,town,Clarksville,IN,18019,1812934,38.32627,-85.77267,permanent ban,data center; all districts; routine IT exempt,active,2026-07-14,,,false,Town council updated general and zoning ordinances to prohibit data centers in all districts; routine IT/telecom facilities excluded.,https://www.townofclarksville.com/clarksville-updates-ordinances-to-address-data-centers/,,true,false,2026-10-03,
add-in-marshallcounty-2026,county,Marshall County,IN,18099,,41.33003,-86.26216,permanent ban,data center,active,2026-04-20,,,false,Commissioners replaced a moratorium with a permanent prohibition on data processing/data center uses countywide (unincorporated zoning jurisdiction).,https://www.wndu.com/2026/04/20/marshall-county-commissioners-ban-data-centers-limit-solar-projects/|https://www.giant.fm/marshall-county/news/local-news/marshall-county-commissioners-enact-permanent-ban-on-data-centers-strict-limits-on-solar-and-battery-storage/,,true,false,2026-10-07,
add-in-vanderburgh-county-2026,county,Vanderburgh County,IN,18163,,37.99732,-87.57412,temporary moratorium,data center,active,2026-08,2026-12-31,,false,"County ordinance pauses acceptance, processing and approval of data-center-related applications through 2026-12-31 while a 13-member study committee reviews impacts.",https://www.14news.com/2026/08/07/vanderburgh-officials-begin-process-data-center-committee/|https://www.14news.com/2026/08/27/vanderburgh-co-commissioners-form-data-center-committee/|https://www.yahoo.com/news/articles/evansville-city-council-passes-data-142501238.html,,true,true,2026-10-07,
add-in-zionsville-2026,town,Zionsville,IN,18011,1886372,39.99449,-86.28409,temporary moratorium,data center+solar+wind+battery storage; all applications,pending,2026-09-21,,,false,"Town council approved a one-year moratorium on data centers, solar, wind and battery storage while the plan commission reviews zoning.",https://zionsville-in.gov/AgendaCenter/ViewFile/Agenda/_09212026-2265?packet=true|https://zionsville-in.gov/AgendaCenter/ViewFile/Minutes/_09212026-2265|https://www.youarecurrent.com/2026/09/22/zionsville-town-council-approves-moratorium-on-data-centers-wind-and-solar-projects/|https://youarecurrent.com/2026/09/22/zionsville-town-council-approves-moratorium-on-data-centers-wind-and-solar-projects/,,true,false,2026-10-07,
add-ks-browncounty-2026,county,Brown County,KS,20013,,39.81644,-95.56428,permanent ban,data center;cryptocurrency mining,active,2026-08,,,false,"County commission adopted zoning regulations prohibiting data centers (computing, storage, AI, crypto) and commercial battery storage >=1 MWh, after PC hearing.",https://mscnews.net/local-news/930623|https://citizenportal.ai/articles/9847451/kansas/brown-county/brown-county-adopts-zoning-amendment-defining-data-centers-and-battery-storage,,true,true,2026-10-07,
add-ks-el-dorado-2026,city,El Dorado,KS,20015,2020075,37.82611,-96.86613,permanent ban,data center,pending,,,,false,Ballot measure to prohibit 'high-impact' data centers and battery storage systems.,https://www.newsweek.com/map-shows-states-where-data-centers-are-on-the-ballot-12528253|https://www.kwch.com/2026/08/27/el-dorado-voters-have-say-potential-future-data-centers/,,true,false,2026-10-07,
add-ks-emporia-2026,city,Emporia,KS,20111,2021275,38.41131,-96.19604,permanent ban,data center,pending,,,,false,Ballot measure to prohibit high-impact data centers.,https://www.newsweek.com/map-shows-states-where-data-centers-are-on-the-ballot-12528253|https://www.kshb.com/news/local-news/data-centers/franklin-county-judge-rules-data-center-question-will-go-on-november-ballot,,true,false,2026-10-07,
add-ks-mcphersoncounty-2026,county,McPherson County,KS,20113,,38.39152,-97.64818,permanent ban,data center;cryptocurrency mining,active,2026-08-31,,,false,Commission voted 3-0 for Resolution 2026-21 banning data centers and utility-scale battery storage on all county land outside city limits (hydrogen barred except at refineries).,https://www.citizenjournal.us/mcpherson-county-bans-data-centers-and-utility-scale-battery-storage/|https://www.adastraradio.com/mac-news/mcpherson-county-zoning-board-blocks-data-centers/,,true,false,2026-10-07,
add-ks-ottawa-2026,city,Ottawa,KS,20059,2053550,38.60574,-95.26647,permanent ban,data center,pending,,,,false,Ballot measure to prohibit data centers exceeding 25 MW.,https://www.newsweek.com/map-shows-states-where-data-centers-are-on-the-ballot-12528253|https://www.kshb.com/news/local-news/data-centers/franklin-county-judge-rules-data-center-question-will-go-on-november-ballot,,true,false,2026-10-07,
add-ky-georgetown-2026-ban,city,Georgetown,KY,21209,2130700,38.22804,-84.53511,permanent ban,data center,pending,2026-09-29,,,false,Council unanimously directed counsel to draft an ordinance banning data centers and defining hyperscale facilities; requires Planning & Zoning review.,https://www.wkyt.com/2026/09/30/georgetown-council-votes-draft-ordinance-banning-data-centers/,,true,false,2026-10-07,
add-ky-woodford-2026,county,Woodford County,KY,21239,,38.02078,-84.74365,permanent ban,data center+landfill+battery storage,active,2026-09-08,,,false,"Fiscal court unanimously banned data centers, landfills and large battery storage countywide; first permanent data center ban in Kentucky.",https://www.wuky.org/wuky-news/2026-09-14/a-kentucky-county-becomes-first-in-state-to-permanently-ban-data-center-construction,,true,true,2026-10-03,
add-ma-boston-2026,city,Boston,MA,25025,2507000,42.31267,-71.08304,permanent ban,data center;cryptocurrency mining,pending,,,,false,"Councilor Culpepper proposed a zoning amendment prohibiting new data centers (incl. AI, crypto, cloud) citywide; existing sites may operate but not expand. Needs Zoning Commission approval.",https://www.wbur.org/news/2026/09/18/boston-data-center-ban-proposal,,true,false,2026-10-07,
add-ma-east-bridgewater-2026,town,East Bridgewater,MA,25023,2502318455,42.03514,-70.94336,permanent ban,data center,pending,,,,false,"Special town meeting Article 2 (Oct 7, 2026) proposes zoning bylaw prohibiting data centers; needs two-thirds vote; Planning Board did not recommend.",https://www.southshore.news/p/east-bridgewater-counsel-flags-legal,,true,false,2026-10-07,
add-ma-holyoke-2026,city,Holyoke,MA,25013,2530840,42.22411,-72.64033,permanent ban,data center; all districts,active,2026-06-16,,,false,City council banned data centers in every zoning district; signed by the mayor 2026-06-18.,https://www.westernmassnews.com/2026/06/18/holyoke-mayor-signs-data-center-ban-into-law/,,true,false,2026-10-03,
add-ma-mansfield-2026,town,Mansfield,MA,25005,2500538225,42.01800,-71.21951,permanent ban,data center,active,2026-05-05,,,false,Art. 23 zoning bylaw: data centers >2 MW (Tier II/III) prohibited townwide; none in residential/business districts; Tier I (<=2 MW) by special permit in industrial/PB districts.,https://www.boston.com/news/local-news/2026/05/13/mansfield-becomes-first-town-in-mass-to-pass-near-total-ban-on-data-centers/|https://www.bostonglobe.com/2026/05/13/business/mansfield-data-centers/|https://hoodline.com/2026/09/wilmington-moves-to-ban-big-ai-data-centers-caps-small-ones-at-2-megawatts/,,true,false,2026-10-07,
add-ma-millis-2026,town,Millis,MA,25021,2502141515,42.16626,-71.36393,permanent ban,data center,active,2026-05-04,,,false,"Spring Town Meeting zoning bylaw on data centers, approved by Attorney General; Planning Board states data centers are not permitted in Millis.",https://citizenportal.ai/articles/10021520/massachusetts/norfolk-county/town-of-millis/attorney-general-approves-millis-bylaws-on-data-centers-flags-caveat-for-solarlinked-battery-storage,,true,true,2026-10-07,
add-ma-salem-2026,city,Salem,MA,25009,2559105,42.51516,-70.90566,permanent ban,data center,pending,,,,false,Mayor Pangallo filed a zoning ordinance to ban data center construction citywide; pending before City Council as of Sept 2026.,https://www.wgbh.org/news/local/2026-09-16/salem-zoning-board-rejects-developers-plan-for-data-center-as-mayor-seeks-to-ban-them-outright,,true,false,2026-10-07,
add-ma-wilmington-2026,town,Wilmington,MA,25017,2501780230,42.56615,-71.16281,permanent ban,data center,pending,,,,false,Draft zoning bylaw would prohibit data centers over 2 MW and allow smaller ones by special permit only in highway/general industrial zones; PB hearing 2026-09-29; needs Town Meeting.,https://hoodline.com/2026/09/wilmington-moves-to-ban-big-ai-data-centers-caps-small-ones-at-2-megawatts/,,true,false,2026-10-07,
add-md-federalsburg-2026,town,Federalsburg,MD,24011,2427900,38.69446,-75.77469,permanent ban,data center,active,2026-09-09,,,false,Town council passed Ordinance 2026-07 (4-0) amending Chapter 245 zoning to prohibit data centers in all zoning districts.,http://www.cecildaily.com/federalsburg-becomes-first-eastern-shore-jurisdiction-to-ban-data-centers/article_940767b5-2032-4323-aa93-f832d5a4a038.html|http://www.stardem.com/news/caroline/federalsburg-introduces-legislation-to-ban-data-centers/article_62b3e43a-b8e0-4bcb-b043-93d7b0d148ee.html,,true,false,2026-10-07,
add-md-harford-2026,county,Harford County,MD,24025,,39.51006,-76.28547,permanent ban,data center; countywide,active,2026-06-10,,,false,Council unanimously passed Bill 26-011 banning data centers countywide; signed by the County Executive 2026-06-10.,https://www.harfordcountymd.gov/m/newsflash/Home/Detail/1700,,true,false,2026-10-03,
add-me-biddeford-2026,city,Biddeford,ME,23031,2304860,43.46871,-70.45361,permanent ban,data center,pending,,,,false,Council voted 8-1 (June 2026) to send land use code amendments to planning board that would list data centers as prohibited in all zoning districts.,https://spectrumnewsnecn.com/necn/maine/news/2026/06/04/biddeford-considers-law-banning-data-centers|https://servercountry.org/policy/maine/,,true,false,2026-10-07,
add-me-brewer-2026,city,Brewer,ME,23019,2306925,44.77954,-68.74130,permanent ban,data center,active,2026-04-28,,,false,Land Use Code amendments allow Tier 1-3 data centers (<20 MW) in IND/IND-2 with performance standards; data centers 20 MW and over prohibited citywide.,https://www.brewermaine.gov/AgendaCenter/ViewFile/Minutes/_04282026-204|https://servercountry.org/policy/maine/,,true,false,2026-10-07,
add-me-eastport-2026,city,Eastport,ME,23029,2321730,44.91170,-67.01821,permanent ban,data center,active,2026-09-09,,,false,City council unanimously adopted a citizen-initiated ordinance prohibiting large-scale data centers in the city (incl. proposed DeepGreen subsea facility).,https://www.quoddytides.com/ordinance-banning-data-centers-adopted-by-eastport-council/,,true,false,2026-10-07,
add-me-north-berwick-2026,town,North Berwick,ME,23031,2303150325,43.34712,-70.78140,permanent ban,data center,pending,,,,false,"Select Board skipped a moratorium and placed a zoning amendment banning data centers of 25,000 sq ft or more on the November 2026 ballot.",https://www.pressherald.com/2026/06/30/why-north-berwick-plans-to-skip-a-data-center-moratorium-and-let-voters-decide/|https://wgme.com/news/local/north-berwick-could-vote-to-ban-data-centers-in-november,,true,false,2026-10-07,
add-mi-lake-isabella-2026,village,Lake Isabella,MI,26073,2644715,43.64377,-85.00062,temporary moratorium,data center,active,2026-08-18,2026-11-17,,false,Village Council voted 6-0 to establish a temporary moratorium on data centers through 2026-11-17 while the Planning Commission refines proposed zoning provisions.,https://citizenportal.ai/articles/9759190/michigan/isabella-county/lake-isabella/council-adopts-temporary-moratorium-on-data-centers-as-ordinance-review-continues,,true,false,2026-10-07,
add-mi-saultstemarietribe-2026,tribal,Sault Ste. Marie Tribe of Chippewa Indians,MI,26033,,46.47696,-84.37430,permanent ban,data center,active,2026-01,,,false,"Tribal board unanimously adopted an indefinite moratorium (no sunset) prohibiting development, approval or operation of AI data centers on tribal lands.",https://www.myupnow.com/news/sault-tribe-directors-vote-in-indefinite-pause-on-data-center-development/article_51356dac-7efb-4e02-b7fd-6802f439cfd8.html|https://savrn.com/data-center-moratorium-tracker/michigan,,true,true,2026-10-07,
add-mo-fenton-2026,city,Fenton,MO,29189,2923950,38.52929,-90.45424,permanent ban,data center,active,2026-04-23,,,false,"Ordinance 4633 defines data centers and expressly excludes them from industrial, warehouse, research and other use definitions; no zoning district allows the use.",https://ecode360.com/FE3298/laws/LF2661408.pdf|https://servercountry.org/policy/missouri/,,true,false,2026-10-07,
add-mo-peculiar-2024,city,Peculiar,MO,29037,2956756,38.71420,-94.45956,permanent ban,data center,active,,,,false,"Board of Aldermen unanimously removed data centers from the light industrial zoning ordinance, leaving no zone where they are permitted; blocked Diode Ventures project.",https://www.kshb.com/news/local-news/peculiar-reverses-zoning-for-data-center-after-cries-from-neighbors|https://savrn.com/data-center-moratorium-tracker/missouri,,true,false,2026-10-07,
add-mo-stcharles-2026,city,St. Charles,MO,29183,2964082,38.79669,-90.50207,permanent ban,data center,active,2026-05-20,,,false,"Council passed TA-2026-01 (7-1) defining data centers, excluding them from warehouse use, and barring them as permitted or conditional use in every zoning district.",https://www.stlpr.org/2026-05-20/st-charles-passes-a-ban-on-data-centers,,true,false,2026-10-07,
add-mt-flatheadelectric-2018,utility,Flathead Electric Cooperative,MT,30029,,48.20172,-114.32143,temporary moratorium,crypto mining,expired,2018-02-21,2018-08-21,,false,Co-op board of trustees imposed a six-month moratorium on new cryptocurrency mining loads while staff reviewed line-extension and rate policy; requests already in progress were grandfathered.,https://flatheadbeacon.com/2018/03/21/bitcoin-big-sky/|https://www.flatheadelectric.com/my-account-bill/my-bill/rates-service-fees/high-density-loads/,,true,true,2026-10-07,6395
add-nc-claycounty-2026,county,Clay County,NC,37043,,35.07286,-83.75007,permanent ban,data center;cryptocurrency mining,active,2026-01-08,,,false,Ordinance 01.08.2026 prohibits commercial data centers (2 MW+ peak demand) in unincorporated county; separate ordinance has prohibited commercial crypto mining since 2022-08-04.,https://programs.com/resources/data-center-moratoriums-tracker/,,true,false,2026-10-07,
add-nc-claycounty-crypto-2022,county,Clay County,NC,37043,,35.07286,-83.75007,permanent ban,crypto mining,active,2022-08-04,,,false,Commissioners unanimously adopted an ordinance preventing commercial cryptocurrency mining facilities from establishing or operating in Clay County.,https://deeds.claync.us/post/cryptocurrency-ordinance-2022,,true,false,2026-10-07,
add-nc-easternbandcherokeeindians-2026,tribal,Eastern Band of Cherokee Indians,NC,37173,,35.47430,-83.31490,permanent ban,data center; indefinite; EBCI lands,active,2026-05-07,,,false,"Tribal Council voted 11-0 for Ordinance No. 158 (2026), an indefinite moratorium on data centers on EBCI lands.",https://theonefeather.com/2026/05/07/dinilawigi-approves-indefinite-moratorium-on-data-centers/|https://www.wunc.org/2026-05-07/ebci-passes-indefinite-moratorium-on-data-centers,,true,false,2026-10-03,
add-nc-mcdowellcounty-2024,county,McDowell County,NC,37111,,35.73807,-82.04297,permanent ban,cryptocurrency mining,active,2024-01-08,,,false,"Commissioners adopted an ordinance prohibiting establishment of cryptocurrency mines countywide, ending the 2023 crypto moratorium.",https://mcdowellgov.com/,,true,false,2026-10-07,
add-nc-murphy-2024,town,Murphy,NC,37039,3745660,35.09176,-84.03274,permanent ban,cryptocurrency mining,active,2024-08-12,,,false,Town adopted zoning text amendment prohibiting crypto mines after Aug. 12 public hearing; passed unanimously. Existing county mines unaffected.,https://www.cherokeescout.com/local-newsletter/town-bans-crypto-mines-inside-its-borders,,true,true,2026-10-07,
add-nc-waynesville-2023,town,Waynesville,NC,37087,3771500,35.48232,-83.00566,permanent ban,cryptocurrency mining,active,2023-11-28,,,false,Town council unanimously added cryptocurrency mining to land uses prohibited within town limits; data centers remain allowed in commercial/industrial districts.,https://wlos.com/news/local/no-crypto-mining-waynesville-town-limits-council-votes-final-data-centers-ban|https://www.themountaineer.com/news/waynesville-bans-crypto-currency-mining-operations/article_d7af3cf4-8a86-11ee-b791-97a57405a302.html|https://media.buncombenc.gov/common/Commissioners/20241119/PH%201_MEMO_Crypto%20Data%20Ctr%20_%20Govt%20Protective%20Memo.pdf,,true,false,2026-10-07,
add-ne-nehawka-2026,village,Nehawka,NE,31025,3133740,40.82862,-95.98919,permanent ban,data center+crypto mining+supporting power plants,active,2026-08,,,false,"Village adopted an outright ban on data centers, crypto mining, blockchain computing and supporting power plants in its zoning jurisdiction.",https://www.wowt.com/2026/08/27/village-nehawka-votes-ban-data-centers/,,true,true,2026-10-03,
add-nh-canterbury-2026,town,Canterbury,NH,33013,3301309860,43.34782,-71.55654,permanent ban,data center;cryptocurrency mining,active,2026-03-10,,,false,"Zoning Art. 4 adds Data Center definition (incl. crypto mining, server farms, colocation) and marks it Not Allowed in all zones; on-site business IT and home servers exempt. Passed 322-63.",https://www.canterburynh.gov/wp-content/uploads/2026/02/2026-Warrant-Article-4-Data-Centers.pdf|https://www.canterburynh.gov/wp-content/uploads/2026/03/Town-Meeting-Election-Results-3_10_26.pdf|https://servercountry.org/policy/new-hampshire/,,true,false,2026-10-07,
add-nj-alexandria-township-2026,township,Alexandria Township,NJ,34019,3401900550,40.59182,-75.01374,permanent ban,data center,active,2026,,,false,Ord. 2026-007 adds a data center definition (115-4) and lists data centers as a prohibited use in all zoning districts (115-19).,https://ecode360.com/AL1642/laws/LF2804137.pdf,,true,true,2026-10-07,
add-nj-allamuchy-2026,township,Allamuchy Township,NJ,34041,3404100670,40.91988,-74.83267,permanent ban,data center,active,2026-06-24,,,false,Ordinance 2026-06 amends Ch. 190 Land Development to designate data centers a prohibited use in all zoning districts.,https://allamuchynj.org/2026ordinances,,true,false,2026-10-07,
add-nj-alpha-2026,town,Alpha,NJ,34041,3401030,40.65730,-75.16059,permanent ban,data center,active,2026-05-12,,,false,Ord. 2026-11 defines data centers and designates them a non-permitted use in all zones of the borough.,https://ecode360.com/documents/AL0476/public/753248139.pdf|https://ecode360.com/documents/AL0476/public/753262619.pdf,,true,false,2026-10-07,
add-nj-andover-township-2026,township,Andover Township,NJ,34037,3403701360,41.02486,-74.72967,permanent ban,data center,active,2026-05-28,,,false,Ordinance 2026-13 prohibits data centers as a use in all zoning districts; adopted unanimously after opposition to a 90-acre proposal.,https://www.advertisernewssouth.com/news/local-news/andover-bans-data-centers-hardyston-could-be-next-FI5903755|https://www.advertisernewssouth.com/news/local-news/andover-hardyston-move-toward-banning-data-centers-YK5862302,,true,false,2026-10-07,
add-nj-bass-river-2026,township,Bass River Township,NJ,34005,3400503370,39.65706,-74.45886,permanent ban,data center,active,2026-07-13,,,false,Ord. 4-2026 defines data center and adds Ch. 17.24.150 'Data Centers'; listed as a ban by Pinelands Alliance.,https://bassriver-nj.org/site_files/Commission/Agenda_Minutes/2026/july_13_2026_minutes.pdf|https://www.nj.gov/pinelands/landuse/amend/ords.shtml|https://pinelandsalliance.org/datacenters/,,true,false,2026-10-07,
add-nj-bayonne-2026,city,Bayonne,NJ,34017,3403580,40.66922,-74.09964,permanent ban,data center; citywide; prior approvals exempt,active,2026-08-12,,,false,Council unanimously adopted on second reading a citywide data center ban; three previously granted approvals are not affected.,https://hudsoncountyview.com/bayonne-council-unanimously-approves-measure-to-ban-data-centers-citywide/,,true,false,2026-10-03,
add-nj-berkeley-heights-2026,township,Berkeley Heights,NJ,34039,3403905320,40.67668,-74.42232,permanent ban,data center,active,2026-07-21,,,false,Ord. 2026-13 designates data centers a prohibited use in all zones in the township.,https://www.berkeleyheights.gov/DocumentCenter/View/11752/LN---Ord-2026-13---Ban-Data-Centers---INTRO-posted-7126|https://citizenportal.ai/articles/8583481/New-Jersey/Union-County/Berkeley-Heights/Berkeley-Heights-council-bans-data-centers-as-permitted-use-amends-accessoryuse-rules-and-introduces-police-staffing-plan,,true,false,2026-10-07,
add-nj-bernards-2026,township,Bernards Township,NJ,34035,3403505560,40.67635,-74.56348,permanent ban,data center; crypto mining,active,2026-06-23,,,false,"Ord. 2599 adds data centers (colocation, cloud, server farms, crypto mining) to the uses prohibited in all districts and removes 'data processing centers' from the office zones.",https://www.bernards.org/government/documents/meeting-documents/mayor-council-meeting/bulletin-board/5360-06-24-2026-public-notice-ordinance-2599-adoption/file|https://www.bernards.org/government/documents/meeting-documents/mayor-council-meeting/bulletin-board/5291-05-27-2026-public-notice-ordinance-2599-introduction/file,,true,false,2026-10-07,
add-nj-bethlehem-township-2026,township,Bethlehem Township,NJ,34019,3401905650,40.66777,-75.01166,permanent ban,data center,pending,,,,false,"Ordinance 506.2026 would prohibit data centers as principal, accessory or conditional uses in all zones; defines hyperscale as >5 MW or >20,000 sq ft.",https://bethlehemnj.org/ordinance-506-2026/,,true,false,2026-10-07,
add-nj-brick-2026,township,Brick Township,NJ,34029,3402907420,40.06911,-74.12238,permanent ban,data center,pending,,,,false,"Proposed ordinance would define data centers as a distinct use excluded from warehouse, office, storage, utility and similar categories, so they are not permitted anywhere.",https://www.jerseyshoreonline.com/brick/data-centers-to-be-banned-in-brick/|https://www.jerseyshoreonline.com/brick/brick-moves-to-restrict-data-centers/,,true,false,2026-10-07,
add-nj-burlington-twp-2026,township,Burlington Township,NJ,34005,3400508950,40.07263,-74.88686,permanent ban,data center,active,2026-06-09,,,false,Listed as having banned data centers by Pinelands Alliance and Patch; ordinance number/date not found.,https://pinelandsalliance.org/datacenters/|https://patch.com/new-jersey/livingston/dozens-nj-towns-have-banned-ai-data-centers-see-list,,true,false,2026-10-07,
add-nj-carlstadt-2026,town,Carlstadt,NJ,34003,3410480,40.82808,-74.06096,permanent ban,data center,active,2026-09-16,,,false,"Ord. 26-18 adds 17-9 prohibiting data centers (server farms, cloud, colocation, high-density computing) in all zones; existing lawful data centers become nonconforming.",https://ecode360.com/CA2026/laws/LF2812303.pdf,,true,false,2026-10-07,
add-nj-carneys-point-2026,township,Carneys Point Township,NJ,34033,3403310610,39.70764,-75.45633,permanent ban,data center,active,2026-07-15,,,false,"Ordinance 2026-1093 prohibits data centers as a permitted use in all zoning districts; introduced May 2026 on split vote, adopted unanimously.",https://citizenportal.ai/articles/9470626/New-Jersey/Salem-County/Carneys-Point/Carneys-Point-committee-unanimously-bans-data-centers-across-township-zoning,,true,false,2026-10-07,
add-nj-cherry-hill-2026,township,Cherry Hill Township,NJ,34007,3400712280,39.90655,-74.98958,permanent ban,data center (large-scale),active,2026-07-27,,,false,Ord. 2026-10 prohibits large-scale data centers as a principal use; only accessory server rooms tied to a property's primary use allowed.,https://citizenportal.ai/articles/9971602/new-jersey/camden-county/cherry-hill-mall/cherry-hill-council-adopts-ordinance-banning-large-scale-data-centers|https://www.inquirer.com/south-jersey/cherry-hill-nj-data-center-ban-20260728.html|https://www.70and73.com/cherry_hill/cherry-hill-adopts-law-blocking-any-large-scale-data-center-development-in-town/article_0687ffb9-b0f8-46cb-bf2a-e18c94837a59.html,,true,false,2026-10-07,
add-nj-chesterfield-2026,township,Chesterfield Township,NJ,34005,3400512670,40.11238,-74.65111,permanent ban,data center,active,2026-07-23,,,false,Ord. 2026-13 amends Ch. 130 Land Development to define data center and prohibit data centers in all zoning districts.,https://www.chesterfieldtwpnj.gov/ordinance/ordinance-township-committee-township-chesterfield-amending-chapter-130land-development|https://www.inquirer.com/south-jersey/cherry-hill-nj-data-center-ban-20260728.html,,true,false,2026-10-07,
add-nj-clark-2026,township,Clark,NJ,34039,3403913150,40.62220,-74.30693,permanent ban,data center,active,2026-08-17,,,false,"Ord. 26-23 amends Ch. 195 (Zoning) to remove data centers as a permitted use in the CI, LCI and COR districts and prohibit them in all districts.",https://www.ourclark.com/AgendaCenter/ViewFile/Minutes/_08172026-568|https://www.ourclark.com/AgendaCenter/ViewFile/Agenda/_07202026-564,,true,false,2026-10-07,
add-nj-clementon-2026,town,Clementon,NJ,34007,3413420,39.80248,-74.98400,permanent ban,data center,active,2026-07-21,,,false,"Ordinance designating data centers a non-permitted use in all zones; Joint Land Use Board review July 9, 2026.",https://clementonupdates.com/wp-content/uploads/2026/05/Clementon-Ordinance_Data_Centers-2026.pdf|https://clementonupdates.com/2026/07/06/data-center-ordinance/|https://pinelandsalliance.org/datacenters/,,true,false,2026-10-07,
add-nj-collingswood-2026,town,Collingswood,NJ,34007,3414260,39.91622,-75.07451,permanent ban,data center;computing node;crypto mining,active,2026-08-03,,,false,Ord. 1838 designates data centers and residential/small 'computing nodes' nonpermitted uses in all zones; definition includes crypto mining.,https://collingswood.com/document_center/Commissioner/Ordinances/1838%20Ordinance%20baning%20data%20centers%20and%20nodes%20.docx.pdf|https://collingswood.com/government/minutes_agendas_ordinances_and_resolutions/commissioners_ordinances_and_resolutions.php,,true,false,2026-10-07,
add-nj-commercial-township-2026,township,Commercial Township,NJ,34011,3401114710,39.28064,-75.02799,permanent ban,data center,active,2026-08-20,,,false,"Ord. 2026-645 amends Ch. 145 to prohibit data centers in every zoning district as principal, conditional, accessory, temporary or interim use.",https://ecode360.com/CO2750/laws/LF2795898.pdf,,true,false,2026-10-07,
add-nj-cranbury-2026,township,Cranbury,NJ,34023,3402315550,40.30863,-74.52641,permanent ban,data center,pending,,,,false,Ord. 09-26-20 would amend Ch. 150 Land Development Ordinance to prohibit data centers in all zones.,https://www.cranburytownship.org/AgendaCenter/ViewFile/Agenda/_09142026-249|https://www.cranburytownship.org/AgendaCenter/ViewFile/Agenda/_10012026-255,,true,false,2026-10-07,
add-nj-cranford-2026,township,Cranford,NJ,34039,3403915640,40.65563,-74.29972,permanent ban,data center; commercial zones; existing grandfathered,active,2026-07-07,,,false,Township committee unanimously removed data centers as a permitted use in commercial zones; existing facilities grandfathered.,https://patch.com/new-jersey/cranford/cranford-says-no-ai-data-centers-new-zoning-change,,true,true,2026-10-03,
add-nj-cresskill-2026,town,Cresskill,NJ,34003,3415820,40.93965,-73.95831,permanent ban,data center,active,2026-08-12,,,false,Ord. 26-44-1700 adds a data center definition and prohibits data centers in the borough zoning code.,https://citizenportal.ai/articles/9788246/new-jersey/bergen-county/cresskill-city/cresskill-council-adopts-ordinance-banning-data-centers|https://pinelandsalliance.org/datacenters/,,true,false,2026-10-07,
add-nj-deerfield-2026,township,Deerfield Township,NJ,34011,3401116900,39.47456,-75.14086,permanent ban,data center,active,2026-06-03,,,false,Ord. 2026-3 adds a data center definition (120-5) and lists data centers among uses specifically prohibited in any zone (120-37).,https://ecode360.com/5055552|https://ecode360.com/51258847|https://ecode360.com/documents/DE0850/public/753267100.pdf,,true,false,2026-10-07,
add-nj-delanco-2026,township,Delanco Township,NJ,34005,3400517080,40.04878,-74.95158,permanent ban,data center,active,2026-07-13,,,false,Ord. 2026-10 designates data centers a non-permitted use in all zoning districts; 'large scale' qualifier removed.,https://citizenportal.ai/articles/8489549/New-Jersey/Burlington-County/Delanco/Delanco-committee-adopts-ordinance-banning-data-centers-in-all-zones-31|https://pinelandsalliance.org/datacenters/,,true,false,2026-10-07,
add-nj-delaware-township-2026,township,Delaware Township,NJ,34019,3401917170,40.44814,-74.94141,permanent ban,data center,active,2026,,,false,Land use code (Ch. 230) now defines data centers using the county model-ordinance text that other towns pair with a non-permitted-use designation; listed as a ban by Pinelands Alliance.,https://ecode360.com/51507069|https://ecode360.com/33333351|https://pinelandsalliance.org/datacenters/,,true,true,2026-10-07,
add-nj-east-brunswick-2026,township,East Brunswick,NJ,34023,3402319000,40.42942,-74.42859,permanent ban,data center,active,2026-08-24,,,false,"Ord. 26-21 adds a data center definition and designates data centers a prohibited use in all commercial, business and industrial zoning districts (§228-229.4).",https://www.eastbrunswick.org/AgendaCenter/ViewFile/Agenda/_08242026-1061|https://patch.com/new-jersey/eastbrunswick/data-centers-banned-east-brunswick-environmental-group-applauds-move|https://www.roi-nj.com/2026/08/25/industry/energy-utilities/north-brunswick-east-brunswick-and-stafford-township-ban-data-centers/,,true,false,2026-10-07,
add-nj-east-greenwich-2026,township,East Greenwich Township,NJ,34015,3401519180,39.79199,-75.24020,permanent ban,data center,active,2026-05-26,,,false,"Ordinance 11-2026 prohibits data centers in all zoning districts; adopted after a 16,000 sq ft data center proposal in Mount Royal (later withdrawn).",https://42freeway.com/news/east-greenwich-township-data-center-project-canceled-following-application-withdrawal/|https://www.govtech.com/artificial-intelligence/after-a-data-center-proposal-new-jersey-town-bans-them,,true,false,2026-10-07,
add-nj-east-rutherford-2026,town,East Rutherford,NJ,34003,3419510,40.81913,-74.08216,permanent ban,data center,active,2026-06-16,,,false,Ord. 2026-12 amends Ch. 389 to prohibit data centers in all borough zones except lands under NJ Meadowlands (HMDC) jurisdiction.,https://www.eastrutherfordnj.net/DocumentCenter/View/804/2026-12-PDF|https://citizenportal.ai/articles/8583326/New-Jersey/Bergen-County/East-Rutherford/East-Rutherford-bans-data-centers-across-borough-zoning-except-Meadowlands-area-sites,,true,false,2026-10-07,
add-nj-east-windsor-2026,township,East Windsor Township,NJ,34021,3402119780,40.25892,-74.54985,temporary moratorium,data center,active,2026-06,2027-12-31,,false,"Ord. 2026-06 deletes computer/data storage centers as permitted principal uses in the R-O, R-O2 and I-O zones through 2027-12-31, when it sunsets unless extended.",https://www.east-windsor.nj.us/media/Township%20Ordinance/2026/ordinance-2026-06-data-center-moratorium.pdf|https://princetonperspectives.com/artificial-intelligence-infrastructure-hits-bumps-in-the-suburbs/,,true,true,2026-10-07,
add-nj-edgewater-park-2026,township,Edgewater Park Township,NJ,34005,3400520050,40.05398,-74.91247,permanent ban,data center,active,,,,false,Listed as having banned data centers by Pinelands Alliance and Patch; ordinance number/date not found.,https://pinelandsalliance.org/datacenters/|https://patch.com/new-jersey/livingston/dozens-nj-towns-have-banned-ai-data-centers-see-list,,true,false,2026-10-07,
add-nj-elk-township-2026,township,Elk Township,NJ,34015,3401521060,39.66497,-75.15006,permanent ban,data center,active,2026-04-21,,,false,Ord. O-7-2026 adds data centers (incl. internet/cloud data centers and functional equivalents) to the uses prohibited in all districts (96-82).,https://ecode360.com/12500926|https://ecode360.com/50466189,,true,false,2026-10-07,
add-nj-estell-manor-2026,city,Estell Manor,NJ,34001,3421870,39.37280,-74.78741,permanent ban,data center,pending,,,,false,Ord. 04-2026 would define data centers and expressly prohibit them in all zoning districts.,https://ecode360.com/documents/ES0890/public/753282927.pdf,,true,false,2026-10-07,
add-nj-ewing-2026,township,Ewing Township,NJ,34021,3402122185,40.26200,-74.79943,permanent ban,data center,pending,,,,false,Ord. 26-27 would designate all data centers a non-permitted use in all zones (Ch. 215).,https://ecode360.com/documents/EW1628/public/753288115.pdf,,true,false,2026-10-07,
add-nj-franklin-gloucester-2026,township,Franklin Township,NJ,34015,3401524840,39.59156,-75.01209,permanent ban,data center,active,2026-05-12,,,false,Ordinance O-5-2026 amends Ch. 253 Land Development to prohibit data centers in all zoning districts.,https://www.nj.gov/pinelands/landuse/amend/ords.shtml,,true,false,2026-10-07,
add-nj-franklin-sussex-2026,town,Franklin Borough,NJ,34037,3424930,41.10936,-74.59138,permanent ban,data center,pending,,,,false,Ord 05/2026 would define data centers and prohibit them in all zoning districts; Planning Board found it master-plan consistent 2026-08-21.,https://citizenportal.ai/articles/10066656/new-jersey/sussex-county/franklin/planning-board-recommends-ordinance-to-bar-data-centers-after-residents-raise-water-and-infrastructure-concerns|https://citizenportal.ai/articles/8085630/New-Jersey/Sussex-County/Franklin/Council-introduces-parking-ordinance-and-moves-forward-on-datacenter-restrictions-clarifies-cannabis-and-alcohol-license-rules,,true,false,2026-10-07,
add-nj-glassboro-2026,town,Glassboro,NJ,34015,3426340,39.70754,-75.11912,permanent ban,data center;battery storage,active,2026-09-08,,,false,Ordinance 26-24 prohibits data centers and battery energy storage systems in all zoning districts; adopted unanimously.,https://thewhitonline.com/91708/news/glassboro-city-council-bans-data-centers/,,true,false,2026-10-07,
add-nj-gloucester-twp-2026,township,Gloucester Township,NJ,34007,3400726760,39.78811,-75.04776,permanent ban,data center,active,2026-09-14,,,false,Ord. O-26-16 amends Land Development Ordinance O-03-03 to designate data centers a prohibited use in all zoning districts.,https://glotwp19.wpenginepowered.com/wp-content/uploads/2026/09/O2616-Final-Adoption.pdf,,true,false,2026-10-07,
add-nj-green-township-2026,township,Green Township,NJ,34037,3403727420,40.96461,-74.78715,permanent ban,data center,active,2026-05-18,,,false,Ordinance 2026-04 adds a data center definition and lists data centers as a prohibited use in all zoning districts.,https://citizenportal.ai/articles/8457669/new-jersey/sussex-county/green/green-township-committee-adopts-ordinance-banning-data-centers-in-all-zones,,true,true,2026-10-07,
add-nj-greenwich-gloucester-2026,township,Greenwich Township,NJ,34015,3401528185,39.82238,-75.28114,permanent ban,data center,active,2026-05-18,,,false,Ord. 3-2026 defines data centers (700-5) and adds all data centers and associated uses to the prohibited uses list (700-54) in all zones.,https://ecode360.com/GR0428/laws/LF2754707.pdf,,true,false,2026-10-07,
add-nj-greenwich-township-warren-2026,township,Greenwich Township,NJ,34041,3404128260,40.67551,-75.11296,permanent ban,data center,active,2026-05-21,,,false,Ordinance 107-2026 repeals conditional-use allowance for electronic data centers in RO and OP/LR zones and adds them to prohibited uses.,https://www.greenwichtownship.org/wp-content/uploads/2026/04/Introduction-Ordinance-107-2026-Ordinance-to-prohibit-data-centers-2.pdf|https://www.greenwichtownship.org/legal-notices/,,true,true,2026-10-07,
add-nj-hackettstown-2026,town,Hackettstown,NJ,34041,3428710,40.85610,-74.82447,permanent ban,data center,pending,,,,false,Ord. 2026-11 would designate data centers a non-permitted use in all zones of the town.,https://www.hackettstown.net/AgendaCenter/ViewFile/Agenda/_09102026-524|https://www.hackettstown.net/AgendaCenter/ViewFile/Agenda/_10082026-530,,true,false,2026-10-07,
add-nj-hainesport-2026,township,Hainesport Township,NJ,34005,3400529010,39.97052,-74.83914,permanent ban,data center,active,2026-07-14,,,false,Ord. 2026-11 amends Land Development Code Ch. 104 to define and prohibit data centers.,https://www.hainesporttownship.com/345/Township-Committee-Public-Notices|https://pinelandsalliance.org/datacenters/,,true,false,2026-10-07,
add-nj-hamilton-atlantic-2026,township,Hamilton Township,NJ,34001,3400129280,39.50146,-74.75033,permanent ban,data center,active,2026-07-06,,,false,"Ord 2139-2026 amending Ch 203 Land Use re data centers, adopted 2026-07-06; press describes a proposed moratorium on data center construction through year-end.",https://www.nj.gov/pinelands/landuse/amend/ords.shtml|https://pressofatlanticcity.com/news/local/government-politics/article_4214ca9c-cfe9-4d2c-a582-52255d9a4e0a.html|https://pressofatlanticcity.com/news/local/news/local/government-politics/article_ca6cca78-cac0-4529-acd7-5b59987ae4fa.html,,true,true,2026-10-07,
add-nj-hampton-township-2026,township,Hampton Township,NJ,34037,3403729490,41.10440,-74.78114,permanent ban,data center,active,2026-06-29,,,false,Ordinance 2026-13 amends Ch. 108 to prohibit data centers in all zoning districts.,https://www.hamptontownshipnj.info/AgendaCenter/ViewFile/Minutes/_06292026-65|https://citizenportal.ai/articles/8700013/new-jersey/sussex-county/hampton/hampton-committee-adopts-ordinance-banning-data-centers-townshipwide,,true,false,2026-10-07,
add-nj-hardyston-2026,township,Hardyston Township,NJ,34037,3403729850,41.12909,-74.54106,permanent ban,data center,active,2026-06-24,,,false,"Ordinance 2026-12 amends zoning code (and Ords 2022-12, 2025-10) to designate data centers a prohibited use in all zones.",https://www.advertisernewssouth.com/news/local-news/hardyston-bans-data-centers-CE6006703,,true,false,2026-10-07,
add-nj-harrison-gloucester-2026,township,Harrison Township,NJ,34015,3401530180,39.72638,-75.20822,permanent ban,data center,active,2026-05-18,,,false,"Township committee ordinance prohibiting AI data center development township-wide; introduced 2026-04-06, tabled pending land use board review, adopted May 2026.",https://nj1015.com/new-jersey-ai-data-center-bans/|https://southjersey.media/mullica-hill-news/committee-votes-to-table-ordinance-prohibiting-data-centers/,,true,false,2026-10-07,
add-nj-holland-township-2026,township,Holland Township,NJ,34019,3401932460,40.59780,-75.12417,permanent ban,data center,active,2026-07-21,,,false,"Ord. 2026-15 adds 100-20.2: data centers are a prohibited use, as principal or accessory use, in all zoning districts.",https://ecode360.com/51353119|https://ecode360.com/51401007,,true,false,2026-10-07,
add-nj-holmdel-2026,township,Holmdel,NJ,34025,3402532640,40.37510,-74.17632,permanent ban,data center,active,2026-08-11,,,false,Ord. 2026-16 adds data centers to prohibited uses township-wide. Bell Works 40 MW application filed Jul 24 claims time-of-application protection.,https://citizenportal.ai/articles/8614105/new-jersey/monmouth-county/holmdel/holmdel-committee-introduces-ordinance-banning-data-centers-townwide-with-severability-edit|https://nj1015.com/holmdel-data-center-bell-works/|https://tworivertimes.com/developer-filed-data-center-proposal-for-bell-works-before-holmdels-ban/,,true,false,2026-10-07,
add-nj-howell-2026,township,Howell,NJ,34025,3402533300,40.17496,-74.20408,permanent ban,data center,active,2026-08-18,,,false,Ord. O-26-18 prohibits data centers in all zoning districts (reconfirms them as a non-permitted use).,https://www.shorenewsnetwork.com/howell-council-introduces-township-wide-data-center-ban-adopts-daily-fine-ordinance/|https://www.roi-nj.com/2026/08/19/industry/energy-utilities/howell-joins-other-n-j-towns-in-banning-data-centers/|https://www.jerseyshoreonline.com/howell/ai-data-centers-banned-in-howell/,,true,false,2026-10-07,
add-nj-jackson-2026,township,Jackson,NJ,34029,3402934680,40.08625,-74.35573,permanent ban,data center,active,2026-08-25,,,false,Ord. 2026-25 amends Ch. 244 Land Use to prohibit data centers in the township.,https://www.nj.gov/pinelands/landuse/amend/ords.shtml|https://www.jerseyshoreonline.com/jackson/jackson-votes-to-ban-data-centers/|https://nj1015.com/data-center-bans-sweep-new-jersey/,,true,false,2026-10-07,
add-nj-jersey-city-2026,city,Jersey City,NJ,34017,3436000,40.71810,-74.06732,permanent ban,data center,active,2026-08-19,,,false,Ord. 26-057 removes data centers as a principal permitted use in the Industrial District and defines data center/cyber hotel as not warehousing.,https://www.jerseycitynj.gov/news/jersey_city_introduces_law_to_ban_data_centers|http://hudsoncountyview.com/jersey-city-council-votes-unanimously-for-ban-on-standalone-data-centers/,,true,false,2026-10-07,
add-nj-kingwood-2026,township,Kingwood Township,NJ,34019,3401937065,40.48559,-75.01678,permanent ban,data center,active,2026-07-02,,,false,"Ordinance 15-2026 amends Ch. 132 Zoning to define data centers and prohibit them as a principal, conditional, or accessory use in all zoning districts.",https://kingwoodtownship.gov/add-public-notice/township-committee-notices/ordinances-2/3721-ordinance-15-2026-amend-ch-132-data-centers-adopt-2026-07-02,,true,false,2026-10-07,
add-nj-knowlton-township-2026,township,Knowlton Township,NJ,34041,3404137320,40.92542,-75.05331,permanent ban,data center,active,2026-06-08,,,false,Ordinance 2026-09 amends Ch. 151 Land Use to designate data centers a non-permitted use in all zoning districts.,https://knowlton-nj.com/wp-content/uploads/2026/07/June-8-2026-meeting-minutes.pdf,,true,false,2026-10-07,
add-nj-lawrence-mercer-2026,township,Lawrence Township,NJ,34021,3402139510,40.30089,-74.71933,permanent ban,data center,pending,,,,false,"Ord. 2528-26 would prohibit data centers in every zoning district as principal, accessory or conditional use; redevelopment plans that expressly permit them would govern.",https://ecode360.com/documents/LA1498/public/753292388.pdf,,true,false,2026-10-07,
add-nj-lebanon-township-2026,township,Lebanon Township,NJ,34019,3401939660,40.72849,-74.89739,permanent ban,data center;cryptocurrency mining,active,2026-07-08,,,false,"Ordinance 10-2026 amends Ch. 400 to define data centers (incl. AI, cloud, crypto mining) as a non-permitted use in every zoning district.",https://www.lebanontownship.net/DocumentCenter/View/632/Ordinance-10-2026-Chapter-400-Data-Centers-Adopted-Ordinance-7-8-2026|https://www.lebanontownship.net/232/Legal-Public-Notices,,true,false,2026-10-07,
add-nj-leonia-2026,town,Leonia,NJ,34003,3440020,40.86385,-73.98953,permanent ban,data center,active,2026-07-20,,,false,"Ord. 2026-18, 'No Data Centers', is listed among the borough's adopted 2026 ordinances.",https://www.leonianj.gov/borough-government/borough-code-municipal-law/ordinances|https://pinelandsalliance.org/datacenters/,,true,false,2026-10-07,
add-nj-liberty-township-2026,township,Liberty Township,NJ,34041,3404140110,40.86967,-74.95261,permanent ban,data center,active,2026-03-05,,,false,Ordinance 2026.002 designates all data centers a non-permitted use in all zones.,https://www.libertytownship.org/legal/2026/ORD%202026.002%20Data%20Centers%20Adopt%20Legal%20Ad.pdf|https://www.libertytownship.org/legal/2026/ORD%202026.002%20Data%20Centers%20Legal%20Ad.pdf,,true,false,2026-10-07,
add-nj-linden-2026,city,Linden,NJ,34039,3440350,40.62263,-74.23858,permanent ban,data center,pending,,,,false,Ord. 70-53 would add §31-20.25 listing data centers as a prohibited use in all zoning districts citywide.,https://linden-nj.gov/notices/notice-re-ord-70-53-chapter-31-20-25-prohibited-used-data-centers/|https://linden-nj.gov/ai-data-ban-in-linden/|https://newjerseyglobe.com/local/linden-plans-ai-data-center-ban-as-new-jersey-municipalities-take-action/,,true,false,2026-10-07,
add-nj-logan-2026,township,Logan Township,NJ,34015,3401541160,39.79483,-75.34713,permanent ban,data center,active,2026-04-21,,,false,"Ordinance bans data centers as a permitted use township-wide, incl. conversion of existing warehouses/industrial buildings; also bans immigration detention centers.",https://www.yahoo.com/news/articles/rumors-massive-ai-data-center-121539957.html|https://nj1015.com/new-jersey-ai-data-center-bans/,,true,false,2026-10-07,
add-nj-madison-2026,town,Madison,NJ,34027,3442510,40.75799,-74.41675,permanent ban,data center; borough-wide,active,2026-06-08,,,false,Borough council unanimously adopted Ordinance 27-2026 prohibiting data centers as a use (Chapter 195).,https://patch.com/new-jersey/madison/data-centers-now-prohibited-madison-after-unanimous-council-vote,,true,true,2026-10-03,
add-nj-manchester-2026,township,Manchester Township,NJ,34029,3402943140,39.95466,-74.39953,permanent ban,data center,active,2026-09-14,,,false,"Ord. 26-48 repeals Ord. 25-27 and amends the Block 62 Lots 30 & 31.01 redevelopment plan to remove data centers, the only place they were permitted.",https://www.nj.gov/pinelands/landuse/amend/ords.shtml|https://www.jerseyshoreonline.com/manchester/data-centers-blocked-but-concerns-remain/,,true,false,2026-10-07,
add-nj-mannington-2026,township,Mannington Township,NJ,34033,3403343200,39.61689,-75.39787,permanent ban,data center,active,2026-03-05,,,false,Ord. 26-01 amends Ch. 70 Land Development to confirm data centers are prohibited uses or structures in all zoning districts.,https://citizenportal.ai/articles/8464699/new-jersey/salem-county/mannington/mannington-adopts-ordinance-banning-data-centers-across-all-zoning-districts|https://pinelandsalliance.org/datacenters/,,true,false,2026-10-07,
add-nj-mansfield-burlington-2026,township,Mansfield Township,NJ,34005,3400543290,40.09009,-74.71331,permanent ban,data center,active,2026-07-15,,,false,"Ord. 2026-11 revises zoning to prohibit data centers by name (previously unlisted, hence implicitly barred).",https://www.yahoo.com/news/us/articles/mansfield-revises-zoning-strengthen-data-123013988.html|https://www.inquirer.com/south-jersey/cherry-hill-nj-data-center-ban-20260728.html,,true,false,2026-10-07,
add-nj-mansfield-township-warren-2026,township,Mansfield Township,NJ,34041,3404143320,40.80606,-74.91254,permanent ban,data center,active,2026-06-24,,,false,Ordinance 019-2026 amends §360-4 and adds §363-81 to prohibit data centers in all zones (purpose: large-scale data centers).,https://mansfieldtownship-nj.gov/media/attachments/2026/06/25/019-2026b---publication-of-adoption.pdf,,true,false,2026-10-07,
add-nj-mantua-2026,township,Mantua Township,NJ,34015,3401543440,39.75689,-75.16618,permanent ban,data center,active,2026-05,,,false,Township adopted an ordinance banning data centers (notice published 2026-05-11).,https://mantuatownship.com/public-records/mantua-township-adopts-ordinance-banning-data-centers-published-may-11-2026/,,true,true,2026-10-03,
add-nj-medford-2026,township,Medford Township,NJ,34005,3400545120,39.86080,-74.83995,permanent ban,data center,active,2026-06-23,,,false,"Ord. 2026-15 designates data centers a nonpermitted use in all zones; broad definition, no size threshold.",https://medfordtownship.com/wp-content/uploads/2026/06/Agenda-June-23-2026.pdf|https://www.nj.gov/pinelands/landuse/amend/ords.shtml|https://www.inquirer.com/south-jersey/medford-data-center-ban-artificial-intelligence-20260625.html|https://www.pinebarrenstribune.com/articles/featured-stories/medford-council-adopts-taboo-on-data-centers-only-to-find-it-carries-unintended-implications/,,true,false,2026-10-07,
add-nj-middletown-2026,township,Middletown Township,NJ,34025,3402545990,40.38146,-74.07976,permanent ban,data center,pending,,,,false,Ord. 2026-3536 would make data centers a prohibited use in every zoning district.,https://publicrecordnj.com/reporting/middletown-data-center-ban/,,true,false,2026-10-07,
add-nj-millburn-2026,township,Millburn,NJ,34013,3401346380,40.73688,-74.32565,permanent ban,data center; crypto mining,withdrawn,,,,false,"Ord. 2770-26 would prohibit data centers in all districts. It exempts accessory server rooms up to 10,000 sf (or 20% of floor area) and 2 MW, and home setups up to 50 kW.",https://twp.millburn.nj.us/DocumentCenter/View/17793/Ordinance-2770-26-Zoning-Data-Centers---Public-Hearing-1062026|https://twp.millburn.nj.us/312/Proposed-Ordinances,,true,false,2026-10-07,
add-nj-millstone-township-2026,township,Millstone Township,NJ,34025,3402546560,40.20334,-74.41862,permanent ban,data center,active,2026-09-16,,,false,Ord. 26-15 defines data centers and adds them to prohibited uses (35-4-1.3); also defines warehouses to exclude data centers.,https://ecode360.com/MI0357/laws/LF2814549.pdf,,true,false,2026-10-07,
add-nj-millville-2026,city,Millville,NJ,34011,3446680,39.38620,-75.04711,permanent ban,data center;crypto mining,active,2026-05-19,,,false,"Ordinance amending Ch. 30 Land Use prohibits data centers (incl. AI, crypto mining facilities) citywide; blocked a 2.6M sq ft / 1.4 GW proposal.",https://www.millvillenj.gov/AgendaCenter/ViewFile/Item/20700?fileID=27324|https://www.roi-nj.com/2026/05/20/tech/millville-bans-data-centers-rejecting-largest-proposed-facility-in-n-j/|https://newjersey.news12.com/2026/05/20/millville-bans-data-centers-killing-largest-proposed-facility-in-new-jersey-history/77eDMHsKNvb6HkPeGLzLLN,,true,false,2026-10-07,
add-nj-monroe-2026,township,Monroe Township,NJ,34015,3401547250,39.65180,-74.96283,permanent ban,data center; township-wide,active,2026-04-22,,,false,Township adopted two ordinances banning all data center use township-wide.,https://www.cbsnews.com/philadelphia/news/monroe-gloucester-new-jersey-data-center-ban-law/,,true,false,2026-10-03,
add-nj-montgomery-2026,township,Montgomery,NJ,34035,3403547580,40.42333,-74.68647,permanent ban,data center,active,2026-06-18,,,false,Ord. 26-1779 amends LDO §16-1.5 so that data centers (and detention centers) are prohibited throughout the township.,https://www.montgomerynj.gov/AgendaCenter/ViewFile/Minutes/_06182026-270|https://newjerseymonitor.com/2026/08/20/nj-data-center-bans-courts/,,true,false,2026-10-07,
add-nj-neptune-2026,township,Neptune,NJ,34025,3402549890,40.20776,-74.05599,permanent ban,data center;crypto mining,active,2026-07-13,,,false,Ord. 26-26 amends LDO-401 to prohibit data centers (definition includes blockchain/crypto mining and AI) and DHS detention centers in all districts.,https://neptunetownship.org/sites/default/files/6.22.26%20Reg%20Min_0.pdf|https://www.roi-nj.com/2026/07/14/industry/energy-utilities/neptune-township-becomes-25th-n-j-municipality-to-ban-data-centers/|https://www.yahoo.com/news/us/articles/neptune-prohibits-data-centers-ice-145003979.html,,true,false,2026-10-07,
add-nj-new-hanover-2026,township,New Hanover Township,NJ,34005,3400551510,40.02306,-74.57860,permanent ban,data center,pending,,,,false,Ord. 2026-04 would designate data centers a prohibited use in all zones; pending local adoption.,https://www.nj.gov/pinelands/landuse/amend/ords.shtml,,true,false,2026-10-07,
add-nj-new-providence-2026,town,New Providence,NJ,34039,3451810,40.69847,-74.40545,permanent ban,data center,active,2026-08-11,,,false,Ord. 2026-06 removes data centers as a permitted use from the TBI-1 and TBI-2 zones (the only zones allowing them) and adds a micro/mini data center (AI node) definition.,https://ecode360.com/NE1158/laws/LF2779827.pdf,,true,false,2026-10-07,
add-nj-north-brunswick-2026,township,North Brunswick,NJ,34023,3402352560,40.44691,-74.48884,permanent ban,data center,active,2026-08-24,,,false,Ord. 26-24A amends Ch. 205 Land Use to define data centers and designate them a prohibited use in all zones.,https://northbrunswicknj.gov/AgendaCenter/ViewFile/Agenda/_08242026-165|https://northbrunswicknj.gov/AgendaCenter/ViewFile/Agenda/_07272026-166|https://www.roi-nj.com/2026/08/25/industry/energy-utilities/north-brunswick-east-brunswick-and-stafford-township-ban-data-centers/,,true,false,2026-10-07,
add-nj-north-hanover-2026,township,North Hanover Township,NJ,34005,3400553070,40.08808,-74.58627,permanent ban,data center,active,2026-06-04,,,false,Ord. 2026-09 designates data centers a non-permitted use in all zones.,https://www.northhanovertwp.com/Ordinances/ordinances.html|https://www.nj.gov/pinelands/landuse/amend/ords.shtml,,true,false,2026-10-07,
add-nj-north-plainfield-2026,town,North Plainfield,NJ,34035,3453280,40.62228,-74.43677,permanent ban,data center,active,2026-07-13,,,false,Ord. 26-10 adds §22-115.34: data centers are prohibited within any zone in the borough.,https://www.northplainfieldnj.gov/government/documents/meeting-documents/mayor-council-meeting/2026-borough-council-meeting-documents/2026-minutes-bourough-council/1429-07-13-2026-regular-meeting-minutes-pdf/file|https://northplainfieldnj.gov/add-public-notice/ordinance-notices/1367-notice-of-pending-ordinance-26-10-pdf/file,,true,false,2026-10-07,
add-nj-old-bridge-2026,township,Old Bridge,NJ,34023,3402354705,40.39480,-74.32197,permanent ban,data center,pending,,,,false,A proposed ordinance would add data centers as a non-permitted use in all zoning districts; two redevelopment plans currently permit them.,https://www.oldbridge.com/article/3010313|https://newjersey.news12.com/old-bridge-considers-preventative-ai-data-center-ban-following-heated-public-meeting|https://pinelandsalliance.org/datacenters/,,true,false,2026-10-07,
add-nj-oldmans-2026,township,Oldmans Township,NJ,34033,3403354810,39.73854,-75.41222,permanent ban,data center,active,2026-06-10,,,false,Ord. 2026-09 prohibits data centers and related facilities in all township zoning districts.,https://citizenportal.ai/articles/8533124/New-Jersey/Salem-County/Oldmans/Oldmans-Committee-adopts-ordinance-banning-data-centers-in-all-zoning-districts|https://pinelandsalliance.org/datacenters/,,true,false,2026-10-07,
add-nj-peapack-gladstone-2026,town,Peapack-Gladstone,NJ,34035,3457300,40.71842,-74.65855,permanent ban,data center,active,2026-08-11,,,false,"Ord. 1171-2026 amends LDO Ch. 23: data centers are a non-permitted use in all zones, with added checklist requirements for any use-variance application.",https://www.peapackgladstone.org/government/ordinances/adopted/2026-1/2347-ordinance-no-1171-2026-amending-and-supplementing-the-land-development-ordinance-of-the-borough-of-peapack-and-gladstone-chapter-23-to-designate-data-centers-as-a-non-permitted-use-in-all-zones-within-the-borough-and-to-provide-application-requirements/file|https://citizenportal.ai/articles/9181870/new-jersey/somerset-county/peapack-and-gladstone/council-adopts-ordinance-barring-data-centers-in-borough-zones-after-public-hearing|https://citizenportal.ai/articles/10316573/New-Jersey/Somerset-County/Peapack-and-Gladstone/Council-reintroduces-ordinance-banning-data-centers-across-borough-zones,,true,false,2026-10-07,
add-nj-pemberton-2026,township,Pemberton Township,NJ,34005,3400557510,39.95795,-74.59616,permanent ban,data center,active,2026-02-18,,,false,Ord. 13-2026 amends Ch. 190 Zoning to prohibit data centers in the township; follows Feb 2026 Ord. 10-2026 reported as first NJ local ban.,https://www.pemberton-twp.com/government/minutes_ordinances/ordinances.php|https://www.nj.gov/pinelands/landuse/amend/ords.shtml|https://pinelandsalliance.org/data-center-victories-local-actions-drive-regional-change/|https://www.njspotlightnews.org/2026/07/as-sherrill-curbs-data-centers-towns-use-home-rule-as-total-block/,,true,true,2026-10-07,
add-nj-pennsville-2026,township,Pennsville Township,NJ,34033,3403357870,39.63371,-75.51379,permanent ban,data center,active,2026-07-02,,,false,Ordinance A-13-2026 amends land use ordinances to define data centers and confirm they are prohibited in all zoning districts.,https://www.pennsville.org/notice-of-adopted-ordinance-a-13-2026/|https://www.pennsville.org/171/Township-Ordinances,,true,false,2026-10-07,
add-nj-phillipsburg-2026,town,Phillipsburg,NJ,34041,3458350,40.68868,-75.18174,permanent ban,data center; all zones,active,2026-04-14,,,false,Town council adopted an ordinance prohibiting data centers in all zones.,https://wrnjradio.com/phillipsburg-council-approves-ordinance-banning-data-centers/,,true,true,2026-10-03,
add-nj-pilesgrove-2026,township,Pilesgrove Township,NJ,34033,3403358530,39.65113,-75.28555,permanent ban,data center,active,2026-05-12,,,false,Ordinance 2026-05 amends Ch. 145 Land Use to define data centers and confirm they are prohibited in all zoning districts.,https://www.pilesgrovenj.org/media/3506|https://pinelandsalliance.org/datacenters/,,true,false,2026-10-07,
add-nj-pittsgrove-2026,township,Pittsgrove Township,NJ,34033,3403359130,39.52834,-75.13110,permanent ban,data center,active,2026-05-27,,,false,Ordinance 2026-06 amends Ch. 60 Land Use to define and prohibit data centers in all zoning districts; adopted unanimously.,https://www.pittsgrovetownship.com/ordinances/|https://citizenportal.ai/articles/8310387/new-jersey/salem-county/pittsgrove/pittsgrove-adopts-ordinance-banning-data-centers-in-all-zoning-districts,,true,false,2026-10-07,
add-nj-plainfield-2026,city,Plainfield,NJ,34039,3459190,40.61936,-74.40801,permanent ban,data center,active,2026-08,,,false,"City Council ordinance banning data centers citywide, adopted unanimously on second reading. It follows the May rejection of a conditional-use 'guardrails' ordinance.",https://www.tapinto.net/towns/plainfield/categories/news/articles?page=4|https://www.tapinto.net/towns/plainfield/articles/plainfield-city-council-takes-significant-step-towards-data-center-ban,,true,true,2026-10-07,
add-nj-plumsted-2026,township,Plumsted Township,NJ,34029,3402959790,40.05403,-74.49199,permanent ban,data center,active,2026-08-05,,,false,Ord. 2026-19 amends Ch. 15 Zoning regarding data centers; Pinelands Preservation Alliance lists Plumsted as a ban.,https://www.nj.gov/pinelands/landuse/amend/ords.shtml|http://www.plumsted.gov/AgendaCenter/ViewFile/Agenda/_08052026-96|https://pinelandsalliance.org/datacenters/,,true,false,2026-10-07,
add-nj-quinton-2026,township,Quinton Township,NJ,34033,3403361470,39.51406,-75.36412,permanent ban,data center,active,2026-05-05,,,false,Ord. 2026-05 defines data centers and makes them a prohibited use in the township zoning code.,https://citizenportal.ai/articles/8519892/New-Jersey/Salem-County/Quinton/Quinton-adopts-ordinance-banning-data-centers|https://citizenportal.ai/articles/8389234/new-jersey/salem-county/quinton/quinton-solicitor-proposes-ordinance-to-ban-data-centers-planning-board-forwards-measure-to-township-committee|https://pinelandsalliance.org/datacenters/,,true,false,2026-10-07,
add-nj-raritan-township-2026,township,Raritan Township,NJ,34019,3401961920,40.51090,-74.89938,permanent ban,data center,active,2026-09-15,,,false,"Ordinance adds data centers to prohibited uses in all zones; accessory server rooms allowed up to lesser of 10% of GFA or 2,000 sq ft.",https://www.raritantwpnj.gov/government/news/789-raritan-township-adopts-ordinance-prohibiting-data-centers|https://wrnjradio.com/raritan-township-adopts-ordinance-banning-data-centers/,,true,false,2026-10-07,
add-nj-red-bank-2026,town,Red Bank,NJ,34025,3462430,40.35000,-74.06505,permanent ban,data center,active,2026-06-11,,,false,"Ord. 26-18 zoning overhaul (Master Plan phase one) prohibits data centers in the borough, alongside ADU, smoke-shop and boutique-hotel changes.",https://citizenportal.ai/articles/8169714/New-Jersey/Monmouth-County/Red-Bank/Planning-board-recommends-zoning-changes-to-allow-ADUs-ban-smoke-shops-and-bar-data-centers|https://tworivertimes.com/council-oks-boutique-hotels-granny-units-in-red-bank-bans-data-centers/|https://www.roi-nj.com/2026/06/15/industry/energy-utilities/red-bank-council-votes-to-ban-data-centers-calls-on-state-to-pause-construction-of-facilities-in-other-towns/,,true,false,2026-10-07,
add-nj-ridgefield-park-2026,village,Ridgefield Park,NJ,34003,3462940,40.85366,-74.01860,permanent ban,data center,active,2026-06-09,,,false,Ord. 2026-13 amends Code Ch. 96 to prohibit data centers in all zones in the village.,https://www.ridgefieldpark.org/AgendaCenter/ViewFile/Minutes/_06092026-482|https://citizenportal.ai/articles/9067815/New-Jersey/Bergen-County/Ridgefield-Park/Ordinance-adopted-to-ban-data-centers-in-all-Ridgefield-Park-zones,,true,false,2026-10-07,
add-nj-rockaway-township-2026,township,Rockaway Township,NJ,34027,3402764080,40.96959,-74.48741,permanent ban,data center,active,2026-07-14,,,false,Ord. O-26-23 amends Ch. 54 (Land Use) to designate data centers a prohibited use in all zoning districts.,https://www.rockawaytownship.org/AgendaCenter/ViewFile/Minutes/_07142026-1020|https://citizenportal.ai/articles/8538656/new-jersey/morris-county/rockaway/rockaway-township-council-adopts-ordinance-banning-data-centers-in-all-zoning-districts,,true,false,2026-10-07,
add-nj-roselle-park-2026,town,Roselle Park,NJ,34039,3464650,40.66568,-74.26505,permanent ban,data center; crypto mining,active,2026-06-18,,,false,"Ord. 2860 prohibits data centers, including hyperscale, colocation, cloud, crypto mining and AI processing, in every zoning district.",https://citizenportal.ai/articles/8222180/new-jersey/union-county/roselle-park/roselle-park-council-bans-data-centers-in-all-zoning-districts|https://newjersey.news12.com/2026/05/13/roselle-park-mayor-to-introduce-ordinance-banning-data-center-development/SLrCIWRf6HQBcXMLaZdJ6,,true,false,2026-10-07,
add-nj-shamong-2026,township,Shamong Township,NJ,34005,3400566810,39.78216,-74.73006,permanent ban,data center,pending,,,,false,"Ordinance 2026-3 would designate data centers a non-permitted use in all zones; 2nd reading carried to Oct 6, 2026.",https://www.shamong.net/publicnotices/index.php|https://citizenportal.ai/articles/8988831/New-Jersey/Burlington-County/Shamong/Second-reading-on-ordinance-to-ban-data-centers-carried-to-October-to-include-planner-review,,true,false,2026-10-07,
add-nj-south-brunswick-2026,township,South Brunswick,NJ,34023,3402368790,40.38284,-74.52302,permanent ban,data center,pending,,,,false,A proposed ordinance banning data centers was awaiting second reading as of Aug 20 2026.,https://patch.com/new-jersey/livingston/dozens-nj-towns-have-banned-ai-data-centers-see-list,,true,false,2026-10-07,
add-nj-south-plainfield-2026,town,South Plainfield,NJ,34023,3469390,40.57274,-74.41381,permanent ban,data center,active,,,,false,A proposed ordinance would classify data center land use and development as non-permitted in all zones.,https://www.tapinto.net/towns/south-plainfield/sections/government/articles/ordinance-aims-to-classify-data-center-land-uses-and-development-as-non-permitted-within-south-plainfield,,true,false,2026-10-07,
add-nj-sparta-2026,township,Sparta Township,NJ,34037,3403769690,41.05527,-74.61180,permanent ban,data center,active,2026-06-23,,,false,Ordinance 26-11 amends Ch. 18 Land Management Code to define data centers and prohibit them in all zones; accessory IT/server equipment and telecom facilities excluded.,https://www.spartanj.org/AgendaCenter/ViewFile/Item/683?fileID=2192|https://www.spartanj.org/DocumentCenter/View/2613/Summary-of-Ordinance-26-11|https://www.spartanj.org/AgendaCenter/ViewFile/Agenda/_06232026-693,,true,false,2026-10-07,
add-nj-stafford-2026,township,Stafford Township,NJ,34029,3402970320,39.70719,-74.25338,permanent ban,data center,active,2026-08-18,,,false,Ord. 2026-22 supplements §211-4.1 Additional Prohibited Uses: 'All data centers are hereby prohibited' township-wide; also bans cannabis businesses.,https://www.nj.gov/pinelands/landuse/amend/ords.shtml|https://patch.com/new-jersey/barnegat-manahawkin/data-center-ban-approved-stafford-township|https://www.roi-nj.com/2026/08/25/industry/energy-utilities/north-brunswick-east-brunswick-and-stafford-township-ban-data-centers/,,true,false,2026-10-07,
add-nj-summit-2026,city,Summit,NJ,34039,3471430,40.71251,-74.36221,permanent ban,data center,active,2026-06-16,,,false,Ord. 26-3390 adds AI/data center facilities to the prohibited uses in §35-9.2. Ord. 26-3393 (2026-07-28) strengthened it and dropped reliance on a 20 MW threshold.,https://www.cityofsummit.org/AgendaCenter/ViewFile/Minutes/_06162026-1340|https://www.cityofsummit.org/AgendaCenter/ViewFile/Minutes/_07282026-1349,,true,false,2026-10-07,
add-nj-union-township-2026,township,Union Township,NJ,34039,3403974480,40.69643,-74.27613,permanent ban,data center,active,2026-06-09,,,false,Ordinance amending Code Ch. 170 (Zoning) to prohibit AI data centers in all zoning districts.,https://www.uniontownship.com/AgendaCenter/ViewFile/Minutes/_06092026-1419|https://www.uniontownship.com/AgendaCenter/ViewFile/Agenda/_05122026-1417,,true,false,2026-10-07,
add-nj-upper-pittsgrove-2026,township,Upper Pittsgrove Township,NJ,34033,3403375110,39.61152,-75.19838,permanent ban,data center,active,2026-07-14,,,false,Ord. 2026-5 amends Land Development Ordinance 10.1(C) to add data centers to the uses expressly prohibited in all districts.,https://upperpittsgrovenj.org/wp-content/uploads/2026/06/2026-5-Ordinance-to-Amend-Ordinance-2006-7.pdf|https://upperpittsgrovenj.org/wp-content/uploads/2026/08/TC-7-14-26-Minutes.pdf|https://upperpittsgrovenj.org/wp-content/uploads/2026/08/PUBLIC-NOTICE-2026-5-Final-Adoption-Website.pdf,,true,false,2026-10-07,
add-nj-upper-twp-2026,township,Upper Township,NJ,34009,3400974810,39.24650,-74.71461,permanent ban,data center;crypto mining,active,2026-09-14,,,false,"Ord. 015-2026 adds data centers (regardless of size, incl. AI, crypto mining) to uses prohibited in all zones; accessory server rooms excluded.",https://uppertownship.com/wp-content/uploads/2026/09/Ord-015-2026.pdf|https://www.nj.gov/pinelands/landuse/amend/ords.shtml,,true,false,2026-10-07,
add-nj-vernon-2026,township,Vernon Township,NJ,34037,3403775740,41.19491,-74.47698,permanent ban,data center;cryptocurrency mining,active,2026-06-22,,,false,"Ordinance 26-11 amends Ch. 330 to define data centers (incl. crypto mining, AI) and add them to uses prohibited in all districts (§330-156).",https://www.vernontwp.com/images/26-11_Data_Center_Ordinance.pdf|https://www.vernontwp.com/index.php/articles/ordinances/2026-ordinances/ordinance-no-26-11,,true,false,2026-10-07,
add-nj-warren-township-2026,township,Warren Township,NJ,34035,3403576940,40.63000,-74.52270,permanent ban,data center,active,2026-06-18,,,false,"Ord. 26-19 defines data centers, designates them a prohibited use in all zones (§16-5.25) and adds supplementary standards.",https://www.warrennj.org/DocumentCenter/View/11686/Ord-26-19-Amend-Code-Define-Data-Centers-Designate-as-a-Prohibited-Use--Provide-a-Set-of-Supplementary-Standards-for-Data-Centers|https://www.govtech.com/artificial-intelligence/data-center-bans-emerge-in-4-more-new-jersey-communities|https://www.roi-nj.com/2026/06/23/industry/energy-utilities/warren-becomes-latest-town-in-n-j-to-ban-data-centers/,,true,false,2026-10-07,
add-nj-washington-borough-2026,town,Washington Borough,NJ,34041,3477270,40.75545,-74.98383,permanent ban,data center,active,2026-04-07,,,false,Ordinance 2026-04 amends zoning to designate data centers a non-permitted use in all zones in the borough.,https://citizenportal.ai/articles/8962726/new-jersey/warren-county/borough-of-washington/council-bans-data-centers-boroughwide-citing-water-and-energy-concerns,,true,false,2026-10-07,
add-nj-washington-twp-2026,township,Washington Township,NJ,34005,3400577150,39.66485,-74.59161,permanent ban,data center;warehouse,active,2026-09-01,,,false,"Ordinance 2026-08 'Data Centers, Fulfillment Centers and Warehouses'; scope (prohibition vs regulation) not verified.",https://www.nj.gov/pinelands/landuse/amend/ords.shtml|https://www.twp.washington.nj.us/government/township_council/ordinances.php,,true,false,2026-10-07,
add-nj-washington-twp-gloucester-2026,township,Washington Township,NJ,34015,3401577180,39.75674,-75.07643,permanent ban,data center,active,2026-05-06,,,false,Ord. 15-2026 defines data centers (285-9) and adds them to Uses prohibited in all districts (285-182C).,https://ecode360.com/WA0294/laws/LF2692466.pdf,,true,false,2026-10-07,
add-nj-waterford-2026,township,Waterford Township,NJ,34007,3400777630,39.73464,-74.80416,permanent ban,data center,active,2026-04-08,,,false,Ord. 2026-12 amends Ch. 176 Land Use to prohibit data centers in all zoning districts.,https://www.nj.gov/pinelands/landuse/amend/ords.shtml|https://nj1015.com/new-jersey-ai-data-center-bans/,,true,false,2026-10-07,
add-nj-winslow-2026,township,Winslow Township,NJ,34007,3400781740,39.69587,-74.88122,permanent ban,data center,active,2026-05-26,,,false,Ord. O-2026-017 amends Ch. 296 to prohibit data centers (and Class 1-4 micro-cannabis) in the township's Pinelands Area.,https://www.nj.gov/pinelands/landuse/amend/ords.shtml|https://pinelandsalliance.org/datacenters/,,true,false,2026-10-07,
add-nj-woodstown-2026,town,Woodstown,NJ,34033,3482720,39.64931,-75.32570,permanent ban,data center,active,2026-07-14,,,false,Ordinance 2026-8 amends Ch. 67 Land Development to list data centers as prohibited uses in all zoning districts; introduced 2026-06-23.,https://citizenportal.ai/articles/8768613/New-Jersey/Salem-County/Woodstown/Woodstown-council-adopts-ordinance-banning-data-centers-in-all-zoning-districts,,true,false,2026-10-07,
add-nv-fallonpaiuteshoshonetribe-2026,tribal,Fallon Paiute-Shoshone Tribe,NV,32001,,39.51123,-118.62210,permanent ban,data center; tribal lands,active,2026-05-26,,,false,Tribe adopted a resolution banning data centers on tribal lands (Moratorium Nation dates it 2026-05-26).,https://www.kunr.org/energy-and-environment/2026-09-02/northern-nevada-tribes-speak-out-against-data-centers,,true,true,2026-10-03,
add-nv-nyecounty-2026,county,Nye County,NV,32023,,37.60563,-116.53068,permanent ban,data center,active,2026-08-18,,,false,Commission voted 5-0 to permanently ban data center construction/operation within Hydrographic Basin 162 (Pahrump Valley); rest of county under moratorium pending siting rules.,https://nevadacurrent.com/2026/08/20/nye-county-totally-bans-data-centers-in-over-appropriated-water-basin/,,true,false,2026-10-07,
add-nv-pyramidlakepaiutetribe-2026,tribal,Pyramid Lake Paiute Tribe,NV,32031,,39.83020,-119.36050,permanent ban,data center; tribal homelands,active,2026-08-21,,,false,Tribal council passed a permanent moratorium on data centers within Pyramid Lake Paiute homelands.,https://www.kunr.org/energy-and-environment/2026-09-02/northern-nevada-tribes-speak-out-against-data-centers,,true,false,2026-10-03,
add-ny-allegany-2026,town,Allegany,NY,36009,3600901297,42.08502,-78.51781,permanent ban,data center;cryptocurrency mining,active,2026-06-09,,,false,"Town board passed a local law banning data centers, accessory data centers and cryptocurrency mining facilities in all zoning districts.",https://www.oleantimesherald.com/2026/06/13/allegany-town-bans-data-center-crypto-mining-facilities/|https://writing.strisker.com/data-centers-weekly-briefing-jun-15-18-2026/,,true,true,2026-10-07,
add-ny-danby-2026,town,Danby,NY,36109,3610919620,42.32725,-76.46653,permanent ban,data center;cryptocurrency mining,active,2026-04-07,,,false,"Zoning amendments define data centers and cryptocurrency mining facilities and do not allow them in any zone, effectively banning both uses townwide.",https://www.ithaca.com/news/ithaca/town-of-danby-bans-data-centers-and-crypto-mines/article_e59fdc05-a17a-4462-8c26-a74e84dd4741.html|https://www.cornellsun.com/article/2026/10/town-of-lansing-to-draft-data-center-ban-following-public-upset,,true,false,2026-10-07,
add-ny-dryden-2026,town,Dryden,NY,36109,3610920962,42.47286,-76.35377,permanent ban,data center;cryptocurrency mining,active,2026-02-19,,,false,"Local Law 2 of 2026 defines data centers and cryptocurrency data mines but omits them from the allowable-use chart, prohibiting them as principal uses town-wide.",https://ithacavoice.org/2026/02/the-town-of-dryden-just-banned-data-centers-heres-why/,,true,false,2026-10-07,
add-ny-lakeplacid-2018,utility,"Village of Lake Placid (Lake Placid Village, Inc. electric)",NY,,,,,temporary moratorium,crypto mining,expired,2018-05,,540,false,"Village of Lake Placid and Town of North Elba approved an 18-month moratorium on cryptomining, citing the village utility's cheap hydropower and Plattsburgh's experience.",https://www.dailygazette.com/ade/news/local-news/2018/05/lake-placid-north-elba-will-place-moratorium-on-cryptomining/|https://www.zafrahosting.com/press/k2b95hy06bmmvyze446zfeeabvhz8y,,true,true,2026-10-07,10610
add-ny-lansing-2026,town,Lansing,NY,36109,3610941234,42.55560,-76.52631,permanent ban,data center,pending,,,,false,Town Board (4 of 5) directed town attorney to draft a local law prohibiting data centers after TeraWulf proposal at former Cayuga/Milliken plant; hearing and vote expected fall 2026.,https://www.cornellsun.com/article/2026/10/town-of-lansing-to-draft-data-center-ban-following-public-upset|https://ithacavoice.org/2026/09/lansing-board-data-center-ban/|https://sustainablefingerlakes.org/2026/10/01/update-the-town-of-lansing-is-drafting-a-ban-on-data-centers/,,true,false,2026-10-07,
add-ny-massena-town-crypto-2021,town,Town of Massena,NY,36089,3608946030,44.95715,-74.82875,temporary moratorium,crypto mining,replaced,2021-08,2022-04-30,,false,"Town Board adopted a 90-day local-law moratorium on new cryptocurrency mining operations (to 2021-11-30), later extended twice while it drafted crypto mining regulations.",https://www.wwnytv.com/2022/02/17/massena-town-board-extends-cryptocurrency-mining-moratorium/|https://www.nny360.com/communitynews/business/town-of-massena-agrees-to-90-day-moratorium-on-future-cryptocurrency-mining-operations/article_7d8b46f8-5ab4-5a63-8b8c-b2d5a22f2903.html|https://www.nny360.com/communitynews/business/massena-town-board-approves-final-cryptocurrency-regulation/article_6af047bb-3faf-5f29-8d11-75647205ac24.html,,true,true,2026-10-07,
add-ny-massenaelectric-2021,utility,Massena Electric Department,NY,36089,,44.92629,-74.88593,temporary moratorium,crypto mining,expired,2021-07,,,false,Town-owned Massena Electric set its own moratorium on new cryptocurrency mining customers while it negotiated with three existing prospects; separate from the town's planned 90-day zoning moratorium.,https://www.wwnytv.com/2021/07/22/massena-pumps-breaks-new-cryptocurrency-miners/|https://www.marketplace.org/story/2022/03/11/crypto-miners-came-to-upstate-new-york-for-cheap-energy-some-regret-letting-them-come,,true,true,2026-10-07,11811
add-ny-niagara-falls-crypto-2021,city,Niagara Falls,NY,36063,3651055,43.10316,-79.02949,temporary moratorium,data center|crypto mining,expired,2021-12,2022-09-13,,false,City Council voted 4-1 for an immediately effective moratorium on new data centers and cryptocurrency mining facilities until 2022-06-15; later extended to 2022-09-13.,https://www.wkbw.com/news/local-news/a-pause-on-crypto-development|https://buffalonews.com/news/local/niagara-falls-mayor-says-new-moratorium-allows-city-to-shut-down-outdoor-cryptocurrency-complex/article_670fb554-628e-11ec-ace7-c3225d6d632a.html,,true,true,2026-10-07,
add-ny-plattsburgh-2018,utility,City of Plattsburgh (Municipal Lighting Department),NY,36019,,44.69434,-73.45991,temporary moratorium,crypto mining,lifted,2018-03-15,2019-03,,false,City council imposed an 18-month moratorium on new commercial crypto mining because miners were using 10-15% of the municipal utility's low-cost hydropower allocation; lifted about March 2019.,https://www.northcountrypublicradio.org/news/story/35828/20180316/city-of-plattsburgh-says-no-to-new-bitcoin-mining-companies-at-least-for-now|https://www.congress.gov/crs_external_products/R/PDF/R48914/R48914.1.pdf|https://www.wamc.org/north-country-news/2019-03-05/plattsburgh-ends-cryptocurrency-moratorium,,true,false,2026-10-07,15145
add-ny-rousespoint-2018,utility,Village of Rouses Point (municipal electric),NY,,,,,temporary moratorium,crypto mining,expired,2018-05,,730,false,"Village trustees adopted a two-year moratorium on cryptocurrency, blockchain and similar data-mining operations after dozens of requests drawn by the village utility's low-cost NYPA hydropower.",https://www.pressrepublican.com/news/local_news/rouses-point-imposes-cryptocurrency-ban/article_d3e66bac-55ce-5216-814a-6c1e8c7c665f.html|https://www.govtech.com/dc/articles/northern-new-york-communities-temporarily-ban-new-cryptocurrency-miners.html,,true,true,2026-10-07,16325
add-ny-schroeppel-2026,town,Schroeppel,NY,36075,3607565618,43.26290,-76.28204,temporary moratorium,data center,active,2026-07-14,2027-07-14,365,false,"Town Board approved a 12-month moratorium on data center projects at a public hearing while it drafts local laws on data center regulation, site permits and design; no applications were pending.",https://cnycentral.com/news/local/schroeppel-adopts-moratorium-on-data-centers-seeks-input-on-battery-energy-storage,,true,false,2026-10-07,
add-ny-tupperlake-2024,utility,Village of Tupper Lake (municipal electric),NY,,,,,temporary moratorium,crypto mining,expired,2024-03-18,,,false,"Village board adopted Local Law #1-2024, a moratorium on commercial cryptocurrency mining, at the electric superintendent's urging to keep the village's cheap power for residents.",https://www.tupperlakeny.gov/vertical/sites/%7BE08972AB-854D-4CB7-B840-09015FB2A25A%7D/uploads/Minutes_03-18-24.pdf,,true,false,2026-10-07,19274
add-oh-aepohio-2023,utility,AEP Ohio,OH,39049,,39.98307,-82.96810,interconnection pause,data center; crypto mining,lifted,2023-03,2025-07,,false,AEP Ohio halted new data center/crypto service agreements in central Ohio to study ~30 GW of requests; PUCO's 2025-07-09 data center tariff order required the moratorium to be lifted in phases.,https://www.vorys.com/publication-public-utilities-commission-of-ohio-authorizes-tariff-for-aep-ohios-data-center-customers-requires-end-of-moratorium-on-new-services-for-data-centers|https://www.powermag.com/regulator-approves-aep-ohios-landmark-data-center-tariff/|https://www.utilitydive.com/news/aep-ohio-data-center-crypto-rates-puc/716150/,,true,true,2026-10-07,14006
add-oh-allen-twp-union-2026,township,Allen Township (Union County),OH,39159,3915901336,40.24455,-83.49208,permanent ban,data center,pending,,,,false,"Proposed zoning text amendment would define Data Center without listing it as permitted or conditional in any district, effectively prohibiting it; reviewed by LUC regional planning.",https://www.lucplanning.com/_files/ugd/540e57_079b5c24ebf149889f9b94851e6f327e.pdf|https://ohiocapitaljournal.com/2026/09/18/ohio-now-has-over-125-active-moratoriums-on-data-centers-see-where-they-are/,,true,false,2026-10-07,
add-oh-bloomfield-twp-logan-2026,township,Bloomfield Township (Logan County),OH,39091,3909107118,40.41084,-83.96226,permanent ban,data center,pending,,,,false,"Proposed zoning text amendment would define Data Center without listing it as permitted or conditional in any district, effectively prohibiting it; reviewed by LUC regional planning.",https://www.lucplanning.com/_files/ugd/540e57_079b5c24ebf149889f9b94851e6f327e.pdf|https://ohiocapitaljournal.com/2026/09/18/ohio-now-has-over-125-active-moratoriums-on-data-centers-see-where-they-are/,,true,false,2026-10-07,
add-oh-bokescreek-twp-logan-2026,township,Bokescreek Township (Logan County),OH,39091,3909107552,40.45099,-83.56757,permanent ban,data center,pending,,,,false,"Proposed zoning text amendment would define Data Center without listing it as permitted or conditional in any district, effectively prohibiting it; reviewed by LUC regional planning.",https://www.lucplanning.com/_files/ugd/540e57_7561f38c703a40e698f283da9e642648.pdf|https://ohiocapitaljournal.com/2026/09/18/ohio-now-has-over-125-active-moratoriums-on-data-centers-see-where-they-are/,,true,false,2026-10-07,
add-oh-claibourne-twp-union-2026,township,Claibourne Township (Union County),OH,39159,3915915112,40.42165,-83.31687,permanent ban,data center,pending,,,,false,"Proposed zoning text amendment would define Data Center without listing it as permitted or conditional in any district, effectively prohibiting it; reviewed by LUC regional planning.",https://www.lucplanning.com/_files/ugd/540e57_2964cc6dae3446739e04815a85715d7c.pdf|https://ohiocapitaljournal.com/2026/09/18/ohio-now-has-over-125-active-moratoriums-on-data-centers-see-where-they-are/,,true,false,2026-10-07,
add-oh-conneaut-2026,city,Conneaut,OH,39007,3918350,41.93317,-80.57287,permanent ban,data center,pending,,,,false,Citizen-initiated charter amendment to prohibit data centers over 25 MW aggregate demand; contiguous parcels counted together.,https://www.yahoo.com/news/articles/conneaut-charter-amendment-restrict-data-035900617.html|https://highlandcountypress.com/news/data-centers-are-november-ballot-these-18-ohio-communities|https://www.newsweek.com/ohio-has-half-of-us-data-center-ballot-measures-in-midterms-12525098,,true,false,2026-10-07,
add-oh-darby-twp-union-2026,township,Darby Township (Union County),OH,39159,3915920170,40.15724,-83.34186,permanent ban,data center,active,2026-05-11,,,false,"Zoning resolution amendment defines Data Center but lists it as neither permitted nor conditional in any district, so it is effectively prohibited township-wide.",https://www.lucplanning.com/_files/ugd/540e57_9dc3d6c70be747188b9d1795402d41eb.pdf|https://www.lucplanning.com/_files/ugd/540e57_9b413215941a474581d5810234799ef1.pdf,,true,false,2026-10-07,
add-oh-dayton-2026,city,Dayton,OH,39113,3921000,39.77954,-84.19925,permanent ban,data center,active,2026-06-24,,,false,"City Commission amended the zoning code to make data centers (as primary use) a prohibited use citywide; accessory server rooms allowed, existing centers grandfathered.",https://www.daytondailynews.com/local/dayton-bans-building-of-large-data-centers-in-city/article_f73f8555-0cd9-5e23-8f78-676cd89b191f.html|https://www.wosu.org/2026-06-22/dayton-to-vote-on-zoning-changes-to-ban-data-centers-restrict-gas-stations-and-car-washes|https://servercountry.org/policy/ohio/,,true,false,2026-10-07,
add-oh-defiance-2026,city,Defiance,OH,39039,3921308,41.27812,-84.37709,permanent ban,data center,pending,,,,false,"Charter amendment banning data centers above 25 MW on the Nov 3, 2026 ballot; six-month moratorium in effect meanwhile.",https://highlandcountypress.com/news/data-centers-are-november-ballot-these-18-ohio-communities,,true,false,2026-10-07,
add-oh-dover-twp-union-2026,township,Dover Township (Union County),OH,39159,3915922484,40.25536,-83.28417,permanent ban,data center,pending,,,,false,"Proposed zoning text amendment would define Data Center without listing it as permitted or conditional in any district, effectively prohibiting it; reviewed by LUC regional planning.",https://www.lucplanning.com/_files/ugd/540e57_079b5c24ebf149889f9b94851e6f327e.pdf|https://ohiocapitaljournal.com/2026/09/18/ohio-now-has-over-125-active-moratoriums-on-data-centers-see-where-they-are/,,true,false,2026-10-07,
add-oh-dublin-2026,city,Dublin,OH,39049,3922694,40.11351,-83.13384,permanent ban,data center,active,2026-07-01,,,false,Ordinance 33-26 removed data centers as permitted or conditional uses throughout the West Innovation District (new ID-6 district); zone-limited prohibition.,https://dublinohiousa.gov/west-innovation-district-rezoning/,,true,false,2026-10-07,
add-oh-goshen-twp-champaign-2026,township,Goshen Township (Champaign County),OH,39021,3902130982,40.06779,-83.55339,permanent ban,data center,pending,,,,false,"Proposed zoning text amendment would define Data Center without listing it as permitted or conditional in any district, effectively prohibiting it; reviewed by LUC regional planning.",https://www.lucplanning.com/_files/ugd/540e57_2964cc6dae3446739e04815a85715d7c.pdf|https://ohiocapitaljournal.com/2026/09/18/ohio-now-has-over-125-active-moratoriums-on-data-centers-see-where-they-are/,,true,false,2026-10-07,
add-oh-granville-2026,village,Granville,OH,39089,3931402,40.05774,-82.47933,permanent ban,data center,pending,,,,false,Citizen-initiated charter amendment to prohibit data centers drawing over 25 MW.,https://highlandcountypress.com/news/data-centers-are-november-ballot-these-18-ohio-communities|https://www.yahoo.com/news/politics/articles/data-centers-november-ballot-18-075043860.html|https://www.newsweek.com/ohio-has-half-of-us-data-center-ballot-measures-in-midterms-12525098,,true,false,2026-10-07,
add-oh-harrison-twp-logan-2026,township,Harrison Township (Logan County),OH,39091,3909133908,40.37409,-83.82003,permanent ban,data center,active,2026-06-16,,,false,"Zoning resolution amendment defines Data Center but lists it as neither permitted nor conditional in any district, so it is effectively prohibited township-wide.",https://www.lucplanning.com/_files/ugd/540e57_dfa4303f43a94e7fb988409f4177cd6a.pdf|https://www.lucplanning.com/_files/ugd/540e57_2964cc6dae3446739e04815a85715d7c.pdf,,true,false,2026-10-07,
add-oh-hubbard-2026,city,Hubbard,OH,39155,3936582,41.15975,-80.57440,permanent ban,data center,pending,,,,false,Citizen initiative to ban data centers outright within city limits.,https://www.tribtoday.com/news/local-news/2026/10/hubbard-voters-to-decide-on-ban-on-data-centers/|https://cityofhubbard-oh.gov/data-center-petitions/|https://highlandcountypress.com/news/data-centers-are-november-ballot-these-18-ohio-communities,,true,false,2026-10-07,
add-oh-jefferson-twp-logan-2026,township,Jefferson Township (Logan County),OH,39091,3909138682,40.36035,-83.67561,permanent ban,data center,pending,,,,false,"Proposed zoning text amendment would define Data Center without listing it as permitted or conditional in any district, effectively prohibiting it; reviewed by LUC regional planning.",https://www.lucplanning.com/_files/ugd/540e57_079b5c24ebf149889f9b94851e6f327e.pdf|https://ohiocapitaljournal.com/2026/09/18/ohio-now-has-over-125-active-moratoriums-on-data-centers-see-where-they-are/,,true,false,2026-10-07,
add-oh-leesburg-twp-union-2026,township,Leesburg Township (Union County),OH,39159,3915942490,40.33856,-83.30302,permanent ban,data center,pending,,,,false,"Proposed zoning text amendment would define Data Center without listing it as permitted or conditional in any district, effectively prohibiting it; reviewed by LUC regional planning.",https://www.lucplanning.com/_files/ugd/540e57_2964cc6dae3446739e04815a85715d7c.pdf|https://ohiocapitaljournal.com/2026/09/18/ohio-now-has-over-125-active-moratoriums-on-data-centers-see-where-they-are/,,true,false,2026-10-07,
add-oh-liberty-twp-knox-2026,township,Liberty Township (Knox County),OH,39083,3908343218,40.38722,-82.59449,permanent ban,data center,active,2026-09-03,,,false,"Township passed a resolution explicitly prohibiting data centers, per its Knox County Regional Planning Commission representative.",https://ohiocapitaljournal.com/2026/09/18/ohio-now-has-over-125-active-moratoriums-on-data-centers-see-where-they-are/,,true,false,2026-10-07,
add-oh-liberty-twp-logan-2026,township,Liberty Township (Logan County),OH,39091,3909143246,40.28489,-83.76647,permanent ban,data center,active,2026-04-20,,,false,"Zoning resolution amendment defines Data Center but lists it as neither permitted nor conditional in any district, so it is effectively prohibited township-wide.",https://www.lucplanning.com/_files/ugd/540e57_71379f4bc61d47cc94c2a3d3a1106b39.pdf|https://www.lucplanning.com/_files/ugd/540e57_d88e9f33cdfd425da2551c548d3ca3e9.pdf,,true,false,2026-10-07,
add-oh-liberty-twp-union-2026,township,Liberty Township (Union County),OH,39159,3915943358,40.33255,-83.48576,permanent ban,data center,active,2026-05-14,,,false,"Zoning resolution amendment defines Data Center but lists it as neither permitted nor conditional in any district, so it is effectively prohibited township-wide.",https://www.lucplanning.com/_files/ugd/540e57_9aa61309f41346cc93714e6d6b7f292f.pdf|https://www.lucplanning.com/_files/ugd/540e57_9b413215941a474581d5810234799ef1.pdf,,true,false,2026-10-07,
add-oh-mad-river-twp-champaign-2026,township,Mad River Township (Champaign County),OH,39021,3902146760,40.07897,-83.85929,permanent ban,data center,pending,,,,false,"Proposed zoning text amendment would define Data Center without listing it as permitted or conditional in any district, effectively prohibiting it; reviewed by LUC regional planning.",https://www.lucplanning.com/_files/ugd/540e57_04a4c1b8ede14dab9483327dfd480f50.pdf|https://ohiocapitaljournal.com/2026/09/18/ohio-now-has-over-125-active-moratoriums-on-data-centers-see-where-they-are/,,true,false,2026-10-07,
add-oh-miami-twp-logan-2026,township,Miami Township (Logan County),OH,39091,3909149378,40.29470,-83.94435,permanent ban,data center,pending,,,,false,"Proposed zoning text amendment would define Data Center without listing it as permitted or conditional in any district, effectively prohibiting it; reviewed by LUC regional planning.",https://www.lucplanning.com/_files/ugd/540e57_079b5c24ebf149889f9b94851e6f327e.pdf|https://ohiocapitaljournal.com/2026/09/18/ohio-now-has-over-125-active-moratoriums-on-data-centers-see-where-they-are/,,true,false,2026-10-07,
add-oh-millcreek-twp-union-2026,township,Millcreek Township (Union County),OH,39159,3915950288,40.20721,-83.23435,permanent ban,data center,pending,,,,false,"Proposed zoning text amendment would define Data Center without listing it as permitted or conditional in any district, effectively prohibiting it; reviewed by LUC regional planning.",https://www.lucplanning.com/_files/ugd/540e57_9b413215941a474581d5810234799ef1.pdf|https://ohiocapitaljournal.com/2026/09/18/ohio-now-has-over-125-active-moratoriums-on-data-centers-see-where-they-are/,,true,false,2026-10-07,
add-oh-oregon-2026,city,Oregon,OH,39095,3958730,41.65639,-83.42804,permanent ban,data center,pending,,,,false,Citizen-initiated charter amendment to prohibit data centers exceeding 25 MW.,https://highlandcountypress.com/news/data-centers-are-november-ballot-these-18-ohio-communities|https://www.yahoo.com/news/politics/articles/data-centers-november-ballot-18-075043860.html|https://www.newsweek.com/ohio-has-half-of-us-data-center-ballot-measures-in-midterms-12525098,,true,false,2026-10-07,
add-oh-paristwp-union-2026,township,Paris Township (Union County),OH,39159,3915959864,40.23982,-83.37381,permanent ban,data center,active,2026-04-07,,,false,"Zoning resolution amendments define ""Data Center"" without listing it as permitted or conditional in any district, prohibiting data centers in unincorporated Paris Township.",https://www.lucplanning.com/_files/ugd/540e57_498de8a70159455bb287c85b57fe1b6e.pdf|https://www.lucplanning.com/_files/ugd/540e57_d88e9f33cdfd425da2551c548d3ca3e9.pdf,,true,false,2026-10-07,
add-oh-pataskala-2026,city,Pataskala,OH,39089,3961112,40.01132,-82.70717,permanent ban,data center,pending,,,,false,Citizen-initiated charter amendment to prohibit large-scale data centers over 25 MW.,https://highlandcountypress.com/news/data-centers-are-november-ballot-these-18-ohio-communities|https://www.yahoo.com/news/politics/articles/data-centers-november-ballot-18-075043860.html|https://www.newsweek.com/ohio-has-half-of-us-data-center-ballot-measures-in-midterms-12525098,,true,false,2026-10-07,
add-oh-piqua-2026,city,Piqua,OH,39109,3962848,40.14136,-84.25881,permanent ban,data center,pending,,,,false,"Citizen-petition charter amendment banning data centers above 25 MW placed on the Nov 3, 2026 ballot by city commission.",https://miamivalleytoday.com/piqua-commission-passes-amended-ordinance-to-place-data-center-issue-on-nov-ballot/|https://highlandcountypress.com/news/data-centers-are-november-ballot-these-18-ohio-communities,,true,false,2026-10-07,
add-oh-pleasant-twp-logan-2026,township,Pleasant Township (Logan County),OH,39091,3909163324,40.34951,-83.93741,permanent ban,data center,pending,,,,false,"Proposed zoning text amendment would define Data Center without listing it as permitted or conditional in any district, effectively prohibiting it; reviewed by LUC regional planning.",https://www.lucplanning.com/_files/ugd/540e57_7561f38c703a40e698f283da9e642648.pdf|https://ohiocapitaljournal.com/2026/09/18/ohio-now-has-over-125-active-moratoriums-on-data-centers-see-where-they-are/,,true,false,2026-10-07,
add-oh-richland-twp-logan-2026,township,Richland Township (Logan County),OH,39091,3909166740,40.49528,-83.78797,permanent ban,data center,pending,,,,false,"Proposed zoning text amendment would define Data Center without listing it as permitted or conditional in any district, effectively prohibiting it; reviewed by LUC regional planning.",https://www.lucplanning.com/_files/ugd/540e57_d88e9f33cdfd425da2551c548d3ca3e9.pdf|https://ohiocapitaljournal.com/2026/09/18/ohio-now-has-over-125-active-moratoriums-on-data-centers-see-where-they-are/,,true,false,2026-10-07,
add-oh-rush-twp-champaign-2026,township,Rush Township (Champaign County),OH,39021,3902169078,40.17557,-83.54211,permanent ban,data center,pending,,,,false,"Proposed zoning text amendment would define Data Center without listing it as permitted or conditional in any district, effectively prohibiting it; reviewed by LUC regional planning.",https://www.lucplanning.com/_files/ugd/540e57_9b413215941a474581d5810234799ef1.pdf|https://ohiocapitaljournal.com/2026/09/18/ohio-now-has-over-125-active-moratoriums-on-data-centers-see-where-they-are/,,true,false,2026-10-07,
add-oh-sidney-2026,city,Sidney,OH,39149,3972424,40.28571,-84.16950,permanent ban,data center,pending,,,,false,Citizen petitions to prohibit/limit data centers in the city (plus a separate recall charter amendment).,https://www.yahoo.com/news/politics/articles/data-centers-november-ballot-18-075043860.html|https://www.morningagclips.com/ohio-supreme-court-rules-on-three-data-center-petition-cases/,,true,false,2026-10-07,
add-oh-st-albans-twp-2026,township,St. Albans Township,OH,39089,3908969456,40.08162,-82.61844,permanent ban,data center,active,2026-03-10,,,false,"Trustees voted 3-0 to remove data processing services and related uses as a conditional use from the township zoning resolution, effectively banning data centers.",https://www.thereportingproject.org/st-albans-township-becomes-the-first-community-in-licking-county-to-ban-data-centers/,,true,false,2026-10-07,
add-oh-sunbury-2026,city,Sunbury,OH,39041,3975602,40.24809,-82.92070,permanent ban,data center,pending,,,,false,Citizen-initiated charter amendment to prohibit data centers with 25+ MW aggregate demand or peak load.,https://highlandcountypress.com/news/data-centers-are-november-ballot-these-18-ohio-communities|https://www.yahoo.com/news/politics/articles/data-centers-november-ballot-18-075043860.html|https://www.newsweek.com/ohio-has-half-of-us-data-center-ballot-measures-in-midterms-12525098,,true,false,2026-10-07,
add-oh-taylor-twp-union-2026,township,Taylor Township (Union County),OH,39159,3915976194,40.33382,-83.39458,permanent ban,data center,active,2026-04-21,,,false,"Zoning resolution amendment defines Data Center but lists it as neither permitted nor conditional in any district, so it is effectively prohibited township-wide.",https://www.lucplanning.com/_files/ugd/540e57_71122d91ed2e46d2bc7e081d21c4a9c1.pdf|https://www.lucplanning.com/_files/ugd/540e57_7ed228d3659042849061aeba63facaf6.pdf,,true,false,2026-10-07,
add-oh-trenton-2026,city,Trenton,OH,39017,3977322,39.47547,-84.45591,permanent ban,data center,pending,,,,false,"Council placed a citizen-petition charter amendment banning data centers above 25 MW on the Nov 3, 2026 ballot.",https://www.journal-news.com/local/trenton-council-votes-to-place-data-center-ban-on-november-ballot/article_a06d1327-3250-504a-96a6-4b6c777ba0a2.html|https://highlandcountypress.com/news/data-centers-are-november-ballot-these-18-ohio-communities,,true,false,2026-10-07,
add-oh-union-twp-logan-2026,township,Union Township (Logan County),OH,39091,3909178414,40.30186,-83.83237,permanent ban,data center,active,2026-06-09,,,false,"Zoning resolution amendment defines Data Center but lists it as neither permitted nor conditional in any district, so it is effectively prohibited township-wide.",https://www.lucplanning.com/_files/ugd/540e57_556c4d5fb42e40feafe2445a0dfe64ee.pdf|https://www.lucplanning.com/_files/ugd/540e57_2964cc6dae3446739e04815a85715d7c.pdf,,true,false,2026-10-07,
add-oh-union-twp-union-2026,township,Union Township (Union County),OH,39159,3915978582,40.16381,-83.44782,permanent ban,data center,pending,,,,false,"Proposed zoning text amendment would define Data Center without listing it as permitted or conditional in any district, effectively prohibiting it; reviewed by LUC regional planning.",https://www.lucplanning.com/_files/ugd/540e57_9b413215941a474581d5810234799ef1.pdf|https://ohiocapitaljournal.com/2026/09/18/ohio-now-has-over-125-active-moratoriums-on-data-centers-see-where-they-are/,,true,false,2026-10-07,
add-oh-upper-sandusky-2026,city,Upper Sandusky,OH,39175,3979044,40.82253,-83.28602,permanent ban,data center,pending,,,,false,Citizen-initiated charter amendment to prohibit data centers drawing over 25 MW.,https://highlandcountypress.com/news/data-centers-are-november-ballot-these-18-ohio-communities|https://www.yahoo.com/news/politics/articles/data-centers-november-ballot-18-075043860.html|https://www.newsweek.com/ohio-has-half-of-us-data-center-ballot-measures-in-midterms-12525098,,true,false,2026-10-07,
add-oh-urbana-2026,city,Urbana,OH,39021,3979072,40.11195,-83.74129,permanent ban,data center,pending,,,,false,"Charter amendment banning data centers over 7.5 MW on the Nov 3, 2026 ballot.",https://highlandcountypress.com/news/data-centers-are-november-ballot-these-18-ohio-communities,,true,false,2026-10-07,
add-oh-warren-2026,county,Warren County,OH,39165,,39.42441,-84.16531,temporary moratorium,"data center; hyperscale >=10,000 sq ft; county-zoned areas",active,2026-09-30,2027-03-29,180,false,Commissioners unanimously approved a six-month moratorium on hyperscale data centers in county-controlled areas pending an Ohio EPA/OKI water study.,https://www.journal-news.com/local/warren-county-enacts-6-month-moratorium-on-new-data-centers/article_9b0a7d8f-7ce7-5238-a355-2b1903b14b78.html|https://warrencountypost.com/g/lebanon-oh/n/391312/warren-county-commissioners-consider-moratorium-data-centers,,true,true,2026-10-07,
add-oh-washington-twp-logan-2026,township,Washington Township (Logan County),OH,39091,3909181424,40.42266,-83.89030,permanent ban,data center,pending,,,,false,"Proposed zoning text amendment would define Data Center without listing it as permitted or conditional in any district, effectively prohibiting it; reviewed by LUC regional planning.",https://www.lucplanning.com/_files/ugd/540e57_04a4c1b8ede14dab9483327dfd480f50.pdf|https://ohiocapitaljournal.com/2026/09/18/ohio-now-has-over-125-active-moratoriums-on-data-centers-see-where-they-are/,,true,false,2026-10-07,
add-oh-washington-twp-union-2026,township,Washington Township (Union County),OH,39159,3915981662,40.48472,-83.46269,permanent ban,data center,pending,,,,false,"Proposed zoning text amendment would define Data Center without listing it as permitted or conditional in any district, effectively prohibiting it; reviewed by LUC regional planning.",https://www.lucplanning.com/_files/ugd/540e57_2964cc6dae3446739e04815a85715d7c.pdf|https://ohiocapitaljournal.com/2026/09/18/ohio-now-has-over-125-active-moratoriums-on-data-centers-see-where-they-are/,,true,false,2026-10-07,
add-oh-wayne-twp-champaign-2026,township,Wayne Township (Champaign County),OH,39021,3902182096,40.18188,-83.62856,permanent ban,data center,active,2026-04-20,,,false,"Zoning resolution amendment defines Data Center but lists it as neither permitted nor conditional in any district, so it is effectively prohibited township-wide.",https://www.lucplanning.com/_files/ugd/540e57_d7e437ad1e044323aa16b1b153630c1b.pdf|https://www.lucplanning.com/_files/ugd/540e57_d88e9f33cdfd425da2551c548d3ca3e9.pdf,,true,false,2026-10-07,
add-oh-york-twp-union-2026,township,York Township (Union County),OH,39159,3915987122,40.40826,-83.45634,permanent ban,data center,pending,,,,false,"Proposed zoning text amendment would define Data Center without listing it as permitted or conditional in any district, effectively prohibiting it; reviewed by LUC regional planning.",https://www.lucplanning.com/_files/ugd/540e57_2964cc6dae3446739e04815a85715d7c.pdf|https://ohiocapitaljournal.com/2026/09/18/ohio-now-has-over-125-active-moratoriums-on-data-centers-see-where-they-are/,,true,false,2026-10-07,
add-oh-zane-twp-logan-2026,township,Zane Township (Logan County),OH,39091,3909188042,40.26824,-83.58698,permanent ban,data center,pending,,,,false,"Proposed zoning text amendment would define Data Center without listing it as permitted or conditional in any district, effectively prohibiting it; reviewed by LUC regional planning.",https://www.lucplanning.com/_files/ugd/540e57_04a4c1b8ede14dab9483327dfd480f50.pdf|https://ohiocapitaljournal.com/2026/09/18/ohio-now-has-over-125-active-moratoriums-on-data-centers-see-where-they-are/,,true,false,2026-10-07,
add-ok-cherokeenation-2026,tribal,Cherokee Nation (tribal and trust lands),OK,40021,,35.91540,-94.97000,permanent ban,data center; hyperscale; tribally owned and trust land,active,2026-08-07,,,false,Principal Chief Hoskin issued a ban on hyperscale data centers on tribally owned and trust land after a task force report.,https://www.kgou.org/indigenous-news/2026-08-10/cherokee-nation-bans-hyperscale-data-centers-on-tribally-owned-trust-lands,,true,false,2026-10-03,
add-pa-alleghenycounty-2026,county,Allegheny County,PA,42003,,40.43561,-80.00655,permanent ban,data center;cryptocurrency mining,active,2026-09-24,,,false,"County Council unanimously banned hyperscale data centers and crypto-mining facilities on county-owned property (~770 parcels, ~30,000 acres); private/municipal land unaffected.",https://www.wesanews.org/politics-government/2026-08-25/allegheny-county-property-data-center-ban-proposal|https://savrn.com/data-center-moratorium-tracker/pennsylvania,,true,false,2026-10-07,
add-pa-cummings-2026,township,Cummings Township,PA,42081,4208117696,41.33149,-77.34005,temporary moratorium,data center; applications,active,2026-07-14,2027-01-10,180,false,"Supervisors adopted Resolution 07.14.2026.01, a moratorium on data center applications for 180 days to prepare a curative zoning amendment.",https://cummingstownship-pa.com/wp-content/uploads/2026/09/July-14-26-Meeting-Minutes-CTwp.pdf,,true,false,2026-10-07,
add-pa-olyphant-2026,town,Olyphant,PA,42069,4256792,41.44462,-75.56846,temporary moratorium,data center; curative amendment period,active,2026-04-14,2026-10-11,180,false,Borough council voted 4-3 for a six-month data center moratorium near the Triboro Industrial Park.,https://fox56.com/news/local/olyphant-council-rejects-data-center-zoning-plan-then-opens-180-day-curative-amendment|https://www.yahoo.com/news/articles/olyphant-passes-six-month-pause-201800689.html,,true,true,2026-10-07,
add-ri-charlestown-2026,town,Charlestown,RI,44009,4400914500,41.39509,-71.67228,permanent ban,data center,active,2026-08-11,,,false,"Town council unanimously adopted zoning ordinances banning data centers (and battery storage facilities, with consumer-storage exemptions).",https://www.progressive-charlestown.com/2026/08/charlestown-bans-data-centers-battery.html,,true,false,2026-10-07,
add-ri-cumberland-2026,town,Cumberland,RI,44007,4400720080,41.95774,-71.42170,permanent ban,data center,active,2026-09-16,,,false,Town council adopted Ordinance 26-22 (6-1) listing data centers as a prohibited use in the zoning ordinance.,https://upriseri.com/article/cumberland-council-bans-data-centers-in-zoning-ordinance-on-6-1-vote,,true,false,2026-10-07,
add-ri-smithfield-2026,town,Smithfield,RI,44007,4400766200,41.90472,-71.53088,permanent ban,data center,active,2026-05-05,,,false,"Town council voted 4-1 for an ordinance banning data centers, effective 30 days later; an application filed May 4 may be vested.",https://www.oceanstatemedia.org/technology/2026-05-13/proposed-data-center-still-looms-over-smithfield-even-after-town-council-enacts-ban,,true,false,2026-10-07,
add-state-tx-abbott-tceq-order-2026-09-21,state,Governor Abbott order to TCEQ (2026-09-21),TX,,,,,executive order,permit pause (state agency),active,2026-09-21,,,false,Governor's letter directs TCEQ to halt all permits related to data center projects statewide until ERCOT completes its data center review. Ends: Until ERCOT completes its data center review; TCEQ to report compliance by 2026-10-19,https://gov.texas.gov/uploads/files/press/TCEQ_Data_Center.pdf|https://gov.texas.gov/news/post/governor-abbott-directs-tceq-to-halt-data-center-permits|https://www.texastribune.org/2026/09/21/texas-data-center-moratorium-water-energy/|https://www.bracewell.com/resources/governor-abbott-orders-tceq-to-pause-all-permit-issuance-for-data-center-projects/,,true,false,,
add-tn-brightridge-2025,utility,BrightRidge (Johnson City Power Board),TN,,,,,interconnection pause,data center; crypto mining,active,2025-05-13,,,false,"City-owned TVA distributor announced a moratorium on entertaining proposals for new data center projects in its service area, including one it was considering in south Johnson City.",https://wcyb.com/news/local/brightridge-puts-moratorium-on-data-center-project-proposals-in-region|https://www.yahoo.com/news/brightridge-pauses-data-center-projects-142734637.html|https://www.wjhl.com/news/local/brightridge-pauses-any-new-data-center-projects/|https://www.johnsoncitypress.com/news/business/brightridge-places-proposed-data-center-project-on-hold/article_b9eb5814-4380-414a-8027-2703dd74ef51.html,,true,true,2026-10-07,9777
add-tn-hawkinscounty-2025,county,Hawkins County,TN,47073,,36.41880,-82.94672,permanent ban,data center;cryptocurrency mining,active,2025-09-22,,,false,County commission resolution under the County Powers Act prohibits operation of cryptocurrency mining and data center facilities countywide; second ban resolution passed July 2026.,https://www.timesnews.net/news/local-news/hawkins-commission-unearthed-county-powers-act-to-ban-crypto-mines/article_95549d15-e563-4b15-8537-ecd533ebfdad.html|https://www.wjhl.com/news/local/hawkins-co-commission-passes-resolution-banning-data-centers-crypto-mines/|https://www.wbir.com/article/news/politics/lawsuit-filed-cryptocurrency-company-challenges-hawkins-county-data-center-ban/51-f778edea-f3cd-47bf-9c38-d58b03ad190b|https://www.beacontn.org/wp-content/uploads/2026/03/ExoticRidge-Complaint-for-Filing.pdf,,true,false,2026-10-07,
add-tn-nashvilledavidson-2026,city,Nashville-Davidson (Metro),TN,47037,4752006,36.18933,-86.78078,permanent ban,data center,active,2026-07-21,,,false,"Metro Council passed BL2026-1391 banning data centers over 500,000 sq ft countywide and limiting others to heavy industrial areas away from homes/schools/parks.",https://www.wsmv.com/2026/07/22/metro-council-passes-first-data-center-regulations-nashville-heres-what-changes/,,true,false,2026-10-07,
add-tn-white-county-2026,county,White County,TN,47185,,35.94127,-85.45670,permanent ban,data center;cryptocurrency mining,active,2026-07-20,,,false,County adopted an outright ban on data centers and data mining facilities; a 4.9 MW crypto proposal on a small parcel reportedly bypassed it and the county is reviewing options.,https://www.wsmv.com/2026/08/10/white-county-executive-reviews-legal-options-after-proposed-data-center-bypasses-local-ban/|https://savrn.com/data-center-moratorium-tracker/tennessee,,true,false,2026-10-07,
add-tx-athens-2026,city,Athens,TX,48213,4804504,32.19412,-95.85357,permanent ban,data center; >500 sq ft; server rooms exempt,active,2026-08-24,,,false,City council voted 3-2 to ban data centers (facilities over 500 sq ft housing servers); school/office server rooms exempt.,https://www.kltv.com/2026/08/25/athens-city-council-votes-3-2-favor-ordinance-banning-data-centers/,,true,true,2026-10-03,
add-tx-forney-2026,city,Forney,TX,48257,4826604,32.74605,-96.45132,permanent ban,data center,pending,2026-07-23,,,false,"Council directed staff to amend zoning to prohibit data centers in all districts; public hearings to follow. April 2026 rules (5,000-ft setback, CUP) remain meanwhile.",https://www.inforney.com/business/forney-council-moves-to-ban-future-data-centers-a/article_33ab99f5-98c7-446c-80c9-40f5e7953141.html,,true,false,2026-10-07,
add-tx-mesquite-2026,city,Mesquite,TX,48113,4847892,32.75773,-96.58635,permanent ban,cryptocurrency mining,active,2026-07-20,,,false,"Zoning text amendment ZTA2026-01 would prohibit cryptocurrency mining; public hearing July 6, 2026 postponed.",https://apps.cityofmesquite.com/city_secweb/ordinances/5259.pdf,,true,false,2026-10-07,
add-tx-sanmarcos-2026,city,San Marcos,TX,48209,4865600,29.86805,-97.95383,permanent ban,data center,active,2026-06-16,,,false,Council voted 4-3 to define data centers in the land development code and make them ineligible in every zoning district citywide.,https://www.texastribune.org/2026/06/30/texas-san-marcos-data-center-ban-zoning-laws/,,true,false,2026-10-07,
add-va-dominion-2022,utility,Dominion Energy Virginia,VA,51760,,37.52508,-77.46131,interconnection pause,data center,lifted,2022-07,2022-09,,false,Dominion paused new data center connections in eastern Loudoun (Data Center Alley) over transmission limits; resumed incrementally in Sept 2022 with reduced allocations.,https://www.datacenterfrontier.com/energy/article/11436951/dominion-resumes-new-connections-but-loudoun-faces-lengthy-power-constraints|https://www.datacenterdynamics.com/en/news/dominion-to-resume-connecting-new-loudoun-data-centers-but-capacity-still-limited/|https://www.sec.gov/Archives/edgar/data/715957/000095017024023537/d-ex99_1.htm,,true,true,2026-10-07,19876
add-va-suffolk-2026,city,Suffolk,VA,51800,5176432,36.73275,-76.62149,permanent ban,data center,pending,2026-10,,,false,"Planning Commission voted 8-0 to recommend prohibiting standalone data centers in all zoning districts; City Council vote scheduled Oct 21, 2026.",https://www.suffolknewsherald.com/news/suffolk-planners-back-data-center-ban-ca2cc41b|https://savrn.com/data-center-moratorium-tracker/virginia|https://www.whro.org/local-government/2026-06-18/suffolk-to-temporarily-ban-data-centers,,true,true,2026-10-07,
add-va-virginia-beach-2026,city,Virginia Beach,VA,51810,5182000,36.73761,-76.03087,permanent ban,data center,pending,2026-06,,,false,"Council directed staff in June 2026 to draft a ban, then adopted a 12-month moratorium instead (2026-08); staff said permanent rules would return in October. No ban adopted yet.",https://virginiabusiness.com/virginia-beach-city-council-voices-support-for-citywide-ban-on-large-data-centers/|https://servercountry.org/policy/virginia/,,true,true,2026-10-07,
add-va-warrenton-2025,town,Warrenton,VA,51061,5183136,38.71580,-77.80259,permanent ban,data center,active,2025-07-08,,,false,"Town council approved (5-0 or 6-0 per sources) a zoning text amendment striking data centers as a permissible use (Arts. 3, 9, 12); prior Amazon SUP on Blackwell Road unaffected.",https://www.fauquier.com/news/town-council-votes-to-ban-data-centers-from-warrenton/article_0f58d64e-f89e-4dbd-8825-c06e65f1a4b7.html|https://www.fauquiernow.com/news/warrenton-town-council-pushes-back-against-data-centers-amends-zoning-ordinance/article_67ce814a-e880-4c95-8099-bac067988a25.html,,true,false,2026-10-07,
add-vt-southburlington-2026,city,South Burlington,VT,50007,5066175,44.46855,-73.16514,permanent ban,"data center; >20,000 sq ft footprint",active,2026-08,,,false,"City amended its zoning code in early August to bar data centers with footprints over 20,000 sq ft (indefinite).",https://www.sevendaysvt.com/news/constructiondevelopment/absent-state-action-vermont-towns-move-to-block-data-centers/,,true,true,2026-10-03,
add-wa-arlington-2026,city,Arlington,WA,53061,5302585,48.17678,-122.14289,permanent ban,data center,active,2026-06-15,,,false,Council unanimously amended AMC Ch. 20.40 (Permissible Uses) to define data centers and expressly exclude them in every zone citywide.,https://www.heraldnet.com/2026/06/23/arlington-clarifies-code-does-not-include-data-centers/|https://servercountry.org/policy/washington/,,true,false,2026-10-07,
add-wa-avista-2026,utility,Avista Corp (Avista Utilities),WA,,,,,interconnection pause,data center; large load,active,2026-06-12,,,false,Avista said it is taking more time to evaluate energy requests from new large data center developers and paused negotiations under its MOU with a 125-500 MW data center developer.,https://www.sec.gov/Archives/edgar/data/104918/000119312526269388/ava-ex99_1.htm|https://www.sec.gov/Archives/edgar/data/104918/000119312526329083/ava-20260630.htm|https://www.spokesman.com/stories/2026/jun/12/avista-puts-data-center-negotiations-on-pause/|https://www.publicpower.org/periodical/article/pacific-northwest-utility-pauses-negotiations-tied-providing-energy-service-potential-data-center,,true,false,2026-10-07,20169
add-wa-chelanpud-2014,utility,Chelan County PUD (PUD No. 1 of Chelan County),WA,53007,,47.44798,-120.35688,temporary moratorium,crypto mining,lifted,2014,2017-01,,false,"First Chelan PUD moratorium on new cryptocurrency loads, 2014 to January 2017; 22 crypto applications were approved when it ended.",https://tricitiesbusinessnews.com/2018/07/bitcoin,,true,true,2026-10-07,3413
add-wa-chelanpud-2018,utility,Chelan County PUD (PUD No. 1 of Chelan County),WA,53007,,47.44798,-120.35688,temporary moratorium,crypto mining; large load,replaced,2018-03-19,,,false,"Emergency moratorium on accepting or processing applications for new or increased cryptocurrency/high-density loads; extended May 2018, to Aug 6, Aug 20 and beyond while crypto rates were set.",https://kpq.com/chelan-pud-extends-crypto-moratorium/|https://www.heraldnet.com/2018/04/03/chelan-county-pud-to-enforce-rogue-bitcoin-moratorium/|https://www.govtech.com/policy/washington-utility-will-uphold-its-cryptocurrency-mining-moratorium.html|https://mrsc.org/stay-informed/mrsc-insight/may-2018/bitcoin-comes-to-washington|https://www.chelanpud.org/docs/default-source/default-document-library/final-cryptocurrency-staff-report.pdf|https://capitalpress.com/2018/05/15/pud-extends-cryptocurrency-power-moratorium/,,true,true,2026-10-07,3413
add-wa-douglaspud-2014,utility,Douglas County PUD (PUD No. 1 of Douglas County),WA,53017,,47.41855,-120.28001,temporary moratorium,crypto mining,expired,2014,2014,90,false,Three-month moratorium on new bitcoin/data-mining loads while the PUD set terms; followed by a rate/contract structure for loads of 1.5 MW or more.,https://tricitiesbusinessnews.com/2018/07/bitcoin|https://mrsc.org/stay-informed/mrsc-insight/may-2018/bitcoin-comes-to-washington,,true,true,2026-10-07,5326
add-wa-douglaspud-2019,utility,Douglas County PUD (PUD No. 1 of Douglas County),WA,53017,,47.41855,-120.28001,temporary moratorium,data center; crypto mining,active,2019-05-13,,,false,PUD commission halted new power contracts with data centers and crypto miners (non-diverse loads). In effect since 2019-05-13.,https://www.wenatcheeworld.com/business/douglas-pud-puts-moratorium-on-new-data-centers-crypto-miners/article_6872aeec-78df-11e9-8c8b-b752987751bc.html|https://kpq.com/douglas-pud-commissioners-adopt-data-center-cryptocurrency-rate-increases/|https://www.govtech.com/policy/washington-public-utility-raises-rates-on-cryptominers.html,,true,false,2026-10-07,5326
add-wa-ephrata-2018,city,Ephrata,WA,53025,5322080,47.31602,-119.53338,permanent ban,cryptocurrency mining,active,2018,,,false,"EMC 19.30 prohibits all high intensity computer operations (crypto mining) within the city, including as a home occupation (Ord. 18-13, 18-28).",https://www.codepublishing.com/WA/Ephrata/html/Ephrata19/Ephrata1930.html,,true,true,2026-10-07,
add-wa-franklinpud-2018,utility,Franklin PUD,WA,53021,,46.25156,-119.09894,temporary moratorium,crypto mining; data center,expired,2018-07,,,false,Commissioners stopped accepting applications for crypto mining/blockchain loads to study system impacts and a new rate structure; existing licensed operations unaffected.,https://www.seattletimes.com/business/franklin-pud-stops-accepting-applications-for-cryptocurrency-mining/|https://www.coindesk.com/markets/2018/07/31/another-us-county-hits-pause-on-crypto-mining-power-requests/|https://blocktribune.com/washingtons-franklin-county-halts-crypto-mining-applications/,,true,true,2026-10-07,6716
add-wa-grantpud-2017,utility,Grant County PUD,WA,53025,,47.31602,-119.53338,interconnection pause,crypto mining; large load,replaced,2017-11,2019-04-01,,false,"PUD put about 125 new (mostly crypto) service requests on hold in 2017; replaced by a two-queue process and above-cost Rate 17 for evolving industries (adopted 2018-08-28, effective 2019-04-01).",https://tricitiesbusinessnews.com/2018/07/bitcoin|https://mrsc.org/stay-informed/mrsc-insight/may-2018/bitcoin-comes-to-washington|https://capitalpress.com/2018/08/30/utility-district-raises-cryptocurrency-power-rates/,,true,true,2026-10-07,14624
add-wa-grantpud-2025,utility,Grant County PUD,WA,53025,,47.31602,-119.53338,interconnection pause,data center; large load,active,2025-03,,,false,Interim load-growth caps on data center customers (Quincy industrial area) because demand exceeds transmission/distribution capacity; other customer classes may still grow.,https://www.govtech.com/artificial-intelligence/grant-county-wash-utility-to-cap-data-center-electricity|https://www.newsdata.com/clearing_up/supply_and_demand/grant-county-pud-puts-load-caps-on-data-centers-to-slow-growth-until-transmission-expansion/article_52b44501-c5f9-4b24-953a-746049ef800a.html|https://www.ncwlife.com/news/grant-county-pud-to-impose-load-growth-limits-for-data-center-customers/article_4e1a6748-ad00-4f96-923f-7a23fa9cc20a.html,,true,true,2026-10-07,14624
add-wa-lewispud-2018,utility,Lewis County PUD (PUD No. 1 of Lewis County),WA,53041,,46.66368,-122.97373,temporary moratorium,crypto mining,lifted,2018-04-03,2020-09-15,,false,Commission halted new and pending electric service applications for computing or data processing loads tied to cryptocurrency mining; lifted after the New and Increased Large Load Policy was updated.,https://www.lcpud.org/wp-content/uploads/04-03-2018-Minutes-1.pdf|https://www.lcpud.org/wp-content/uploads/05-15-2018-Mintues.pdf|https://www.lcpud.org/wp-content/uploads/09-15-2020-Minutes.pdf|https://www.lcpud.org/calendar-events/public-hearing-on-moratorium-on-applications-for-virtual-or-crypto-currency-mining/,,true,true,2026-10-07,10944
add-wa-masonpud3-2018,utility,Mason County PUD No. 3,WA,53045,,47.22118,-123.11459,temporary moratorium,crypto mining,expired,2018-04,,,false,"Moratorium on service to new computer/data processing loads for crypto mining, bitcoin or blockchain after a 10 MW request; approved applications exempt.",https://www.coindesk.com/markets/2018/04/13/another-washington-county-puts-freeze-on-bitcoin-mining|https://finance.yahoo.com/news/washington-mason-county-rejects-bitcoin-192514518.html|https://mrsc.org/stay-informed/mrsc-insight/may-2018/bitcoin-comes-to-washington,,true,true,2026-10-07,15419
add-wa-okanoganpud-2018,utility,Okanogan County PUD,WA,53047,,48.36982,-119.57961,temporary moratorium,crypto mining; large load,lifted,2018-03-05,2019-11-04,,false,"Moratorium on accepting new service applications with energy use intensity above 250 kWh/sq ft/yr (aimed at crypto mining); hearing set for 2018-04-23, renewable in 60-day steps.",https://www.omakchronicle.com/news/pud-moratorium-aimed-at-cryptocurrency/article_42ed97db-5a59-508f-8902-116128fa5a6f.html|https://www.omakchronicle.com/news/pud-looks-at-engineering-construction/article_313a6f40-0a4e-11ea-9b7b-a71633bcf909.html,,true,true,2026-10-07,14055
nm-ak-houston-undated,city,Houston,AK,02170,0233800,61.63028,-149.81805,temporary moratorium,data center,pending,,,730,false,Two-year data center moratorium ordinance introduced 2026-09-10; hearing and vote scheduled 2026-10-08.,https://cms2.revize.com/revize/houstonak/9.10.26%20Regular%20Council%20Meeting%20Agenda.pdf?t=202609042115400|https://alaskabeacon.com/2026/09/16/alaska-senators-question-legality-of-state-land-transfer-for-possible-mat-su-data-centers/|https://www.matsusentinel.com/zero-transparency-houston-officials-oppose-land-transfer-process-linked-to-data-centers/,ak-houston-undated,false,true,2026-09-23,
nm-al-anniston-2026,city,Anniston,AL,01015,0101852,33.66248,-85.82832,temporary moratorium,data center,active,2026-08-18,2027-08-18,365,false,One-year moratorium adopted.,https://www.wbrc.com/2026/08/27/city-anniston-adopts-resolution-that-establishes-temporary-moratorium-data-centers-within-regulatory-jurisdiction/|https://calhounjournal.com/anniston-council-approves-data-center-moratorium-cdbg-plan-and-budget-amendment/,al-anniston-2026,false,false,2026-09-23,
nm-al-birmingham-2026,city,Birmingham,AL,01073,0107000,33.52068,-86.80243,temporary moratorium,data center; above 20 MW; exemptions noted,replaced,2026-03-03,2026-08-30,180,false,Replaced by permanent data-center zoning regulations (ZAC2026-00001) adopted 2026-06-09 and effective when the moratorium ended (~2026-08-30).,https://www.birminghamal.gov/datacenters|https://birminghamal.gov/datacenters|https://www.wbrc.com/2026/06/10/birmingham-city-council-approves-data-center-zoning-rules-after-nearly-3-hours-public-comment/|https://www.al.com/business/2026/09/data-center-backlash-at-least-17-alabama-cities-pause-development.html|https://www.wbhm.org/local-news/2026-09-02/data-center-dilemma-what-are-birminghams-rules-for-data-centers|https://www.wbrc.com/2026/03/04/birmingham-city-council-votes-pause-new-data-center-applications-six-months/,al-birmingham-2026,true,false,2026-09-23,
nm-al-calera-2026,city,Calera,AL,01117,0111416,33.10350,-86.75057,temporary moratorium,data center,active,2026-07-06,2027-01-02,180,false,Six-month moratorium adopted.,"https://caleraal.api.civicclerk.com/v1/Meetings/GetMeetingFileStream(fileId=1648,plainText=false)|https://citizenportal.ai/articles/9433408/alabama/shelby-county/calera-city/residents-press-council-on-data-centers-council-says-a-moratorium-is-already-in-place|https://datawrapper.dwcdn.net/rtRdh/15/dataset.csv",al-calera-2026,false,false,2026-09-23,
nm-al-chelsea-2026,city,Chelsea,AL,01117,0114104,33.34011,-86.63026,temporary moratorium,data center,active,2026-07-21,2027-07-21,365,false,One-year moratorium adopted.,https://www.cityofchelsea.com/AgendaCenter/ViewFile/Minutes/_07212026-393|https://www.shelbycountyreporter.com/news/chelsea-council-passes-moratorium-on-data-centers-rental-communities-6729c2c6/,al-chelsea-2026,false,false,2026-09-23,
nm-al-cullman-2026,city,Cullman,AL,01043,0118976,34.13353,-86.87793,temporary moratorium,data center,active,2026-06-22,2027-06-22,365,false,City council unanimously adopted a 12-month moratorium on data centers,https://www.cullmantribune.com/2026/06/23/cullman-city-council-imposes-temporary-moratorium-on-data-centers/|https://www.al.com/news/2026/06/alabama-city-approves-one-year-pause-on-data-centers-with-penalties-to-enforce-it.html|https://www.cullmantribune.com/2026/09/06/data-center-agenda-item-withdrawn-from-planning-commission-agenda/|https://www.wbrc.com/2026/06/26/cullman-city-council-unanimously-passes-12-month-temporary-moratorium-data-centers/,al-cullman-2026,false,false,2026-09-23,
nm-al-fairfield-2026,city,Fairfield,AL,01073,0125120,33.49168,-86.91503,temporary moratorium,data center; exemptions noted,active,2026-07-27,2027-01-23,180,false,Active as of adoption 2026-07-27; the publication/posting date establishing the precise effective and expiration dates was not located.,https://cityoffairfieldal.org/wp-content/uploads/2022/03/20260728134630434_rotated.pdf|https://www.wvtm13.com/article/alabama-data-center-development-fairfield-city-council-town-hall-postponed-moratorium/73197768,al-fairfield-2026,true,false,2026-09-23,
nm-al-foley-2026,city,Foley,AL,01003,0126992,30.40659,-87.68360,temporary moratorium,data center+cryptocurrency mining,active,2026-09-08,2027-03-07,180,false,Six-month moratorium adopted.,"https://cityoffoley.org/foley-data-center-moratorium/|https://www.al.com/news/2026/09/foley-joins-alabama-cities-with-temporary-moratorium-on-data-centers.html|https://gulfcoastmedia.com/stories/foley-sets-six-month-data-center-moratorium,348000",al-foley-2026,false,false,2026-09-23,
nm-al-fort-payne-2026,city,Fort Payne,AL,01049,0127616,34.44425,-85.71969,temporary moratorium,data center+battery storage,active,2026-06-16,2026-12-13,180,false,Active as of 2026-09-23; per WAFF the six-month moratorium remains in effect through 2026-12-15 (the council may extend it). On 2026-09-01 the council unanimously adopted permanent zoning rules…,https://fortpayne.org/city-council-meeting-agenda-6-16-26/|https://www.waff.com/2026/09/02/fort-payne-approves-stricter-review-process-future-data-centers/|https://times-journal.com/news/article_ae5832a5-0746-4a6c-aee3-c5a517765238.html|https://256today.com/fort-payne-gets-ahead-of-data-center-boom-with-development-moratorium/,al-fort-payne-2026,true,false,2026-09-23,
nm-al-harpersville-2026,town,Harpersville,AL,01117,0133256,33.34400,-86.43804,temporary moratorium,data center+cryptocurrency mining,active,2026-08-03,2027-01-30,180,true,Six-month moratorium adopted; informational sessions began 2026-08-31.,https://www.harpersvilleal.gov/DocumentCenter/View/861/ORD---2026-08-03-03---Data-Center-Moratoriumpdf|https://www.wbrc.com/2026/08/20/harpersville-town-council-approves-6-month-data-center-moratorium/,al-harpersville-2026,false,false,2026-09-23,
nm-al-helena-2026,city,Helena,AL,01117,0134024,33.29622,-86.84360,temporary moratorium,data center+general; exemptions noted,active,2026-06-22,2026-12-19,180,false,Multi-use 180-day moratorium in force; standalone data-center moratorium planned.,https://www.cityofhelena.org/wp-content/uploads/2026/07/ORDINANCE-1043-2026-MORATORIUM.pdf|https://www.cityofhelena.org/wp-content/uploads/2026/06/City-Council-Work-Session-and-Meeting-Minutes.pdf|https://www.cityofhelena.org/wp-content/uploads/2026/08/MINUTES08102026.pdf|https://mytownview.com/alabama/shelby/helena/meetings/21622-city-council-2026-08-10|https://www.al.com/business/2026/08/another-birmingham-area-city-approves-a-pause-on-data-centers.html|https://www.wvtm13.com/article/helena-officials-propose-six-month-pause-on-certain-new-businesses/73397833|https://www.shelbycountyreporter.com/news/helena-city-council-holds-first-reading-to-amend-development-moratorium-69b88992|https://abc3340.com/news/local/helena-amends-development-moratorium-clearing-path-for-two-projects-already-in-the-works,al-helena-2026,false,false,2026-09-23,
nm-al-homewood-2026,city,Homewood,AL,01073,0135800,33.47371,-86.80845,temporary moratorium,data center,active,2026-06-22,2027-06-22,365,false,City council unanimously adopted a 12-month moratorium on data centers larger than one megawatt,https://www.wbrc.com/2026/06/23/not-intended-oppose-economic-development-or-technological-investment-homewood-approves-12-month-temporary-moratorium-data-centers/,al-homewood-2026,false,false,2026-07-31,
nm-al-hueytown-undated,city,Hueytown,AL,01073,0136448,33.45122,-86.99666,temporary moratorium,data center,active,2026-07-14,,,false,Active as of 2026-09-23; Resolution 7499 was adopted unanimously on 2026-07-14 per the city's posted minutes. No rescission or later action appears in the posted July 28 through September 1 minutes…,https://www.hueytownal.gov/AgendaCenter/ViewFile/Minutes/_07142026-206|https://www.hueytownal.gov/AgendaCenter/ViewFile/Agenda/_07142026-206,al-hueytown-undated,false,false,2026-09-23,
nm-al-leeds-2026,city,Leeds,AL,01073,0141968,33.54392,-86.54275,temporary moratorium,data center,active,2026-06-08,2027-06-08,365,false,City Council unanimously adopted a one-year moratorium halting new data-center permits and approvals.,https://www.shelbycountyreporter.com/news/leeds-city-council-approves-data-center-moratorium-f6b814b1|https://www.wbrc.com/2026/06/09/city-leeds-passes-one-year-moratorium-data-center-development/|https://www.al.com/business/2026/09/data-center-backlash-at-least-17-alabama-cities-pause-development.html|https://html.duckduckgo.com/html/?q=Leeds+Alabama+city+council+data+center+moratorium+one+year,al-leeds-2026,true,false,2026-09-23,
nm-al-morgan-county-2026,county,Morgan County,AL,01103,,34.42968,-86.85296,temporary moratorium,data center+cryptocurrency mining; 50 MW,active,2026-06-23,2027-06-23,365,false,Active as of 2026-09-23 on paper: Resolution 26-302 was adopted unanimously on 2026-06-23 and runs to 2027-06-23. County officials said in August 2026 that it is unenforceable because the county has…,https://morgancounty-al.gov/wp-content/uploads/Minutes-6.23.26.pdf|https://www.hartselleenquirer.com/2026/08/17/morgan-county-says-cannot-stop-proposed-data-center/|https://www.waff.com/2026/08/11/utility-work-begins-somerville-bitcoin-mining-site-despite-moratorium/|https://www.waff.com/2026/06/23/morgan-co-approves-moratorium-proposed-bitcoin-mining-data-center/?outputType=amp,al-morgan-county-2026,false,false,2026-09-23,
nm-al-pinson-2026,city,Pinson,AL,01073,0160648,33.68899,-86.68332,temporary moratorium,data center,active,2026-08-06,2027-08-06,365,false,One-year moratorium adopted.,https://www.al.com/news/2026/08/pinson-enacts-yearlong-data-center-moratorium-as-officials-study-impacts.html|https://www.trussvilletribune.com/2026/08/07/pinson-council-passes-one-year-moratorium-on-data-centers/|https://datawrapper.dwcdn.net/rtRdh/15/dataset.csv,al-pinson-2026,false,false,2026-09-23,
nm-al-prichard-undated,city,Prichard,AL,01097,0162496,30.73880,-88.07889,temporary moratorium,data center,active,2026-08-04,2027-02-04,180,false,"Prichard City Council approved a six-month moratorium on data centers on August 4, 2026.",https://mynbc15.com/news/local/prichard-data-center-gets-site-plan-approval-as-developer-addresses-community-concerns|https://mynbc15.com/news/local/prichard-questions-validity-of-permit-issued-before-data-center-moratorium|https://mynbc15.com/news/local/prichard-residents-voice-strong-opposition-to-proposed-data-center-at-public-hearing|https://www.fox10tv.com/2026/09/11/developer-proposed-data-center-threatens-prichard-with-litigation/|https://datawrapper.dwcdn.net/rtRdh/15/dataset.csv|https://www.fox10tv.com/2026/07/24/prichard-city-council-considers-moratorium-data-centers/?outputType=amp,al-prichard-undated,true,false,2026-10-09,
nm-al-rogersville-undated,town,Rogersville,AL,01077,0166216,34.82562,-87.29453,temporary moratorium,data center,pending,,,180,false,Proposed; not adopted.,https://www.al.com/business/2026/09/data-center-backlash-at-least-17-alabama-cities-pause-development.html|https://whnt.com/news/shoals/rogersville-looks-to-limit-future-data-centers-as-strain-on-water-system-continues/|https://www.waff.com/2026/07/11/rogersville-considering-pause-data-center-development-water-system-hits-capacity/,al-rogersville-undated,false,true,2026-09-23,
nm-al-somerville-2026,town,Somerville,AL,01103,0171496,34.47315,-86.79861,temporary moratorium,data center+cryptocurrency mining,active,2026-07,,545,false,"Active as of 2026-09-23 per local reporting; the Somerville Town Council approved an 18-month moratorium on data centers within town limits (1819 News, published 2026-07-08, reports the vote 'on…",https://1819news.com/news/item/somerville-places-18-month-moratorium-on-potential-bitcoin-mining-data-center-with-mayors-support|https://www.wdhn.com/news/somerville-town-council-pauses-data-center-in-bitcoin-mining-dispute/|https://www.yahoo.com/news/videos/somerville-town-council-pauses-data-033152607.html,al-somerville-2026,true,true,2026-09-23,
nm-al-springville-2026,city,Springville,AL,01115,0172600,33.77510,-86.47165,temporary moratorium,data center,active,2026-07-06,2027-07-06,365,false,One-year moratorium adopted.,https://www.trussvilletribune.com/2026/07/07/springville-places-one-year-moratorium-on-data-center-proposals/|https://www.wvtm13.com/article/springville-pauses-data-center-proposals-with-one-year-moratorium/71844280,al-springville-2026,false,false,2026-09-23,
nm-al-tarrant-2026,city,Tarrant,AL,01073,0174976,33.58344,-86.77277,temporary moratorium,data center,active,2026-09-08,2027-09-08,365,false,One-year moratorium adopted; feasibility study underway.,https://abc3340.com/news/local/alabama-tarrant-approves-12-month-moratorium-on-data-centers-mayor-tracie-threadford-september-2026|https://www.wbrc.com/2026/09/09/tarrant-passes-1-year-moratorium-data-center-business-licenses/|https://abc3340.com/news/local/tarrant-considers-data-center-pause-as-city-weighs-impacts-on-power-water-neighborhoods|https://datawrapper.dwcdn.net/rtRdh/15/dataset.csv,al-tarrant-2026,false,false,2026-09-23,
nm-al-westover-2026,city,Westover,AL,01117,0181504,33.34956,-86.53582,temporary moratorium,data center,active,2026-08-18,2027-02-14,180,false,Six-month moratorium adopted.,https://www.wbrc.com/2026/08/19/westover-approves-6-month-moratorium-data-centers/|https://abc3340.com/news/local/westover-city-council-unanimously-approves-6-month-moratorium-on-data-centers,al-westover-2026,false,false,2026-09-23,
nm-ar-carroll-county-2026,county,Carroll County,AR,05015,,36.33867,-93.50930,temporary moratorium,data center+cryptocurrency mining,active,2026-06-16,2027-06-16,365,false,"Active as of 2026-09-23. The 12-month emergency moratorium (Ordinance 2026-17), unanimously adopted by the Quorum Court on 2026-06-16 and effective immediately, remains in force with no reported…",https://servercountry.org/policy/arkansas/|https://savrn.com/data-center-moratorium-tracker/arkansas|https://aigridwatch.com/states/arkansas|https://www.noticeregistry.com/arkansas/notice/ordinance-eureka-springs-255659|https://www.ky3.com/2026/06/17/carroll-county-unanimously-passes-1-year-moratorium-data-centers-other-high-intensity-digital-infrastructure-facilities/|http://eureka.news/quorum-court-puts-kibosh-on-data-centers/|https://www.ky3.com/2026/06/17/carroll-county-unanimously-passes-1-year-moratorium-data-centers-other-high-intensity-digital-infrastructure-facilities/?outputType=amp,ar-carroll-county-2026,true,false,2026-09-23,
nm-ar-harrison-2023,city,Harrison,AR,05009,0530460,36.22979,-93.10768,temporary moratorium,data center+cryptocurrency mining; 10 MW,lifted,2023-05-30,2024-05-29,365,false,"Moratorium was removed after officials concluded it increased legal exposure under the state ""right to mine"" framework; later state Acts 173 and 174 of 2024 restored more local and state regulatory…",https://alpha.creativecirclecdn.com/harrison/files/20231129-194002-HDT%202023-11-30.pdf,ar-harrison-2023,false,false,2026-07-31,
nm-ar-independence-county-2026,county,Independence County,AR,05063,,35.71834,-91.55326,temporary moratorium,data center,active,2026-08-10,2031-08-09,1825,false,Preemptive five-year moratorium adopted while the Quorum Court studies commercial data centers and drafts future rules and regulations; the longest data-center moratorium term reported in Arkansas…,https://www.noticeregistry.com/arkansas/notice/ordinance-272870|https://savrn.com/data-center-moratorium-tracker/arkansas|https://aigridwatch.com/states/arkansas|https://www.whiterivernow.com/2026/08/11/independence-county-quorum-court-places-5-year-moratorium-on-data-centers/|https://arkansasadvocate.com/2026/08/11/outside-of-little-rock-arkansas-counties-and-cities-move-ahead-on-data-center-moratoriums/,ar-independence-county-2026,false,false,2026-09-23,
nm-ar-madison-county-2026,county,Madison County,AR,05087,,35.97281,-93.75890,temporary moratorium,data center+cryptocurrency mining,active,2026-08-17,2029-08-16,1095,false,Preemptive three-year moratorium on data centers and digital-asset mining businesses adopted while the county studies regulations.,"https://savrn.com/data-center-moratorium-tracker/arkansas|https://aigridwatch.com/states/arkansas|https://mcrecordonline.com/stories/measure-effective-immediately-after-jps-vote-8-0-for-approval,148654|https://katv.com/news/local/madison-county-quorum-court-approves-three-year-moratorium-on-data-centers|https://arkansasadvocate.com/2026/08/24/map-more-arkansas-communities-putting-data-centers-on-hold/",ar-madison-county-2026,false,false,2026-09-23,
nm-ar-russellville-2026,city,Russellville,AR,05115,0561670,35.27842,-93.13379,temporary moratorium,data center,active,2026-07-16,2027-01-12,180,false,"Active as of 2026-09-23. The July 16, 2026 City Council agenda (Item 3, New Business) confirms the ordinance considered and adopted that night was titled 'An Ordinance Imposing a Temporary…",http://www.russellvillefire.org/AgendaCenter/ViewFile/Agenda/_07162026-1164|https://citizenportal.ai/articles/8553804/arkansas/pope-county/russellville-city/council-adopts-sixmonth-moratorium-on-data-centers-creates-ad-hoc-committee-to-draft-regulations|https://www.russellvillearkansas.org/AgendaCenter/ViewFile/Agenda/_07162026-1164|https://aigridwatch.com/states/arkansas|https://www.youtube.com/watch?v=qpVAD0W1ess|https://www.rivervalleyradio.com/russellville-approves-six-month-halt-on-new-data-centers-while-regulations-are-developed/|https://arkansasadvocate.com/2026/08/11/outside-of-little-rock-arkansas-counties-and-cities-move-ahead-on-data-center-moratoriums/,ar-russellville-2026,true,false,2026-09-23,
nm-ar-union-county-2026,county,Union County,AR,05139,,33.16374,-92.61710,temporary moratorium,data center; 150 MW,active,2026-06-30,2027-06-30,365,false,"Active as of 2026-09-23; set to run through 2027-07-09 absent further action. Confirmed by South Arkansas Now's report of its own livestream coverage of the June 30, 2026 emergency Quorum Court…",https://aigridwatch.com/states/arkansas|https://southarkansasnow.com/union-county-approves-one-year-pause-on-new-data-center-development/|https://www.magnoliareporter.com/news_and_business/union_county/article_477112ee-e294-4eba-8a41-aaafc5b94d0b.html|https://arkansasadvocate.com/2026/08/11/outside-of-little-rock-arkansas-counties-and-cities-move-ahead-on-data-center-moratoriums/,ar-union-county-2026,true,false,2026-09-23,
nm-az-pima-county-2026,county,Pima County,AZ,04019,,32.11126,-111.65462,temporary moratorium,data center,active,2026-09-22,2027-01-20,120,false,Supervisors voted 3-2 on 2026-09-22 to implement a 120-day moratorium on new data center permits until a zoning code text is written; Project Blue exempt.,https://news.azpm.org/p/news-articles/2026/9/23/231316-board-of-supervisors-approves-temporary-data-center-moratorium/|https://pima.legistar.com/View.ashx?M=F&ID=15752236&GUID=02831C6A-519E-414F-A373-238BB2EE5AB2|https://www.gvnews.com/news/local/county-pauses-new-data-centers-as-project-eyes-land-near-sahuarita/article_cb38f969-1373-4bb6-b699-d51eb97492cc.html|https://www.sonorandesert.org/2026/08/26/data-centers-update/|https://www.tucsonsentinel.com/local/report/081126_pima_data_moratorium/pima-county-moves-forward-possible-data-center-moratorium,az-pima-county-2026,true,true,2026-10-07,
nm-ca-arcata-2026,city,Arcata,CA,06023,0602476,40.86652,-124.08284,temporary moratorium,"data center; >10,000 sq ft",active,2026-09-16,2026-10-31,45,false,"Staff evaluating land-use definitions, environmental impacts, infrastructure capacity, and regulatory models.",https://lostcoastoutpost.com/loco-media/loco-media/agendizer/attachment/26290/1.pdf|https://www.times-standard.com/2026/09/17/arcata-city-council-oks-45-day-moratorium-for-data-centers/,ca-arcata-2026,false,false,2026-09-23,
nm-ca-baldwin-park-2026,city,Baldwin Park,CA,06037,0603666,34.08547,-117.96118,temporary moratorium,data center,extended,2026-03-04,2027-03-04,45,true,45-day moratorium adopted and extended to approximately one year while the city develops data-center zoning standards.,https://www.instagram.com/p/DXQP2zvlKM2/|https://kesq.b-cdn.net/2026/06/ITEM-Attachment-001-9c65ab855b23448b9e9f99cb1087e791.pdf|https://mccmeetingspublic.blob.core.usgovcloudapi.net/coachelaca-meet-07c3d330bb5942b6987fae778373781d/ITEM-Attachment-001-6871b037413e4d69a3c3db9b9fccdb38.pdf|https://abc7.com/post/la-county-issues-temporary-ban-data-centers-unincorporated-areas/19852541/|https://citizenportal.ai/articles/7830978/california/los-angeles-county/baldwin-park-city/baldwin-park-adopts-one-year-urgency-moratorium-on-new-data-centers-citing-water-concerns,ca-baldwin-park-2026,false,false,2026-09-23,
nm-ca-calaveras-county-2026,county,Calaveras County,CA,06009,,38.25582,-120.49815,temporary moratorium,data center,active,2026-08-25,2026-10-09,45,false,"County staff to study data center impacts and return with recommendations, possibly a permanent ban.",https://citizenportal.ai/articles/10060225/California/Calaveras-County/Angels/Council-listed-an-urgency-moratorium-on-data-centers-for-45-days-Ordinance-559|https://www.calaverasenterprise.com/articles/news/data-center-moratorium-approved-by-supervisors/,ca-calaveras-county-2026,false,false,2026-09-23,
nm-ca-city-of-angels-calaveras-county-2026,city,City of Angels (Calaveras County),CA,06009,0602112,38.06957,-120.54050,temporary moratorium,data center,expired,2026-08-18,2026-10-02,45,false,"Active as of 2026-09-23. Adopted 5-0 on 2026-08-18, 45 days, set to expire 2026-10-02. A staff report for the 2026-09-15 Council meeting recommended adopting Ordinance 560 to extend the moratorium…",https://mccmeetingspublic.blob.core.usgovcloudapi.net/anglscmpca-meet-a6a60ff88c6b4e9eadc167ece2e24251/ITEM-Attachment-001-a7eb3ff74ff2433a94b668f2a6a82b33.pdf|https://mccmeetingspublic.blob.core.usgovcloudapi.net/anglscmpca-meet-b1dd575fb7ab478e8d87463057d9884e/ITEM-Attachment-001-0cfb0c6f68cf4181945e40564249b5e3.pdf|https://mymotherlode.com/news/local/11078696/angels-camp-approves-temporary-data-center-moratorium.html,ca-city-of-angels-calaveras-county-2026,false,false,2026-09-23,
nm-ca-coachella-2026,city,Coachella,CA,06065,0614260,33.67950,-116.17628,temporary moratorium,data center,replaced,2026-06-04,2026-09-25,,false,"Moratorium adopted (Ord. 1229) and extended 10 months 15 days (Ord. 1230); superseded by a permanent citywide prohibition on data centers (Ord. 1231), adopted 2026-08-26 and effective 2026-09-25.…",https://mccmeetingspublic.blob.core.usgovcloudapi.net/coachelaca-meet-c521a48a6b144a8c8b17a7d9dcd84d46/ITEM-Attachment-001-dab00342152f408db0e328b9a6846b01.pdf|https://kesq.com/news/2026/08/25/coachella-city-council-passes-permanent-ban-on-data-centers/|https://www.kvcrnews.org/local-news/2026-08-28/coachella-becomes-second-california-city-to-ban-data-centers-as-opposition-swells-in-golden-state|https://kvcr.org/news/local/2026-07-09/coachella-extends-data-center-moratorium-as-city-moves-toward-possible-ban|https://www.desertsun.com/story/money/business/2026/08/12/coachella-data-center-ban-permanent/91248390007/|https://news.google.com/rss/search?q=Coachella%20%22approves%20data%20center%20moratorium%22&hl=en-US&gl=US&ceid=US:en|https://news.google.com/rss/search?q=Coachella%20California%20data%20center%20moratorium&hl=en-US&gl=US&ceid=US:en,ca-coachella-2026,false,false,2026-09-23,
nm-ca-desert-hot-springs-2026,city,Desert Hot Springs,CA,06065,0618996,33.96112,-116.50168,temporary moratorium,data center,extended,2026-06-16,2028-05-22,45,true,"Active as of 2026-09-23; extended on 2026-07-07 (Council vote) to run 22 months and 15 days from that date, or approximately 2028-05-22, the full Gov. Code section 65858 two-year statutory ceiling…",https://cityofdhs.civicweb.net/document/117389/Extension%20of%20Urgency%20Interim%20Ordinance%20of%20the%20C.pdf?handle=872897AA33C84CE2801E18571954240B|https://cityofdhs.civicweb.net/Portal/MeetingInformation.aspx?Id=4437&Org=Cal|https://gpsbusinessinsider.com/data-center-restrictions-spread-in-gps/|https://kesq.com/news/2026/07/07/desert-hot-springs-considers-extending-temporary-ban-on-new-data-centers/,ca-desert-hot-springs-2026,false,false,2026-09-23,
nm-ca-el-monte-2026,city,El Monte,CA,06037,0622230,34.07516,-118.03685,temporary moratorium,data center,extended,2026-03-18,2027-03-17,45,true,Extension ordinance proposed to maintain the pause while the city studies permanent controls,https://www.ci.el-monte.ca.us/AgendaCenter/ViewFile/Agenda/_03182026-1367|https://www.ci.el-monte.ca.us/AgendaCenter/ViewFile/Minutes/_03182026-1367|https://www.ci.el-monte.ca.us/AgendaCenter/ViewFile/Minutes/_04222026-1378|https://www.instagram.com/p/DYCj8opFGld/|https://abc7.com/post/la-county-issues-temporary-ban-data-centers-unincorporated-areas/19852541/,ca-el-monte-2026,false,false,2026-09-23,
nm-ca-escondido-2026,city,Escondido,CA,06073,0622804,33.12168,-117.08149,temporary moratorium,data center,active,2026-08-26,2026-10-10,45,true,Staff researching permanent regulatory options.,https://thecoastnews.com/escondido-temporarily-bans-new-ai-data-centers/|https://www.times-advocate.com/articles/council-moves-to-block-data-centers-in-the-city/,ca-escondido-2026,false,false,2026-09-23,
nm-ca-eureka-2026,city,Eureka,CA,06023,0623042,40.80188,-124.17076,temporary moratorium,data center,active,2026-09-01,2026-10-16,45,false,Staff and Planning Commission to study zoning/regulatory controls.,https://krcrtv.com/resources/pdf/3559121b-fd1a-4ed9-a5d5-8d7b8cc63158-1.pdf|https://krcrtv.com/north-coast-news/eureka-local-news/eureka-city-council-approved-temporary-data-center-moratorium,ca-eureka-2026,false,false,2026-09-23,
nm-ca-gilroy-2026,city,Gilroy,CA,06085,0629504,37.00651,-121.56317,temporary moratorium,data center,active,2026-09-14,2026-10-29,45,false,City to develop objective zoning/siting/operational standards for data centers.,https://www.cityofgilroy.org/CivicAlerts.aspx?AID=1331,ca-gilroy-2026,false,false,2026-09-23,
nm-ca-humboldt-county-undated,county,Humboldt County,CA,06023,,40.59974,-123.89977,temporary moratorium,data center,active,2026-10-06,2026-11-20,,false,"Humboldt County supervisors voted 4-1 for a 45-day moratorium on new data centers in unincorporated areas, exempting closed-loop, 100% renewable facilities under 15 MW.",https://lostcoastoutpost.com/2026/oct/6/humboldt-supervisors-approve-45-day-ban-data-cente/|https://www.times-standard.com/2026/10/07/humboldt-county-supervisors-ok-data-center-moratorium-oppose-prop-45/|https://krcrtv.com/north-coast-news/eureka-local-news/humboldt-county-supervisors-paused-most-new-data-center-applications-in-4-1-vote|https://www.ijpr.org/politics-government/2026-07-15/humboldt-county-detention-data-center-bans,ca-humboldt-county-undated,true,false,2026-10-09,
nm-ca-imperial-2026,city,Imperial,CA,06025,0636280,32.84704,-115.56665,temporary moratorium,data center+battery storage,extended,2026-06-03,2027-05-30,45,true,"Active/extended as of 2026-09-23 -- correcting the prior 'expired' classification. Following a July 15, 2026 public hearing, the City Council unanimously (5-0) adopted Urgency Ordinance No. 835,…",https://calexicochronicle.com/wp-content/uploads/2026/07/City-of-Imperial-Public-Hearing-9447.pdf|https://app.govly.com/public/meetings/28363|https://citizenportal.ai/articles/8545066/california/imperial-county/imperial-city/imperial-council-extends-temporary-moratorium-on-data-centers-amid-labor-siting-and-environmental-study|https://mccmeetingspublic.blob.core.usgovcloudapi.net/coachelaca-meet-07c3d330bb5942b6987fae778373781d/ITEM-Attachment-001-6871b037413e4d69a3c3db9b9fccdb38.pdf|https://www.kpbs.org/news/environment/2026/08/04/after-months-of-public-outcry-imperial-valley-cities-are-hitting-the-brakes-on-data-centers|https://hoodline.com/2026/08/imperial-valley-slams-brakes-on-ai-data-centers-amid-power-water-fears/|https://www.kpbs.org/news/politics/2026/06/17/after-months-of-public-pressure-imperial-county-passes-temporary-moratorium-on-data-centers,ca-imperial-2026,false,false,2026-09-23,
nm-ca-imperial-county-2026,county,Imperial County,CA,06025,,33.03055,-115.35957,temporary moratorium,data center,lifted,2026-06-17,,,false,"Moratorium (Ordinances 1616 and 1618) adopted and extended to run through mid-2027, then invalidated by the Imperial County Superior Court (Judge Jeffrey B. Jones) in Imperial Valley Computer…",https://imperial.granicus.com/GeneratedAgendaViewer.php?event_id=3007&view_id=2|https://app.govly.com/public/meetings/28363|https://mccmeetingspublic.blob.core.usgovcloudapi.net/coachelaca-meet-07c3d330bb5942b6987fae778373781d/ITEM-Attachment-001-6871b037413e4d69a3c3db9b9fccdb38.pdf|https://www.thedesertreview.com/business/judge-strikes-down-county-freeze-on-data-center-approvals/article_e04f6dab-f223-497e-8f1f-3c8b48511d8c.html|https://www.thedesertreview.com/news/imperial-county-reviews-next-steps-after-court-sets-aside-data-center-moratorium/article_6bdd6cc7-da32-492f-a2c5-14290871428d.html|https://kyma.com/dsw-living/data-centers/2026/09/22/imperial-county-judge-rules-on-data-center-freeze/|https://www.thedesertreview.com/news/imperial-county-data-center-advisory-committee-holds-first-meeting/article_85b44d47-7b3d-47c3-9728-a9e10358a1c4.html|https://inewsource.org/2026/07/14/data-center-moratorium-imperial-county/,ca-imperial-county-2026,true,false,2026-10-07,
nm-ca-indio-2026,city,Indio,CA,06065,0636448,33.71928,-116.21881,temporary moratorium,data center,extended,2026-06-03,2027-10-16,45,true,"Indio City Council unanimously adopted an urgency ordinance extending its citywide data center moratorium through Oct. 16, 2027; accessory server rooms and public safety facilities are exempt.",https://mynewsla.com/riverside/2026/10/08/indio-city-council-approves-to-extend-data-center-moratorium-through-2027/|https://www.nbcpalmsprings.com/local-and-community/2026/10/07/indio-city-council-to-consider-extending-data-center-moratorium-through-2027|https://www.indio.org/Home/Components/News/News/311/518|https://riversiderecord.org/indio-takes-another-step-toward-permanent-data-center-ban/|https://www.nbcpalmsprings.com/2026/07/16/indio-city-council-extends-data-center-moratorium-with-planning-commission-already-recommending-a-full-ban|https://desertoasisinsider.shop/blogs/things-to-know/coachella-valley-data-centers-bans-moratoriums|https://www.nbcpalmsprings.com/2026/07/15/indio-city-council-extends-moratorium-on-new-data-center-projects,ca-indio-2026,true,false,2026-10-09,
nm-ca-irwindale-undated,city,Irwindale,CA,06037,0636826,34.10699,-117.93421,temporary moratorium,data center,replaced,,,45,false,Replaced as of 2026-09-23. Whether Draft Urgency Ordinance 819 (the proposed 45-day moratorium) was ever formally adopted at the 2026-05-27 hearing could not be confirmed in this pass either; no…,"https://irwindaleca.api.civicclerk.com/v1/Events/1222|https://irwindaleca.api.civicclerk.com/v1/Meetings/GetMeetingFileStream(fileId=2240,plainText=false)|https://irwindaleca.api.civicclerk.com/v1/Meetings/GetMeetingFileStream(fileId=2240|https://www.cleat.ai/government/contracts/ordinance-no-821-to-establish-an-ordinance-adding-chapter-17-42-artificial-intelligence-ai-data-centers-and-associated-uses-to-the-irwindale-municipal-code-fzpj|https://www.noticeregistry.com/california/notice/public-hearing-irwindale-966093|https://www.sgvtribune.com/2026/09/16/irwindale-approves-data-center-ban-adding-to-growing-list-of-san-gabriel-valley-cities/|https://www.dailynews.com/2026/09/18/la-county-issues-temporary-ban-on-mega-data-centers-with-ordinance-in-the-works/",ca-irwindale-undated,true,true,2026-09-23,
nm-ca-lake-elsinore-2026,city,Lake Elsinore,CA,06065,0639486,33.66808,-117.32726,temporary moratorium,data center,active,2026-08-25,2026-10-09,45,false,City studying scale/impacts before determining regulatory approach.,https://elsinore247.com/2026/08/council-unanimously-approves-45-day-data-center-moratorium.html,ca-lake-elsinore-2026,false,false,2026-09-23,
nm-ca-los-angeles-county-2026,county,Los Angeles County,CA,06037,,34.31551,-118.20968,temporary moratorium,data center,active,2026-09-17,,,false,Interim administrative ban imposed via Regional Planning Director memorandum while the Board of Supervisors moves to adopt a permanent zoning ordinance banning hyperscale AI data centers in…,https://planning.lacounty.gov/long-range-planning/data-centers/|https://www.dailynews.com/2026/09/18/la-county-issues-temporary-ban-on-mega-data-centers-with-ordinance-in-the-works/|https://abc7.com/post/la-county-issues-temporary-ban-data-centers-unincorporated-areas/19852541/,ca-los-angeles-county-2026,false,false,2026-09-23,
nm-ca-mendocino-county-2026,county,Mendocino County,CA,06045,,39.31765,-123.41264,temporary moratorium,data center+cryptocurrency mining,extended,2026-09-01,2028-08-21,45,true,"Supervisors voted 4-1 to extend the 45-day urgency moratorium to 2028-08-21 and exempt facilities drawing under 3 MW, while staff drafts a permanent data center ordinance.",https://mendovoice.com/2026/10/mendocino-county-supervisors-extend-data-center-moratorium-to-2028-with-a-3-megawatt-exception/|https://mendovoice.com/2026/09/mendocino-county-supes-ban-data-centers-for-the-moment-at-least/,ca-mendocino-county-2026,true,false,2026-10-07,
nm-ca-montebello-2026,city,Montebello,CA,06037,0648816,34.01594,-118.11198,temporary moratorium,data center,expired,2026-02-11,2026-03-28,45,false,"Staff directed to study impacts, coordinate with neighboring jurisdictions, and return with Title 17 zoning standards","https://montebelloca.api.civicclerk.com/v1/Meetings/GetMeetingFileStream(fileId=6469,plainText=false)|https://montebelloca.api.civicclerk.com/v1/Meetings/GetMeetingFileStream(fileId=6515,plainText=false)|https://montebelloca.api.civicclerk.com/v1/Meetings/GetMeetingFileStream(fileId=6665,plainText=false)|https://montebelloca.portal.civicclerk.com",ca-montebello-2026,false,false,2026-07-31,
nm-ca-monterey-park-2026,city,Monterey Park,CA,06037,0648914,34.05152,-118.12981,temporary moratorium,"data center; 49.9 MW; >247,480 sq ft",replaced,2026-01-21,2026-03-07,45,false,Moratorium extended through 2027-01-21 (superseded in practice by permanent action); permanent citywide prohibition codified by ordinance on 2026-04-20; voters ratified the prohibition via Measure…,https://www.montereypark.ca.gov/DocumentCenter/View/19275/2026-R56-Certifying-Election-June-2-2026,ca-monterey-park-2026,false,false,2026-07-31,
nm-ca-morgan-hill-2026,city,Morgan Hill,CA,06085,0649278,37.13041,-121.65450,temporary moratorium,data center+battery storage,active,2026-08-26,2026-10-10,45,false,"Active as of 2026-09-23. Adopted unanimously 2026-08-26, effective immediately for 45 days.",https://morganhilltimes.com/morgan-hill-declares-moratorium-on-data-centers-battery-storage-sites/,ca-morgan-hill-2026,false,false,2026-09-23,
nm-ca-oakley-2026,city,Oakley,CA,06013,0653070,37.99742,-121.71245,temporary moratorium,data center,extended,2026-04-14,2027-04-14,45,true,"Staff and Planning Commission to study impacts, gather public input, and draft zoning regulations",https://oakley.granicus.com/MinutesViewer.php?view_id=1&clip_id=695&doc_id=1eed3653-43dc-11f1-bb28-005056a89546|https://oakley.granicus.com/MinutesViewer.php?view_id=1&clip_id=704&doc_id=17d56e59-59d5-11f1-9b4d-005056a89546|https://www.noticeregistry.com/california/notice/ordinance-oakley-967294|https://contracosta.news/2026/05/16/oakley-agrees-to-extend-moratorium-on-data-centers-for-1-year/|https://contracosta.news/2026/07/20/oakley-to-host-work-session-on-data-centers/,ca-oakley-2026,true,false,2026-09-23,
nm-ca-palm-springs-2026,city,Palm Springs,CA,06065,0655254,33.77180,-116.49513,temporary moratorium,data center; applications and permits,extended,2026-08-26,2028-08-25,,true,"Council extended the 45-day urgency moratorium on 2026-09-30 by 22 months 15 days, to 2028-08-25, by the required four-fifths vote.",https://thepalmspringspost.com/palm-springs-extends-data-center-moratorium-to-2028/|https://kesq.com/news/2026/09/30/palm-springs-city-council-approves-extending-data-center-moratorium/,ca-palm-springs-2026,true,false,2026-10-07,
nm-ca-patterson-2026,city,Patterson,CA,06099,0656112,37.47162,-121.12969,temporary moratorium,data center,extended,2026-07-16,2027-07-15,45,true,45-day moratorium adopted and extended through July 2027 while the city studies data center impacts and considers permanent regulations.,https://www.kcra.com/article/patterson-extend-data-center-moratorium/73470335|https://www.cbsnews.com/sacramento/news/patterson-extends-data-center-moratorium/|https://www.kvcrnews.org/local-news/2026-08-28/coachella-becomes-second-california-city-to-ban-data-centers-as-opposition-swells-in-golden-state,ca-patterson-2026,false,false,2026-09-23,
nm-ca-richmond-2026,city,Richmond,CA,06013,0660620,37.93576,-122.34775,temporary moratorium,data center,active,2026-09-15,2026-10-30,45,false,45-day urgency moratorium adopted while staff studies potential regulations and permanent zoning standards for data centers.,https://pub-richmond.escribemeetings.com/filestream.ashx?DocumentId=63014|https://richmondstandard.com/community/2026/09/16/richmond-city-council-approves-45-day-moratorium-on-new-data-centers/|https://ccpulse.org/2026/09/20/richmond-second-in-contra-costa-to-pass-data-center-moratorium/,ca-richmond-2026,false,false,2026-09-23,
nm-ca-san-francisco-undated,city,San Francisco,CA,06075,0667000,37.78794,-122.40752,temporary moratorium,data center,active,2026-10-06,2026-11-20,45,false,Board of Supervisors unanimously adopted a 45-day urgency interim moratorium on new data center approvals and expansions; extendable up to ~22 months.,https://missionlocal.org/2026/10/sf-supervisors-pass-data-center-moratorium/|https://sfstandard.com/2026/10/06/data-center-moratorium-san-francisco/|https://www.kron4.com/news/bay-area/san-francisco-approves-45-day-moratorium-on-new-data-centers/|https://www.nbcbayarea.com/news/local/san-francisco-supervisors-moratorium-new-data-centers/4143257/|https://sfstandard.com/2026/09/22/ai-capital-world-doesn-t-know-many-data-centers-has/,ca-san-francisco-undated,true,true,2026-10-07,
nm-ca-tulare-county-2026,county,Tulare County,CA,06107,,36.25165,-118.85258,temporary moratorium,data center,extended,2026-08-18,2027-08-17,,true,Tulare County Board of Supervisors voted 5-0 to extend its 45-day moratorium on new data center development in unincorporated areas by 10 months and 15 days.,https://kmph.com/news/local/woman-removed-from-tulare-county-meeting-as-data-center-debate-erupts|https://www.fresnobee.com/news/california/central-valley/article316922154.html|https://www.recorderonline.com/news/board-extends-moratorium-opposes-data-centers-with-exception/article_5d90757b-7c8f-4c36-b956-b6f108ef43e5.html,ca-tulare-county-2026,true,false,2026-10-09,
nm-co-archuleta-county-2026,county,Archuleta County,CO,08007,,37.19960,-107.08425,temporary moratorium,data center,active,2026-06-16,2026-12-13,180,true,"Active as of 2026-09-23. Six-month moratorium unanimously adopted via Resolution 2026-47 at the June 16, 2026 Board of County Commissioners meeting; per the Pagosa Springs Sun, 'The moratorium will…","https://www.pagosasun.com/stories/moratorium-on-data-centers-approved-by-county-board,140916|https://cdn2.creativecirclemedia.com/pagosa/files/20260617-170003-222-SUN%20061820.pdf|https://coyotegulch.blog/2026/06/21/moratorium-on-data-centers-approved-by-archuleta-county-board-pagosasprings-sun/",co-archuleta-county-2026,false,false,2026-09-23,
nm-co-arvada-undated,city,Arvada,CO,08059,0803455,39.80055,-105.08116,temporary moratorium,data center,pending,,,548,false,Awaiting second reading/final Council vote on 2026-10-06,,co-arvada-undated,false,true,2026-09-23,
nm-co-boulder-county-2026,county,Boulder County,CO,08013,,40.10256,-105.36321,temporary moratorium,data center,active,2026-06-02,2026-12-02,180,false,Commissioners voted unanimously for a six-month moratorium on accepting applications for data centers and detention centers in industrial areas,https://bouldercounty.gov/news/data-centers-and-detention-centers-commissioners-declare-moratorium/|https://pub-bouldercounty.escribemeetings.com/filestream.ashx?DocumentId=43671|https://www.timescall.com/2026/06/02/boulder-county-moratorium-data-detention-centers/,co-boulder-county-2026,true,false,2026-09-23,
nm-co-broomfield-2026,city,Broomfield,CO,08014,0809280,39.94040,-105.05208,temporary moratorium,data center; at least 10 MW,active,2026-07-07,2028-01-06,548,false,Active 18-month moratorium.,https://www.broomfield.org/DocumentCenter/View/68733|https://www.broomfield.org/DocumentCenter/View/68488/2313-Ordinance-1st-Reading-Publish-in-Full---Website?bidId=|https://www.denver7.com/news/local-news/in-your-community/north-metro/broomfield-approves-18-month-pause-on-data-center-development,co-broomfield-2026,false,false,2026-07-31,
nm-co-buena-vista-2026,town,Buena Vista,CO,08015,0810105,38.84222,-106.13113,temporary moratorium,data center+cryptocurrency mining,active,2026-06-09,,,true,"Active as of 2026-09-23. The Town's own Ordinance No. 13 (Series of 2026), as posted on buenavistaco.gov, confirms the moratorium remains in effect through December 9, 2026 unless extended or…",https://buenavistaco.gov/DocumentCenter/View/5670|https://www.buenavistaco.gov/AgendaCenter/ViewFile/Agenda/_06092026-2153|https://www.buenavistaco.gov/AgendaCenter/ViewFile/Minutes/_06092026-2152|https://arkvalleyvoice.com/bv-trustees-approve-colorado-wildfire-resiliency-code-amendments/,co-buena-vista-2026,false,false,2026-09-23,
nm-co-cedaredge-2026,town,Cedaredge,CO,08029,0812635,38.90165,-107.92645,temporary moratorium,data center,active,2026-08-20,,,false,"Board of Trustees adopted an emergency six-month moratorium on data center applications in all zoning districts, following the path of Delta County and the Town of Paonia.",https://cedaredgecolorado.com/DocumentCenter/View/19574/08-20-2026-Board-of-Trustees-Regular-Meeting-Record-of-Proceedings-PDF|https://cedaredgecolorado.com/DocumentCenter/View/19552/08-20-2026-Board-of-Trustees-Regular-Meeting-Agenda-and-Packet-Combined-PDF,co-cedaredge-2026,false,false,2026-09-23,
nm-co-commerce-city-undated,city,Commerce City,CO,08001,0816495,39.85303,-104.77198,temporary moratorium,data center; development plans and zoning applications,active,2026-09-21,2027-03-20,180,false,Council voted 7-1 for a six-month pause on accepting new data center applications (upstream lists this as pending).,https://www.westword.com/news/colorado-data-center-moratoriums-growing-commerce-city-40938030/|https://businessden.com/two-more-cities-pass-moratoriums-on-new-data-centers/|https://rockymountainvoice.com/2026/09/22/commerce-city-weighs-six-month-pause-on-data-center-development/|https://www.denver7.com/news/local-news/another-colorado-city-is-considering-a-pause-on-data-center-development,co-commerce-city-undated,true,true,2026-10-07,
nm-co-delta-county-2026,county,Delta County,CO,08029,,38.83688,-107.85683,temporary moratorium,data center,active,2026-07-07,,,false,"Active as of 2026-09-23. Confirmed via Delta County's own official website: Resolution R-18 'is scheduled to remain in effect until January 7, 2027, or until the County completes and adopts…",https://www.deltacountyco.gov/CivicAlerts.aspx?AID=811|https://www.deltacountyco.gov/m/newsflash/home/detail/811|https://www.highcountryspotlight.com/local_news/civically_engaged/delta-county-board-of-commissioners-tackle-land-use-code-and-other-agenda-items/article_284ad241-a439-4095-80fa-f250463a94bf.html,co-delta-county-2026,false,false,2026-09-23,
nm-co-denver-2026,city,Denver,CO,08031,0820000,39.73924,-104.98486,temporary moratorium,data center,active,2026-05-18,2027-05-18,365,true,"If enacted, Denver would use the pause for a working group and possible amendments to zoning, building, energy, green/climate, and municipal code provisions.",https://denver.legistar.com/LegislationDetail.aspx?ID=7960021&GUID=0A6BACDC-1F9A-474F-863E-C3F51B5C4489|https://denver.legistar.com/View.ashx?GUID=9AA8B5A2-CEC8-43E5-8752-C8EC3757EDBB&ID=15376337&M=F|https://denvergov.org/Government/Agencies-Departments-Offices/Agencies-Departments-Offices-Directory/Community-Planning-and-Development/Denver-Zoning-Code/Text-Amendments/Data-Centers|https://denver.legistar.com/View.ashx?GUID=A24583F1-1452-4346-AD73-2A8E0439ECD7&ID=15348287&M=F|https://hoodline.com/2026/08/denver-recruits-20-person-panel-to-rewrite-data-center-rules-before-2027-deadline/|https://www.denverpost.com/2026/05/19/denver-council-moratorium-data-center/,co-denver-2026,false,false,2026-09-23,
nm-co-grand-county-2026,county,Grand County,CO,08049,,40.09901,-106.13670,temporary moratorium,data center,active,2026-06-09,2027-06-24,,false,"Board of County Commissioners adopted a moratorium on data center construction under its 1041 powers, to run concurrently with the county's existing solar/wind facility moratorium.",https://www.skyhinews.com/news/grand-county-board-of-commissioners-bans-construction-of-data-centers-until-june-2027/|https://citizenportal.ai/articles/9712741/grand-county-adopts-temporary-moratorium-on-commercial-data-centers-through-june-24-2027,co-grand-county-2026,true,false,2026-09-23,
nm-co-hudson-2026,town,Hudson,CO,08123,0837820,40.07344,-104.64299,temporary moratorium,data center,active,2026-07-01,,,false,"Adopted 2026-07-01, confirmed via the Town's own July 1, 2026 meeting minutes: Ordinance 26-13 passed second/final reading with all six Council members present (Hammock, Post, Reyes, Cole, Nolf,…",https://hudsonco.gov/AgendaCenter/ViewFile/Minutes/_07012026-764|https://hudsonco.gov/AgendaCenter/ViewFile/Agenda/_06172026-762|https://hudsonco.gov/AgendaCenter/ViewFile/Minutes/_06172026-762|https://hudsonco.gov/AgendaCenter/ViewFile/Agenda/_07012026-764|https://servercountry.org/policy/colorado/,co-hudson-2026,true,false,2026-09-23,
nm-co-jefferson-county-2026,county,Jefferson County,CO,08059,,39.56998,-105.25619,temporary moratorium,data center,active,2026-05-19,2027-03-19,304,false,County weighing environmental impacts against economic benefits before allowing new data center applications.,https://www.jeffco.us/m/newsflash/home/detail/2596|https://rockymountainvoice.com/2026/05/20/colorado-killed-its-only-data-center-water-bills-cities-are-filling-the-gap-themselves/|https://www.denverpost.com/2026/05/19/denver-council-moratorium-data-center/,co-jefferson-county-2026,false,false,2026-09-23,
nm-co-johnstown-2026,town,Johnstown,CO,08123,0839855,40.33503,-104.90928,temporary moratorium,data center,active,2026-07-20,2027-07-20,365,false,"Town Council adopted a 12-month moratorium on data-center facility applications, with Councilmember Bashford dissenting on grounds it represented government overreach.",https://www.johnstownrepublic.com/johnstown-approves-temporary-moratorium-on-data-center-facilities/,co-johnstown-2026,false,false,2026-09-23,
nm-co-larimer-county-2026,county,Larimer County,CO,08069,,40.68102,-105.47269,temporary moratorium,data center,extended,2026-01-27,2027-02-25,30,true,County is drafting Land Use Code definitions and standards and opened a public survey through 2026-06-12.,https://www.larimer.gov/sites/default/files/resolution-extend-temporary-moritorium-data-center-facilites-larimer-county-colorado.pdf|https://www.larimer.gov/sites/default/files/recorded-resolution-establish-temporary-moratorium-data-center-facilities-larimer-county-colorado.pdf|https://www.larimer.gov/sites/default/files/resolution-establish-temporary-moratorium-data-center-facilities-lc-04072026.pdf|https://www.govtech.com/artificial-intelligence/colorado-county-prepares-to-extend-data-center-moratorium,co-larimer-county-2026,false,false,2026-08-19,
nm-co-lochbuie-2026,town,Lochbuie,CO,08123,0845530,40.01111,-104.71636,temporary moratorium,data center,active,2026-07-21,2031-07-21,1826,false,"Town Board passed a five-year moratorium on data center applications, the longest such pause reported in Colorado.",https://www.rmpbs.org/news/government/lochbuie-approves-five-year-data-center-moratorium|https://www.datacenterdynamics.com/en/news/town-of-lochbuie-colorado-passes-five-year-data-center-moratorium/,co-lochbuie-2026,false,false,2026-09-23,
nm-co-logan-county-2025,county,Logan County,CO,08075,,40.72510,-103.12214,temporary moratorium,data center+battery storage+solar+wind; 630 MW,replaced,2025-10-21,2026-04-19,180,false,Resolution 2026-5 adopted Data Center Facility regulations. The county planning page lists Resolution 2026-5 among amended regulations effective 2026-02-17 and 2026-04-07.,https://logancountyco.gov/AgendaCenter/ViewFile/Minutes/_10142025-82|https://logancountyco.gov/DocumentCenter/View/1043|https://logancountyco.gov/DocumentCenter/View/1044|https://logancountyco.gov/DocumentCenter/View/1045|https://logancountyco.gov/DocumentCenter/View/1083,co-logan-county-2025,false,false,2026-07-31,
nm-co-loveland-2026,city,Loveland,CO,08069,0846465,40.39776,-105.07498,permit pause,data center; 10 MW,active,2026-09-15,2027-09-15,365,false,City Council approved a 12-month suspension on large-scale data center development applications while staff develop permanent land use regulations.,https://cilovelandco.civicweb.net/document/517316/Att%202%20DRAFT%20Resolution%20Imposing%20Large%20Scale%20Data%20C.pdf?handle=FF362320739B4456B4BBFD9B46E718A8|https://www.reporterherald.com/2026/09/16/loveland-data-center-moratorium-2/,co-loveland-2026,false,false,2026-09-23,
nm-co-mead-2026,town,Mead,CO,08123,0849600,40.23332,-104.99859,temporary moratorium,data center,active,2026-08-31,2027-08-31,365,false,Board of Trustees approved a 12-month moratorium on data center applications to give staff time to study impacts and develop regulations.,https://berthoudsurveyor.com/mead-approves-12-month-data-center-moratorium/,co-mead-2026,false,false,2026-09-23,
nm-co-milliken-2026,town,Milliken,CO,08123,0850480,40.32943,-104.85525,temporary moratorium,data center,active,2026-07-30,2027-07-30,365,false,Board of Trustees adopted a one-year moratorium on accepting and processing data center use applications while staff research land use regulations.,"https://library.municode.com/co/milliken|https://www.myjohnstownbreeze.com/article/1732,milliken-pauses-data-center-projects-for-one-year",co-milliken-2026,false,false,2026-09-23,
nm-co-montrose-county-2026,county,Montrose County,CO,08085,,38.43754,-108.24039,temporary moratorium,data center,active,2026-07-01,,,false,"Board of County Commissioners adopted a six-month moratorium on data center facility applications, reserving the right to extend if more time is needed to complete the regulatory process.",https://www.montrosecounty.net/DocumentCenter/View/26287/Resolution-23-2026,co-montrose-county-2026,false,false,2026-09-23,
nm-co-monument-2026,town,Monument,CO,08041,0851800,39.09166,-104.87276,temporary moratorium,data center,active,2026-07-20,2027-01-16,180,false,Active six-month moratorium.,https://monumentco.api.civicclerk.com/v1/Meetings/GetMeetingFileStream(fileId=4826|https://monumentindependent.com/government/monument-town-council-july-20-2026/,co-monument-2026,false,false,2026-07-31,
nm-co-paonia-2026,town,Paonia,CO,08029,0857300,38.86832,-107.59200,temporary moratorium,data center,active,2026-08-11,2027-08-11,365,false,"Town Board unanimously adopted Resolution 15-26, pausing data center applications for one year and directing staff to draft permanent data-center regulations.",https://www.deltacountyindependent.com/news/data-center-moratorium-imposed-in-paonia-town-to-consider-restrictions-on-the-governments-ai-use/article_cade7970-9096-431b-9221-f881eb9a8b63.html,co-paonia-2026,false,false,2026-09-23,
nm-co-phillips-county-2026,county,Phillips County,CO,08095,,40.58883,-102.37017,temporary moratorium,data center,extended,2026-02-27,,,true,County revising Land Use Code to address data center facilities,,co-phillips-county-2026,false,false,2026-09-23,
nm-co-saguache-county-2026,county,Saguache County,CO,08109,,38.09454,-106.35634,temporary moratorium,data center,active,2026-05-05,2026-11-05,184,false,Board of County Commissioners adopted an emergency six-month moratorium on data center project applications to allow time to develop Land Use Code and 1041 standards specific to data centers.,https://www.alamosacitizen.com/saguache-county-places-moratorium-on-data-center-projects/,co-saguache-county-2026,true,false,2026-09-23,
nm-co-south-fork-2026,town,South Fork,CO,08105,0872395,37.67093,-106.64249,permit pause,data center,active,2026-06-18,2027-06-18,365,false,"Active as of 2026-09-23; jurisdiction confirmed as the Town of South Fork (see legal_basis). Per Section 4 of the ordinance, the one-year pause on data center site-development and permit…",https://alpha.creativecirclecdn.com/valley/files/20260630-181632-8e7-7-1-2026%20Valley%20Courier.pdf|https://towncloud.io/go/center-co/agendas,co-south-fork-2026,false,false,2026-09-23,
nm-co-woodland-park-2026,city,Woodland Park,CO,08119,0886090,38.99380,-105.05705,temporary moratorium,data center,active,2026-07-16,2028-01-16,548,false,"Active as of 2026-09-23. Adopted 2026-07-16 as an 18-month moratorium (through approximately 2028-01-16), confirmed by The Gazette's July 17, 2026 report of the second-reading vote and corroborated…",https://woodlandpark.gov/DocumentCenter/View/6979/Ordinance-1525-Series-2026-PN-Temp-Moratorium---on-Data-Centers|https://gazette.com/2026/07/17/woodland-park-passes-moratorium-on-data-centers/|https://coloradonewsline.com/2026/08/10/colorado-moratoriums-data-centers/,co-woodland-park-2026,false,false,2026-09-23,
nm-ct-cromwell-undated,town,Cromwell,CT,09130,0913018080,41.59499,-72.64557,temporary moratorium,data center,pending,,,,false,"Planning and Zoning Commission voted 5-1 to schedule a public hearing (Sept. 24, 2026) on a proposed 12-month data center moratorium text amendment; the moratorium itself has not been adopted as of…",https://www.cromwellct.gov/DocumentCenter/View/5915/081826-Minutes-filed-with-Clerk|https://mytownview.com/connecticut/middlesex/cromwell/meetings/18243-planning-and-zoning-commission-2026-08-18,ct-cromwell-undated,false,true,2026-09-23,
nm-ct-groton-2022,town,Groton,CT,09180,0934180,41.34018,-72.07303,temporary moratorium,"data center; >5,000 square feet",replaced,2022-06-14,2023-06-14,365,false,"Permanent regulations adopted in 2023 limit principal data centers to 12,500 square feet and impose siting and operating limits; public reporting describes this as blocking hyperscale projects",https://agendasuite.org/iip/groton/file/getfile/66259|https://agendasuite.org/iip/groton/file/getfile/76493,ct-groton-2022,false,false,2026-07-31,
nm-ct-morris-2026,town,Morris,CT,09160,0916049460,41.68366,-73.19966,temporary moratorium,battery storage+data center,active,2026-05,,365,false,Pending; moratorium directs the commission to prepare zoning amendments as appropriate,https://municipal-documents.s3.amazonaws.com/uploads/Morris-CT/planning-zoning-commission/documents/regulations/155741/Morris%20-%20Moratorium%20Battery%20Energy%20Storage%20Systems%20%26%20Data%20Centers.pdf|https://www.connecticutvisitorguide.com/morris-connecticut-imposes-two-year-data-center-moratorium-to-protect-farmland/,ct-morris-2026,false,true,2026-07-31,
nm-ct-new-haven-undated,city,New Haven,CT,09170,0952000,41.30821,-72.92505,temporary moratorium,data center,active,2026-09-22,2027-09-22,365,false,"Board of Alders unanimously approved a 12-month moratorium on new data centers, exempting research facilities tied to the quantum and life sciences cluster.",https://www.newhavenindependent.org/2026/09/23/12-month-pause-approved-for-data-center-development/|https://newhaven-ct.legistar.com/View.ashx?M=A&ID=1440010&GUID=501E8D91-4B5D-4A15-857C-36BD3856DBCE|https://newhaven-ct.legistar.com/LegislationDetail.aspx?ID=8127684&GUID=07E27309-E322-4750-8482-9ABB380614E9&Options=&Search=|https://www.newhavenindependent.org/2026/09/08/alder-proposal-urges-yale-to-reject-trump-deal/|https://www.newhavenindependent.org/2026/07/06/12-month-pause-pitched-for-data-center-dev/,ct-new-haven-undated,true,false,2026-10-07,
nm-ct-trumbull-2026,town,Trumbull,CT,09120,0912077200,41.24287,-73.20067,temporary moratorium,data center; 15 MW,active,2026-09-09,2028-09-08,730,false,"2-year moratorium on new data center establishment/development adopted unanimously; does not reach the town's existing (and currently most active) data center project, which continues as a…",https://www.trumbull-ct.gov/AgendaCenter/ViewFile/Agenda/_09092026-6197|https://westfaironline.com/latest-news/trumbull-town-council-oks-moratorium-on-new-data-centers/|https://ctmirror.org/2026/09/11/trumbull-ai-data-center-moratorium/,ct-trumbull-2026,false,false,2026-09-23,
nm-ct-west-haven-2026,city,West Haven,CT,09170,0982800,41.27065,-72.94705,temporary moratorium,data center,active,2026-06-08,2027-06-08,365,false,Council unanimously approved a 1-year moratorium on data center development,https://www.cityofwesthaven.com/AgendaCenter/ViewFile/Minutes/_06082026-3643|https://html.duckduckgo.com/html/?q=%22West+Haven%22+Connecticut+data+center+moratorium+ordinance+2026|https://html.duckduckgo.com/html/?q=NH+Register+%22West+Haven%22+%22one-year+moratorium%22+data+center,ct-west-haven-2026,false,false,2026-07-31,
nm-de-dover-undated,city,Dover,DE,10001,1021200,39.15817,-75.52437,temporary moratorium,data center,pending,,,548,false,"Pending as of 2026-09-23. The draft ordinance would immediately suspend the City's acceptance, processing, review, approval, and issuance of permits, site plan approvals, conditional-use approvals,…",https://www.cityofdover.gov/meetingfiles/101495/attachments/5a41ae1704674a72a351840dea9366ba.pdf|https://www.cityofdover.gov/ordinances-and-resolutions|https://spotlightdelaware.org/2026/08/13/dover-data-center-moratorium-gains-steam-amid-statewide-concerns-over-the-industry/,de-dover-undated,false,true,2026-09-23,
nm-fl-alachua-undated,city,Alachua,FL,12001,1200375,29.77808,-82.46440,temporary moratorium,data center,pending,,,,false,Pending City Commission vote,,fl-alachua-undated,true,true,2026-09-23,
nm-fl-bay-county-2026,county,Bay County,FL,12005,,30.24817,-85.65936,temporary moratorium,data center; 5 MW,active,2026-07-07,2027-01-03,180,false,"Six-month moratorium adopted; permanent regulations expected before it expires, or a further six-month extension possible.",https://www.wjhg.com/2026/07/08/bay-county-approves-six-month-moratorium-ai-data-centers/,fl-bay-county-2026,false,false,2026-09-23,
nm-fl-citrus-county-2026,county,Citrus County,FL,12017,,28.85129,-82.51412,temporary moratorium,data center,active,2026-05-26,2027-05-26,365,false,"Active moratorium halting construction/expansion approvals, building permits, development orders, and rezonings for data center facilities in unincorporated Citrus County.",https://citrusclerk.api.civicclerk.com/v1/Meetings/GetMeetingFileStream(fileId=11182|https://citrusclerk.api.civicclerk.com/v1/Meetings/GetMeetingFileStream(fileId=11222|https://www.wwals.net/pictures/2026-05-26--citrus-county-datacenter-moratorium/,fl-citrus-county-2026,false,false,2026-07-31,
nm-fl-clay-county-2026,county,Clay County,FL,12019,,29.97665,-81.84706,temporary moratorium,data center,active,2026-06-23,2027-06-23,365,false,"Active; the official scope is narrower (comprehensive-plan land-use amendments) than some news descriptions of a blanket permit freeze, and that narrower scope should be preferred.",https://clayfl.new.swagit.com/videos/392008|https://www.actionnewsjax.com/news/local/clay-county-commissioners-approve-one-year-moratorium-data-centers/GM7HRVAP3ND2TJ4SNUG3HAPABI/,fl-clay-county-2026,false,false,2026-07-31,
nm-fl-desoto-county-2026,county,DeSoto County,FL,12027,,27.19025,-81.82442,temporary moratorium,data center; exemptions noted,active,2026-07-28,2027-07-28,365,false,"One-year moratorium adopted, county attorney limited scope to one year and excluded pending applications rather than following the Planning Commission's recommendation of a two-year moratorium…",https://www.wgcu.org/top-story/2026-07-29/desoto-approves-data-center-moratorium-but-controversial-project-can-advance|https://www.mysuncoast.com/2026/07/09/sarasota-county-blocks-hyperscale-data-centers-least-one-year/,fl-desoto-county-2026,false,false,2026-09-23,
nm-fl-flagler-county-2026,county,Flagler County,FL,12035,,29.48444,-81.29174,temporary moratorium,data center,active,2026-08-03,2027-08-03,365,false,"One-year moratorium adopted on second reading, broadened at final passage to cover all data centers rather than only large-scale ones.",https://www.observerlocalnews.com/news/2026/aug/03/flagler-county-approves-one-year-data-center-moratorium/,fl-flagler-county-2026,false,false,2026-09-23,
nm-fl-franklin-county-2026,county,Franklin County,FL,12037,,29.83231,-84.82391,temporary moratorium,data center,active,2026-07-15,2027-07-15,365,false,One-year moratorium adopted unanimously.,https://www.aol.com/articles/franklin-county-approves-1-ai-031331000.html,fl-franklin-county-2026,false,false,2026-09-23,
nm-fl-hernando-county-2026,county,Hernando County,FL,12053,,28.57102,-82.46051,temporary moratorium,data center; exemptions noted,active,2026-06-23,2027-06-23,365,false,Active 365-day moratorium; filed with the Florida Department of State 2026-06-24.,https://hernandoclerk.com/wp-content/uploads/_Documents/Historical%20Ordinances/2026/Ordinance%20No.%202026-15.pdf,fl-hernando-county-2026,false,false,2026-07-31,
nm-fl-hillsborough-county-undated,county,Hillsborough County,FL,12057,,27.91845,-82.34881,temporary moratorium,data center,pending,,,,false,"Hillsborough County commissioners voted 7-0 to have staff draft an AI data center moratorium that would run until Oct. 7, 2027; not yet adopted.",https://www.cltampa.com/news/heres-a-toolkit-to-help-florida-residents-combat-large-scale-ai-data-centers/,fl-hillsborough-county-undated,true,true,2026-10-09,
nm-fl-holmes-county-2026,county,Holmes County,FL,12059,,30.89187,-85.81382,temporary moratorium,data center,active,2026-06-16,2027-06-16,365,true,Adopted,,fl-holmes-county-2026,false,false,2026-09-23,
nm-fl-lake-county-2026,county,Lake County,FL,12069,,28.70069,-81.78994,temporary moratorium,data center,active,2026-09-08,2026-12-07,90,false,"90-day moratorium adopted, a shorter and later instrument than the one-year moratorium the Board had directed staff to draft in late June.",https://www.youtube.com/watch?v=FZciO7Zq_aY|https://www.zonewire.co/meetings/lake-county-fl/6950|https://www.cfpublic.org/politics/2026-09-09/lake-county-presses-pause-on-accepting-data-center-applications,fl-lake-county-2026,false,false,2026-09-23,
nm-fl-lakeland-undated,city,Lakeland,FL,12105,1238250,28.03946,-81.94980,temporary moratorium,"data center; 50 MW; >600,000 sq ft",active,2026-08-03,2027-08-03,365,false,Ordinance No. 26-018 is effective immediately and pauses new covered applications while the City considers permanent rules.,https://www.lakelandgov.net/news/?category=46582&page=1|https://lakelandgov.net/news/posts/2026/july/legal-notice-proposed-moratorium-on-data-center-and-large-load-customers/|https://wusf.org/text/politics-issues/2026-08-03/lakeland-approves-one-year-moratorium-on-data-centers|https://www.wmnf.org/lakeland-data-center-moratorium/,fl-lakeland-undated,false,false,2026-08-19,
nm-fl-leon-county-undated,county,Leon County,FL,12073,,30.46831,-84.25491,temporary moratorium,data center,pending,,,,false,First reading passed unanimously; final adoption pending as of 2026-09-23.,https://tallahasseereports.com/2026/09/11/leon-county-to-hold-public-hearing-on-18-month-data-center-moratorium/|https://fox49.tv/news/local/leon-county-moves-toward-18-month-data-center-moratorium|https://news.wfsu.org/wfsu-local-news/2026-07-14/leon-commissioners-pass-data-center-moratorium-block-flock-camera-grant-funding|https://www.wctv.tv/2026/07/15/leon-county-commissioners-approved-18-month-data-center-moratorium/,fl-leon-county-undated,false,true,2026-09-23,
nm-fl-levy-county-2026,county,Levy County,FL,12075,,29.30086,-82.78246,temporary moratorium,data center,active,2026-09-08,2027-09-08,365,false,Adopted,,fl-levy-county-2026,false,false,2026-09-23,
nm-fl-lynn-haven-2026,city,Lynn Haven,FL,12005,1241825,30.24548,-85.64826,temporary moratorium,data center,expired,2026-06-23,2026-08-22,60,true,"Expired 2026-08-22; Resolution 2026-06-561 provided by its own terms that it would remain in effect only until the earlier of (a) City Commission adoption of the separate 'Moratorium Ordinance,' (b)…","https://lynnhavenfl.api.civicclerk.com/v1/Meetings/GetMeetingFileStream(fileId=1034,plainText=false)|https://lynnhavenfl.api.civicclerk.com/v1/Meetings/GetMeetingFileStream(fileId=1057,plainText=false)|https://lynnhavenfl.api.civicclerk.com/v1/Meetings/GetMeetingFileStream(fileId=1079,plainText=false)|https://lynnhavenfl.api.civicclerk.com/v1/Meetings/GetMeetingFileStream(fileId=1104,plainText=false)|https://lynnhavenfl.api.civicclerk.com/v1/Meetings/GetMeetingFileStream(fileId=1117,plainText=false)|https://www.cityoflynnhaven.gov/AgendaCenter/ViewFile/Agenda/_06232026-1365|https://citizenportal.ai/articles/8333747/florida/bay-county/lynn-haven/lynn-haven-commission-enacts-temporary-moratorium-on-data-ai-data-centers",fl-lynn-haven-2026,false,false,2026-09-23,
nm-fl-madison-county-2026,county,Madison County,FL,12079,,30.45144,-83.45245,temporary moratorium,data center,active,2026-07-22,2027-07-22,365,false,Active as of 2026-09-23. Confirmed via the county's local newspaper of record (Greene Publishing / Madison County Carrier) and a Suwannee Riverkeeper (WWALS) report that tracked the ordinance…,https://www.greenepublishing.com/county-commission-passes-data-center-moratorium/|https://wwals.net/2026/07/17/datacenter-moratorium-proposed-hamilton-county-bocc-2026-07-08/,fl-madison-county-2026,true,false,2026-09-23,
nm-fl-manatee-county-2026,county,Manatee County,FL,12081,,27.52139,-82.38016,temporary moratorium,data center,active,2026-09-22,2027-09-22,365,false,Twelve-month moratorium ordinance (No. 26-42) adopted.,https://zeta.creativecirclecdn.com/bradenton/files/20260922-162036-98a-document%20%282%29.pdf|https://www.yourobserver.com/news/2026/sep/22/manatee-ordinance-data-center-moratorium/,fl-manatee-county-2026,false,false,2026-09-23,
nm-fl-marion-county-2026,county,Marion County,FL,12083,,29.21824,-82.06270,temporary moratorium,data center+cryptocurrency mining; 50 megawatts; exemptions noted,active,2026-09-15,2027-09-15,365,false,"12-month moratorium adopted (4-1 substantive vote; 5-0 procedural adoption vote), with exemptions for sub-50-MW facilities that drew a dissenting vote from Commissioner Kathy Bryant, who opposed the…",https://www.ocala-news.com/2026/09/16/marion-county-approves-12-month-moratorium-on-large-scale-data-centers/,fl-marion-county-2026,false,false,2026-09-23,
nm-fl-martin-county-undated,county,Martin County,FL,12085,,27.06737,-80.39944,temporary moratorium,data center,pending,,,,false,Direction to staff; two public hearings still required,,fl-martin-county-undated,true,true,2026-09-23,
nm-fl-minneola-undated,city,Minneola,FL,12069,1245900,28.57566,-81.74829,temporary moratorium,data center,pending,,,,false,Advanced; final vote status unconfirmed,,fl-minneola-undated,true,true,2026-09-23,
nm-fl-nassau-county-2026,county,Nassau County,FL,12089,,30.66243,-81.77073,temporary moratorium,data center+cryptocurrency mining,active,2026-06-08,2027-06-08,365,false,"Ordinance adopted on final hearing 2026-06-08; moratorium in effect for up to 12 months or until permanent Data Center Facility regulations are adopted, whichever is sooner.",https://nassaucountyfl.primegov.com/Portal/Meeting?meetingTemplateId=1599|https://nassaufl.granicus.com/JSON.php?clip_id=2356|https://nassaucountyfl.com/DocumentCenter/View/31666/First-Reading-Moratorium-Ordinance-2026-044,fl-nassau-county-2026,false,false,2026-07-31,
nm-fl-north-port-2026,city,North Port,FL,12115,1249675,27.04422,-82.23592,temporary moratorium,"data center; >896,000 sq ft",active,2026-09-22,2028-03-23,548,false,18-month moratorium adopted 3-2 on second/final reading 2026-09-22; the pending Deep Park application was excluded from coverage after the city attorney warned that including it could expose the…,https://www.winknews.com/news/state/north-port-approves-pause-on-data-center-development/article_63820957-94de-4532-88e7-e2f8973cff34.html|https://www.wgcu.org/government-politics/2026-09-04/seven-hours-400-comments-packed-city-hall-north-port-moves-to-halt-data-centers,fl-north-port-2026,false,false,2026-09-23,
nm-fl-orange-county-undated,county,Orange County,FL,12095,,28.49516,-81.31117,temporary moratorium,data center,pending,,,,false,Discussion consensus only; formal vote pending,,fl-orange-county-undated,true,true,2026-09-23,
nm-fl-ormond-beach-2026,city,Ormond Beach,FL,12127,1253150,29.28541,-81.05579,temporary moratorium,data center,active,2026-08-25,2028-02-24,548,false,Adopted,,fl-ormond-beach-2026,false,false,2026-09-23,
nm-fl-palm-beach-county-2026,county,Palm Beach County,FL,12099,,26.62798,-80.44942,temporary moratorium,data center,active,2026-09-24,2027-09,,false,"Commissioners voted 6-0 on 2026-09-24 to adopt a one-year moratorium on large-scale data centers (50 MW+ anticipated peak load), replacing the July interim intake freeze; ends sooner if permanent…",https://cbs12.com/news/local/palm-beach-county-pauses-large-ai-data-centers-one-year-moratorium-smaller-project-tango-plan-remains-approved|https://www.wlrn.org/light/government-politics/2026-08-27/palm-beach-county-artificial-intelligence-data-centers|https://discover.pbc.gov/countycommissioners/Pages/Briefs.aspx|https://www.wlrn.org/government-politics/2026-08-27/palm-beach-county-artificial-intelligence-data-centers|https://gotowncrier.com/2026/09/county-commissioners-support-data-center-moratorium-plan/,fl-palm-beach-county-2026,true,true,2026-10-07,
nm-fl-panama-city-2026,city,Panama City,FL,12005,1254700,30.15865,-85.66029,temporary moratorium,data center,active,2026-09-23,2027-09-23,365,false,One-year moratorium adopted on second reading.,https://www.wjhg.com/2026/09/23/panama-city-approves-one-year-ban-new-data-center-proposals/|https://www.wjhg.com/2026/09/09/panama-city-considers-one-year-moratorium-data-centers/,fl-panama-city-2026,false,false,2026-09-23,
nm-fl-pasco-county-2026,county,Pasco County,FL,12101,,28.29885,-82.45267,temporary moratorium,data center; exceeding 2.5 MW,active,2026-07-14,2027-07-14,365,false,"Active as of 2026-09-23. Confirmed via WUSF (public radio) and the county's own pre-adoption ordinance text (agenda packet), which sets a 12-month duration 'or until such time as repealed by the…",https://www.panamacity.gov/AgendaCenter/ViewFile/Item/17177?fileID=36990|https://www.wusf.org/politics-issues/2026-07-15/pasco-county-one-year-moratorium-large-data-centers|https://baynews9.com/fl/tampa/news/2026/07/14/pasco-leaders-nearing-decision-on-data-center-moratorium,fl-pasco-county-2026,false,false,2026-09-23,
nm-fl-pensacola-undated,city,Pensacola,FL,12033,1255925,30.42131,-87.21692,temporary moratorium,data center; at least 50 MW,active,2026-08-13,2027-08-13,365,false,Active as of 2026-09-23; the one-year moratorium on large-scale data centers and large-load-customer facilities (50 MW+) was adopted on second and final reading 2026-08-13 by a 7-0 vote (Ordinance…,"https://pensacolafl.api.civicclerk.com/v1/Meetings/GetMeetingFileStream(fileId=5114,plainText=false)|https://ricksblog.biz/wp-content/uploads/2026/07/Proposed-Ordinance-No.-13-26.pdf|https://www.noticeregistry.com/florida/notice/public-hearing-pensacola-11640997|https://www.pnj.com/story/news/local/pensacola/2026/07/17/pensacola-approves-one-year-ban-on-ai-data-centers/90940449007/|https://ricksblog.biz/pensacola-city-council-passes-data-center-moratorium/",fl-pensacola-undated,false,false,2026-09-23,
nm-fl-pinellas-park-undated,city,Pinellas Park,FL,12103,1256975,27.84280,-82.69954,temporary moratorium,"data center; >17,653 sq ft",active,2026-08-11,2027-08-11,365,false,"Active as of 2026-09-23; the City Council voted unanimously 2026-08-11 to adopt Ordinance 2026-22, a 12-month moratorium on data centers and 'large load customer facilities' (50 MW+ anticipated…",https://pinellaspark.legistar.com/View.ashx?M=A&ID=1422689&GUID=AACE7F85-332F-41EE-8CF0-A83ED7B2D089|https://baynews9.com/fl/tampa/news/2026/08/11/pinellas-park-leaders-ok-one-year-moratorium-on-data-centers|https://pinellascommunity.com/posts/pinellas-will-put-it-in-writing-no-large-data-centers-in-the-unincorporated-county|https://baynews9.com/fl/tampa/news/2026/07/21/pinellas-park-officials-set-for-meetings-on-data-center-moratorium|https://stpetecatalyst.com/pinellas-park-considers-pause-on-ai-data-centers/,fl-pinellas-park-undated,false,false,2026-09-23,
nm-fl-putnam-county-2026,county,Putnam County,FL,12107,,29.62662,-81.72306,temporary moratorium,data center,active,2026-09-08,,,false,Adopted,,fl-putnam-county-2026,false,false,2026-09-23,
nm-fl-santa-rosa-county-2026,county,Santa Rosa County,FL,12113,,30.69645,-87.00975,temporary moratorium,data center,active,2026-07-23,2027-07-23,365,false,"Active as of 2026-09-23. Confirmed via the county's own BOCC Special Rezoning Meeting agenda (2026-07-23) and the Santa Rosa Press Gazette (local paper of record), both corroborating the PNJ…","https://santarosacofl.api.civicclerk.com/v1/Meetings/GetMeetingFileStream(fileId=3015,plainText=false)|https://www.santarosa.fl.gov/m/newsflash/home/detail/2096|https://srpressgazette.com/santa-rosa-county-adopts-12-month-data-center-ban/|https://www.pnj.com/story/news/local/santa-rosa/2026/07/08/data-center-moratorium-would-ban-santa-rosa-consideration-for-one-year/90849010007/|https://www.wuwf.org/local-news/2026-07-24/escambia-and-santa-rosa-counties-ban-data-centers",fl-santa-rosa-county-2026,true,false,2026-09-23,
nm-fl-sarasota-county-2026,county,Sarasota County,FL,12115,,27.18136,-82.36092,temporary moratorium,data center,active,2026-07-08,2027-07-08,365,false,"Active as of 2026-09-23; the Commission's 2026-07-08 vote directed an immediate halt on acceptance, review and approval of hyperscale (50 MW+) data-center applications until at least July 2027 while…",https://www.mysuncoast.com/2026/07/09/sarasota-county-blocks-hyperscale-data-centers-least-one-year/|https://www.wusf.org/politics-issues/2026-07-10/sarasota-county-blocks-hyperscale-data-centers-at-least-one-year,fl-sarasota-county-2026,true,false,2026-09-23,
nm-fl-st-johns-county-undated,county,St. Johns County,FL,12109,,29.90323,-81.41455,temporary moratorium,data center,pending,,,,false,"St. Johns County commissioners will hold an Oct. 20 hearing on an ordinance pausing applications for medium (5-49 MW) and large-scale data centers until Oct. 31, 2027.",https://sjcitizen.com/as-debate-rages-st-johns-county-board-weighs-yearlong-data-center-pause-to-study-impacts/,fl-st-johns-county-undated,true,true,2026-10-09,
nm-fl-washington-county-2026,county,Washington County,FL,12133,,30.60093,-85.67620,temporary moratorium,data center,active,2026-08-20,2027-08-20,365,false,One-year moratorium adopted unanimously.,https://washingtoncounty.news/2026/08/21/county-approves-one-year-moratorium-on-data-center-applications/|https://www.yahoo.com/news/us/articles/washington-county-sets-1-moratorium-212016113.html,fl-washington-county-2026,false,false,2026-09-23,
nm-fl-zephyrhills-2026,city,Zephyrhills,FL,12101,1279225,28.23362,-82.18120,temporary moratorium,data center,active,2026-06-22,2027-06-22,365,false,"Active as of 2026-09-23. Confirmed directly against the City of Zephyrhills' official Code of Ordinances index (Municode), which lists 'Ordinance No. 1523-26 ... Adopted 6/22/26' establishing the…",https://library.municode.com/fl/zephyrhills|https://library.municode.com/fl/zephyrhills/codes/code_of_ordinances|https://www.wusf.org/politics-issues/2026-06-24/zephyrhills-city-council-one-year-moratorium-data-centers,fl-zephyrhills-2026,false,false,2026-09-23,
nm-ga-adel-cook-county-2026,city,Adel (Cook County),GA,13075,1300576,31.13714,-83.42349,temporary moratorium,data center,active,2026-07-06,2027-01-02,180,false,Mayor and council adopted Resolution No. 26-02 imposing a 180-day data center moratorium,https://www.wwals.net/pictures/2026-07-06--adel-ga-datacenter-ordinance/26-02-Resolution.pdf,ga-adel-cook-county-2026,false,false,2026-07-31,
nm-ga-albany-2026,city,Albany,GA,13095,1301052,31.57821,-84.15568,temporary moratorium,data center,active,2026-07-28,2027-07-28,365,false,"City commissioners unanimously approved a 12-month halt on all new data center development, with an option to extend 6 more months",https://www.walb.com/2026/07/29/data-center-developments-paused-12-months-albany-following-commission-vote/,ga-albany-2026,false,false,2026-07-31,
nm-ga-appling-county-2026,county,Appling County,GA,13001,,31.77714,-82.29963,temporary moratorium,data center,expired,2026-08-04,2026-09-13,40,false,Commissioners adopted a 40-day emergency moratorium on data center approvals pending code revisions.,https://mytownview.com/georgia/appling/meetings/co-1681-appling-co-board-of-commissioners-regular-monthly-mtg-2026-09-01|https://applingcountyga.org/wp-content/uploads/2026/09/2026-09-17-Called-Meeting-x2.pdf|https://applingcountyga.org/wp-content/uploads/2026/09/2026-08-Combined-Minutes.pdf|https://applingcountyga.org/wp-content/uploads/2026/08/RESOLUTION-2026-40-Day-Moratorium-Data-Centers.pdf,ga-appling-county-2026,false,false,2026-09-23,
nm-ga-athens-clarke-county-2025,county,Athens-Clarke County,GA,13059,,33.95927,-83.37947,temporary moratorium,data center,replaced,2025-12-02,,,false,New rules allow data centers in heavy industrial zones with tighter review and closed-loop cooling requirements,,ga-athens-clarke-county-2025,false,false,,
nm-ga-augusta-richmond-county-undated,county,Augusta-Richmond County,GA,13245,,33.46855,-82.07015,temporary moratorium,data center; exemptions noted,replaced,2026-06-02,2026-09-15,49,false,"49-day moratorium (2026-06-02) extended 60 days on 2026-07-21, then replaced by a permanent data center ordinance adopted 6-5 on 2026-09-15; the QTS Gordon Highway campus remains exempt.",https://mccmeetings.blob.core.usgovcloudapi.net/augustaga-pubu/MEET-Packet-ede9bf88121444c1b4fcea35685ca9d8.pdf|https://www.augustaga.gov/3460/Draft-Data-Center-Ordinance|https://www.wrdw.com/2026/07/21/augusta-leaders-extend-moratorium-new-data-centers/|https://www.wrdw.com/2026/06/02/augustans-urge-city-leaders-put-data-centers-hold/|https://www.wrdw.com/2026/09/15/residents-press-augusta-toughen-data-center-rules-before-final-vote/|https://theaugustapress.com/augusta-data-center-ordinance-passes-6-5/,ga-augusta-richmond-county-undated,false,false,2026-09-23,
nm-ga-ball-ground-2026,city,Ball Ground,GA,13057,1305036,34.33823,-84.37657,temporary moratorium,data center,active,2026-08-13,2027-02-09,180,false,City Council adopted a moratorium on data center applications.,"https://cityofballground.com/pdf/APPROVED August 13, 2026 Minutes.pdf|https://www.tribuneledgernews.com/local_news/ball-ground-city-council-pauses-data-center-applications/article_6ae0e229-7354-4ef8-9b03-0cdb113c44fd.html|https://hoodline.com/2026/08/cherokee-county-triples-down-on-data-center-freeze-through-february-2027/",ga-ball-ground-2026,false,false,2026-09-23,
nm-ga-banks-county-2026,county,Banks County,GA,13011,,34.33786,-83.49700,temporary moratorium,data center,extended,2026-08,2027-03-09,,true,Board adopted and then extended a data center moratorium while updating the county code.,https://www.mainstreetnews.com/banks/news/banks-boc-approves-data-center-moratorium/article_c73cd670-6881-4bcf-994a-bf866b3cf578.html|https://www.mainstreetnews.com/banks/news/moratorium-on-data-centers-r-1-zoning-extended-by-boc/article_f046af36-6630-429e-a8b6-7ff31b316a03.html,ga-banks-county-2026,false,true,2026-09-23,
nm-ga-bloomingdale-2026,city,Bloomingdale,GA,13051,1308844,32.13242,-81.29900,temporary moratorium,data center,active,2026-08-20,,,false,City Council unanimously adopted a six-month data center moratorium while the city studies regulations.,https://savannahagenda.com/wp-content/uploads/2026/08/Bloomingdale-Data-Center-Resolution-as-proposed-for-Aug.-20-city-council-meeting.pdf|https://savannahagenda.com/bloomingdale-considering-data-center-moratorium/,ga-bloomingdale-2026,false,false,2026-09-23,
nm-ga-brooks-county-2026,county,Brooks County,GA,13027,,30.83366,-83.59584,temporary moratorium,data center,extended,2026-02-02,2026-12-31,90,true,"Study/drafting period ongoing as of 2026-06-29; Board directed staff to draft specific criteria for a permanent data center ordinance, teed up for the July 6, 2026 meeting. Final adoption status not…",https://brookscountyga.gov/agendas-minutes-and-public-notices/2026/July/Regular Mtg.July 6 2026 (1).docx.pdf|https://brookscountyga.gov/agendas-minutes-and-public-notices/2026/July/SpecialCalled.WS.07.27.2026.Final.docx.pdf|https://brookscountyga.gov/agendas-minutes-and-public-notices/2026/May/Reg%20Mtg.MAY%204%202026.Agenda%20(2).docx.pdf|https://brookscountyga.gov/agendas-minutes-and-public-notices/2026/June/Special%20Call.WS.06.29.2026.docx.pdf|https://brookscountyga.gov/agendas-minutes-and-public-notices/2026/July/Reg%20Mtg.July%206%202026.Agenda.docx.pdf|https://www.wctv.tv/2026/06/30/brooks-county-commissioners-finalize-21m-budget-focused-public-safety-discuss-data-center-ordinance/,ga-brooks-county-2026,false,false,2026-09-23,
nm-ga-bulloch-county-2026,county,Bulloch County,GA,13031,,32.38463,-81.74483,temporary moratorium,data center,extended,2026-02-17,2026-12-31,90,true,County study and potential zoning clarification,https://www.statesboroherald.com/local/county-commission-by-4-3-vote-with-chairs-tiebreaker-kills-proposal-for-data-center-ban/|https://www.statesboroherald.com/local/commissioners-extend-both-moratoriums-step-toward-outright-ban-on-data-centers/,ga-bulloch-county-2026,true,false,2026-09-23,
nm-ga-calhoun-gordon-county-undated,city,Calhoun (Gordon County),GA,13129,1312456,34.50259,-84.95105,temporary moratorium,data center,extended,2026-04-27,2027-01-25,,true,City Council unanimously extended its data center moratorium for six additional months after a public hearing at which several residents opposed data centers,https://www.cityofcalhoun-ga.com/browse/fetch.aspx?cat=minutes&enc=28uExVlnauIBx79x7ML1Uvd9UYvMKU0q1GpBGbf7aq8%3d&ok=%2f2026%2f6-8-26+Minutes.pdf|https://www.northwestgeorgianews.com/calhoun_times/news/local/city-of-calhoun-passes-preemptive-data-center-moratorium/article_753b655c-13d2-495d-bbc9-676caa977628.html|https://coosavalleynews.com/2026/04/calhoun-approves-90-day-moratorium-on-data-centers/|https://www.northwestgeorgianews.com/calhoun_times/news/local/calhoun-extends-data-center-moratorium-approves-zoning-map/article_ded0d77f-d27c-40a2-9dfc-fffb2ee97e48.html|https://coosavalleynews.com/2026/06/calhoun-city-council-extends-data-center-moratorium-through-january-2027/,ga-calhoun-gordon-county-undated,false,false,2026-09-23,
nm-ga-camden-county-2026,county,Camden County,GA,13039,,30.92982,-81.62251,temporary moratorium,data center,active,2026-05-05,2026-11-01,180,false,County commissioners voted to adopt a 6-month moratorium on data centers,https://www.gpb.org/news/2026/05/06/camden-becomes-first-county-on-the-coast-adopt-data-center-moratorium|https://thecurrentga.org/2026/05/02/camden-set-to-vote-on-data-center-moratorium-amid-kingsland-rezone-vote/,ga-camden-county-2026,true,false,2026-09-23,
nm-ga-carroll-county-2026,county,Carroll County,GA,13045,,33.55880,-85.06413,temporary moratorium,data center+battery storage+solar,extended,2026-03-03,2026-11-12,100,true,"Third 100-day moratorium adopted 2026-08-04; permanent ordinance for data centers, solar and battery storage still in draft.",https://datawrapper.dwcdn.net/Amwoi/7/dataset.csv|https://gradickcommunications.com/carroll-county-board-of-commissioners-approve-100-day-moratorium-on-data-centers-battery-energy-storage-systems/|https://www.times-georgian.com/news/local/county-approves-third-data-center-moratorium/article_89162632-f147-5bba-9f81-fac20f8df99c.html|https://www.times-georgian.com/news/local/county-expected-to-extend-data-center-ordinance/article_6bb2be4b-592e-5821-a87d-033724a61617.html|https://www.times-georgian.com/news/local/data-center-moratorium-extended/article_a7d31b38-3e6a-59d0-8da4-6ac3a17a167c.html|https://www.times-georgian.com/news/local/county-to-review-data-center-ordinance/article_668c2de2-4dab-5c17-b75d-8b9bd74571a1.html,ga-carroll-county-2026,false,false,2026-09-23,
nm-ga-cedartown-2026,city,Cedartown,GA,13233,1314500,34.01244,-85.25594,temporary moratorium,data center,expired,2026-03-23,2026-09-22,183,false,Study moratorium; outcome pending as of sources reviewed,https://cedartowngeorgia.gov/wp-content/uploads/2026/04/March-23-2026-Special-Call-Minutes-1.pdf|https://polktoday.com/tag/data-center/|https://datawrapper.dwcdn.net/Amwoi/7/dataset.csv|https://polktoday.com/tag/cedartown-city-commission/|https://www.polktoday.com/cedartown-commission-calling-for-monday-special-session-for-data-center-moratorium/|https://citizenportal.ai/articles/8271589/georgia/polk-county/cedartown/,ga-cedartown-2026,true,false,2026-09-23,
nm-ga-chamblee-2026,city,Chamblee,GA,13089,1315172,33.89218,-84.29883,temporary moratorium,data center,active,2026-07-21,2027-01-17,180,false,Council adopted a 180-day moratorium on data center applications to review its code.,https://www.chambleega.com/news_detail_T2_R276.php|https://www.decaturish.com/news/dekalb/chamblee-council-approves-data-center-development-moratorium/article_a3849de1-f4c0-4d0f-94c7-ec7719163768.html,ga-chamblee-2026,false,false,2026-09-23,
nm-ga-chatham-county-2026,county,Chatham County,GA,13051,,31.96689,-81.06260,temporary moratorium,"data center; 10 MW; >200,000 sq ft",active,2026-09-11,2027-02-13,155,true,Board unanimously enacted a 155-day moratorium and directed a study of conditions for data center development.,https://www.documentcloud.org/documents/28617901-911-chatham-data-center-moratorium/|https://www.savannahnow.com/story/news/local/2026/09/15/chatham-county-pauses-large-data-centers-joining-coast-slowdown/91765865007/|https://thecurrentga.org/2026/09/11/chatham-county-enacts-155-day-moratorium-on-large-data-centers/,ga-chatham-county-2026,false,false,2026-09-23,
nm-ga-cherokee-county-2026,county,Cherokee County,GA,13057,,34.23913,-84.47203,temporary moratorium,data center,extended,2026-07-22,2027-02-14,30,true,Board unanimously adopted a 30-day moratorium in July 2026 and on 2026-08-18 unanimously extended it by 180 days while staff research and draft data center standards.,https://www.ngacan.org/post/cherokee-county-extends-its-data-center-moratorium-to-180-days-after-a-packed-public-hearing|https://www.wsbtv.com/news/local/cherokee-county/data-center-moratorium-more-than-doubled-after-metro-atlanta-commission-vote/AXUQYR3EQZCVFCYTB6JZCZ7VME/|https://hoodline.com/2026/08/cherokee-county-triples-down-on-data-center-freeze-through-february-2027/|https://www.atlantanewsfirst.com/2026/07/22/cherokee-county-approves-data-center-moratorium/,ga-cherokee-county-2026,false,false,2026-09-23,
nm-ga-clayton-county-2025,county,Clayton County,GA,13063,,33.52050,-84.35917,temporary moratorium,data center,extended,2025-09-03,2026-12-31,120,true,Study period; permanent post-expiration framework not confirmed,https://www.claytoncountyga.gov/news/clayton-county-board-of-commissioners-approves-moratorium-on-new-data-centers-in-clayton-county/|https://datawrapper.dwcdn.net/Amwoi/7/dataset.csv|https://south7585news.com/clayton-commissioners-hold-meetings-on-data-centers-p1350-120.htm|https://www.news-daily.com/news/clayton-county-boc-extending-data-center-moratorium/article_ac1dfa43-3798-4a15-a9c8-342177ae4091.html|https://www.wabe.org/clayton-county-officials-engaging-in-more-data-center-talks-with-residents-as-400-acre-campus-proposal-looms-in-lovejoy/,ga-clayton-county-2025,true,false,2026-09-23,
nm-ga-cobb-county-2026,county,Cobb County,GA,13067,,33.93740,-84.57320,temporary moratorium,data center,extended,2026-02-24,2027-02-24,180,true,Moratorium extended 2026-08-11 through 2027-02-24; zoning code amendments for data centers being drafted.,https://cobbcoga.portal.civicclerk.com/event/1189/files/report/17914|https://eastcobbnews.com/cobb-extends-data-center-moratorium-with-code-changes-coming/|https://www.wsbtv.com/news/local/cobb-county/cobb-county-commission-extends-data-center-moratorium-180-days/T7AXV7XHNNGZDI2CSYEI6M7YN4/|https://www.mdjonline.com/news/local/cobb-to-consider-extending-moratorium-on-data-centers-as-staff-amends-zoning-code/article_fb10ada4-8eb8-42e0-8ba4-d1a6fa9528f1.html,ga-cobb-county-2026,false,false,2026-09-23,
nm-ga-colquitt-county-2026,county,Colquitt County,GA,13071,,31.18036,-83.76962,temporary moratorium,data center,extended,2026-06-02,2027-02-28,120,true,Commission adopted a 120-day moratorium and extended it by 180 days while drafting zoning rules.,https://moultrieobserver.com/2026/06/08/commission-adopts-a-moratorium-on-data-centers/|https://moultrieobserver.com/2026/09/08/county-extends-data-center-moratorium/,ga-colquitt-county-2026,false,false,2026-09-23,
nm-ga-covington-2026,city,Covington,GA,13217,1320064,33.59660,-83.85987,temporary moratorium,data center,replaced,2026-01-05,,,true,"Permanent data center ordinance (Covington Municipal Code Sec. 16.20.195) adopted on final reading Aug. 17, 2026, after multiple moratorium extensions; the council's Sept. 1, 2026 agenda proposed…",https://www.cityofcovington.org/index.php?section=visit-calendar&evtid=1474|https://www.cityofcovington.org/index.php?section=visit-calendar&evtid=1476|https://www.cityofcovington.org/index.php?section=visit-calendar&evtid=1477|https://www.cityofcovington.org/index.php?section=calendar&evtid=1479|https://www.rockdalecitizen.com/opinion/letter-to-the-editor-covington-data-center-ordinance-a-great-start/article_d0db754c-8ba5-459b-8c3a-cebca5d9876d.html|https://www.rockdalenewtoncitizen.com/news/covington-enacts-moratorium-on-data-center-permits/article_5054a82f-c4e7-47ab-b7b1-3892e30a4047.html|https://www.covnews.com/archives/data-center-could-be-on-its-way-to-covington/article_fac5ca2e-749f-55da-9354-4aa07481d125.html,ga-covington-2026,false,false,2026-09-23,
nm-ga-coweta-county-2025,county,Coweta County,GA,13077,,33.35007,-84.75457,temporary moratorium,data center; 900 MW,replaced,2025-05-06,2025-11-02,180,false,"Permanent data center ordinance adopted December 16, 2025, replacing the expired moratorium.",https://www.coweta.ga.us/home/showpublisheddocument/32598/639016609046670000|https://ailawsuittracker.com/cases/bockrath-v-coweta-county-project-sail/|https://coweta.ga.us/171/Code-of-Ordinances|https://datawrapper.dwcdn.net/Amwoi/7/dataset.csv|https://thecitizen.com/2026/05/11/coweta-residents-sue-to-block-project-sail-data-center/|https://www.wsbtv.com/news/local/coweta-county/our-doorstep-coweta-county-passes-180-day-moratorium-data-center-proposals-after-2-approved/NEHIXSMQEVEZPFKA4K4IWSEQ24/|https://www.atlantanewsfirst.com/2025/05/07/coweta-county-puts-moratorium-proposed-data-center/|https://www.times-herald.com/news/commissioners-approve-180-day-data-center-moratorium/article_29dd50b8-88fb-4424-98d9-9d87abfb4588.html,ga-coweta-county-2025,true,false,2026-09-23,
nm-ga-coweta-county-2026,county,Coweta County,GA,13077,,33.35007,-84.75457,temporary moratorium,data center; exemptions noted,active,2026-06-16,2026-12-13,180,false,Commissioners unanimously adopted a 180-day moratorium to review the county's data center ordinance.,https://www.coweta.ga.us/home/showpublisheddocument/32598/639016609046670000|https://www.cliffcenter.com/dockets/i/2026-06-19-coweta-county-georgia-commissioners-voted-unanimously-on-june|https://datawrapper.dwcdn.net/Amwoi/7/dataset.csv|https://www.times-herald.com/news/commissioners-approve-180-day-data-center-moratorium/article_29dd50b8-88fb-4424-98d9-9d87abfb4588.html,ga-coweta-county-2026,false,false,2026-09-23,
nm-ga-crawford-county-2026,county,Crawford County,GA,13079,,32.72127,-83.98253,temporary moratorium,data center,expired,2026-01-06,2026-10-01,180,true,Commissioners unanimously passed a six-month moratorium on data center applications and extended it to 2026-10-01.,https://www.crawfordcountyga.org/wp-content/uploads/2026/07/5-21-26-signed-minutes.pdf|https://datawrapper.dwcdn.net/Amwoi/7/dataset.csv|https://wgxa.tv/news/local/crawford-county-commissioners-pass-180-day-moratorium-on-data-center-applications,ga-crawford-county-2026,false,false,2026-09-23,
nm-ga-decatur-county-2026,county,Decatur County,GA,13087,,30.87366,-84.57409,temporary moratorium,data center,active,2026-04-14,,,false,County to develop an approach for future projects,https://www.decaturcountyga.gov/wp-content/uploads/2023/08/Regular-Meeting-April-14-2026.pdf|https://thepostsearchlight.com/2026/04/14/county-approves-moratorium/,ga-decatur-county-2026,false,false,2026-09-23,
nm-ga-dekalb-county-2025,county,DeKalb County,GA,13089,,33.75756,-84.21865,temporary moratorium,"data center; >1,000,000 square feet",extended,2025-06-25,2027-03-30,100,true,County hearing 2026-01-27 on Chapter 27 amendments to define and regulate data centers; permanent ordinance still under development,https://www.decaturish.com/news/dekalb/dekalb-extends-data-center-moratorium-through-early-2027/article_22c7d964-ee2f-49f5-a879-9abaabbd6b45.html|https://atlanta.capitalbnews.org/dekalb-county-ellenwood-data-center-rejected/|https://www.wsbtv.com/news/local/dekalb-county/dekalb-county-extends-data-center-moratorium-another-100-days/6OA6XSBIBBEYRLBZC7WZLPWHLY/|https://www.decaturish.com/business/update-dekalb-commission-denies-data-center-regulations/article_f877cc12-2d95-4417-9c42-48ca80e491ee.html,ga-dekalb-county-2025,true,false,2026-09-23,
nm-ga-dougherty-county-2026,county,Dougherty County,GA,13095,,31.54270,-84.19608,temporary moratorium,data center,extended,2026-07-20,2027-02-27,45,true,45-day moratorium adopted 2026-07-20; extended 2026-08-31 for up to 180 days (to 2027-02-27) pending Albany-Dougherty Zoning Ordinance amendments.,https://www.dougherty.ga.us/Government/News/DOUGHERTY-COUNTY-EXTENDS-REVIEW-PERIOD-FOR-LARGE-SCALE-DATA-CENTER-DEVELOPMENT|https://www.dougherty.ga.us/Government/News/Dougherty-County-Approves-45-Day-Moratorium-on-Data-Center-Apps|https://www.walb.com/2026/08/31/dougherty-county-extends-data-center-moratorium-another-180-days/|https://www.walb.com/2026/07/21/data-centers-are-already-georgia-albany-commissioners-weigh-618-month-data-center-pause/,ga-dougherty-county-2026,false,false,2026-09-23,
nm-ga-douglas-county-2025,county,Douglas County,GA,13097,,33.69956,-84.76230,temporary moratorium,data center,expired,2025-03-18,2025-06-16,90,false,Comprehensive plan and UDC review,https://wwals.net/pictures/2026-02-17--datacenters-lowndes/Douglas-County-Moratorium-25-116-Resolution-Moratorium-Data-Center--Accessory_DouglasCounty.pdf|https://www.fox5atlanta.com/news/douglas-county-leaders-just-killed-massive-data-center-project,ga-douglas-county-2025,true,false,2026-09-23,
nm-ga-east-point-fulton-county-undated,city,East Point (Fulton County),GA,13121,1325720,33.67955,-84.43937,temporary moratorium,data center,extended,2026-01,,90,true,City Council extended its existing data center moratorium for three months and directed staff to report back during that period; council considered six months but the city attorney recommended no…,https://eastpointga.new.swagit.com/videos/371157|https://eastpointga.new.swagit.com/videos/371848|https://eastpointga.new.swagit.com/videos/372661|https://www.councilforqualitygrowth.org/east-point-to-extend-data-center-moratorium-for-additional-90-days/|https://eastpointga.new.swagit.com/videos/391076,ga-east-point-fulton-county-undated,true,true,2026-09-23,
nm-ga-fayetteville-2026,city,Fayetteville,GA,13113,1328968,33.44873,-84.45493,temporary moratorium,data center,replaced,2026-01-29,2026-04-29,90,false,Ordinance 26-O-12 amending UDO chapters 200 and 400 prohibits new data centers in every Fayetteville zoning district as of 2026-03-05 (per City of Fayetteville Data Center FAQs),,ga-fayetteville-2026,false,false,,
nm-ga-floyd-county-2026,county,Floyd County,GA,13115,,34.24220,-85.22293,temporary moratorium,data center,replaced,2026-06-09,2026-08-28,80,false,80-day moratorium (2026-06-09) replaced by a permanent data center zoning ordinance adopted 2026-08-25 for unincorporated Floyd County (does not govern the City of Rome).,https://weisradio.com/2026/09/07/anniston-data-center-moratorium-floyd-county-rules/|https://allongeorgia.com/chattooga-local-news/floyd-county-commission-approves-data-center-ordinance/|https://www.northwestgeorgianews.com/rome/news/local/floyd-county-adopts-new-data-center-ordinance/article_140317a9-767d-450f-8018-c68371ce6df1.html|https://www.wrganews.com/2026/06/10/the-floyd-county-commission-approved-an-80-day-moratorium-on-data-center-projects/,ga-floyd-county-2026,true,false,2026-09-23,
nm-ga-forest-park-2026,city,Forest Park,GA,13063,1330536,33.62205,-84.36909,temporary moratorium,data center,active,2026-08-31,2026-11-29,90,false,Council adopted a 90-day moratorium at a special called meeting.,https://www.news-daily.com/news/forest-park-council-passes-90-day-data-center-moratorium/article_ccfd2184-acbb-445f-8fa5-fe46a172a9f0.html,ga-forest-park-2026,true,false,2026-09-23,
nm-ga-franklin-county-2026,county,Franklin County,GA,13119,,34.36783,-83.21072,temporary moratorium,data center,active,2026-07-06,,,false,Board unanimously adopted a data center moratorium through 2026-12-08 while considering a permanent ordinance (one commissioner drafted an outright ban).,https://www.franklincountyga.gov/AgendaCenter/ViewFile/Minutes/_06302026-247|https://921wlhr.com/franklin-boc-approves-moratorium-on-data-centers/,ga-franklin-county-2026,true,false,2026-09-23,
nm-ga-garden-city-chatham-county-2026,city,Garden City (Chatham County),GA,13051,1332048,32.11437,-81.15400,temporary moratorium,data center+cryptocurrency mining,active,2026-06-15,2026-12-12,180,false,Mayor and four council members present unanimously adopted an immediate six-month data center moratorium,https://www.documentcloud.org/documents/28259151-data-center-moratorium.pdf|https://thecurrentga.org/2026/06/16/garden-city-puts-brakes-on-data-centers/,ga-garden-city-chatham-county-2026,false,false,2026-07-31,
nm-ga-gordon-county-undated,county,Gordon County,GA,13129,,34.50196,-84.89863,temporary moratorium,data center,extended,2026-02-03,2027-01-29,,true,Board of Commissioners extended its temporary moratoria on data centers (and anaerobic digestion facilities) through 2027-01-29,https://www.gordoncountyga.gov/AgendaCenter/ViewFile/ArchivedAgenda/_07072026-662|https://gordoncountyga.gov/m/newsflash/Home/Detail/173|https://www.discovergordoncounty.com/local/gordon-county-commissioners-extend-moratoriums-on-data-centers-anaerobic-digestion-facilities-through-january-2027/|https://www.discovergordoncounty.com/local/commissioners-approve-data-center-moratorium/,ga-gordon-county-undated,false,false,2026-09-23,
nm-ga-griffin-2026,city,Griffin,GA,13255,1335324,33.24678,-84.26409,temporary moratorium,data center+cryptocurrency mining,replaced,2026-01-13,2026-07-12,180,false,"Permanent UDC amendment adopted May 26, 2026 regulating data centers by special use permit in Planned Industrial Districts; prohibits hyperscale/campus facilities.",https://www.griffindailynews.com/news/city-of-grifin-commissioners-approve-data-center-ordinance/article_3f730561-73ca-5e91-8d06-6c5fc962c5a0.html,ga-griffin-2026,true,false,2026-09-23,
nm-ga-hall-county-2026,county,Hall County,GA,13139,,34.29059,-83.81940,temporary moratorium,data center,extended,2026-02-26,2027-02-23,180,true,Moratorium extended 2026-08-27 to 2027-02-23; data center ordinance adopted within the UDC update on 2026-09-10 while the moratorium stays in place.,https://hallcounty.org/1341/2026-Unified-Development-Code-Updates|https://hallcounty.org/m/newsflash/Home/Detail/1431|https://accessnorthga.com/news/hall-county-extends-moratorium-on-data-centers-detention-centers|https://accessnorthga.com/news/hall-county-sets-regulations-on-data-centers-in-approved-update-to-development-code-comprehensive-plan,ga-hall-county-2026,true,false,2026-09-23,
nm-ga-hart-county-2026,county,Hart County,GA,13147,,34.34105,-82.95033,temporary moratorium,data center,active,2026-05-26,2026-11-22,180,false,Board of Commissioners voted 5-0 to impose a 180-day moratorium on data center construction,https://hartcountyga.gov/documents/agendas/06092026%20Packet.pdf,ga-hart-county-2026,false,false,2026-07-31,
nm-ga-heard-county-2026,county,Heard County,GA,13149,,33.27862,-85.11378,temporary moratorium,data center,expired,2026-03-17,2026-09-13,180,false,"Moratorium barred rezoning petitions, special-use/variance applications and hearings for data center uses; did not affect submittals already under review or issued permits",https://heardcountyga.com/news/2026/Data%20Center%20Moratorium.pdf,ga-heard-county-2026,true,false,2026-09-23,
nm-ga-hogansville-2026,city,Hogansville,GA,13285,1339244,33.17318,-84.91494,temporary moratorium,data center,extended,2026-02,2026-12-07,,true,Council voted 4-0 on 2026-09-08 to extend the data center moratorium by 90 days.,https://citizenportal.ai/articles/10182508/Georgia/Troup-County/Hogansville/Hogansville-council-extends-data-center-moratorium-for-90-days|https://hogansvillega.sophicity.com/Assets/Files/Agenda.20260908.pdf|https://citizenportal.ai/articles/9885751/georgia/troup-county/hogansville/hogansville-council-rejects-data-center-zoning-ordinance-extends-moratorium-to-sept-8|https://datawrapper.dwcdn.net/Amwoi/7/dataset.csv|https://www.lagrangenews.com/news/hogansville-denies-data-center-ordinance-extends-moratorium-720341ef|https://hhjonline.com/hogansville-council-extends-data-center-moratorium-30-more-days/,ga-hogansville-2026,true,true,2026-10-07,
nm-ga-jones-county-2025,county,Jones County,GA,13169,,33.01377,-83.55667,temporary moratorium,data center+cryptocurrency mining,replaced,2025-09-16,,90,false,Reset to re-adopt defensible zoning controls,https://www.macon.com/news/politics-government/article314355379.html|https://www.41nbc.com/jones-county-residents-file-lawsuit-challenging-m2-data-center-ordinance/|https://www.jcnews.com/news/lawsuit-stalls-progress-industrial-park|https://www.gpb.org/news/2025/11/06/jones-county-rescinds-zoning-ordinances-around-data-centers-due-legal-issues,ga-jones-county-2025,false,true,2026-09-23,
nm-ga-kingsland-camden-county-2026,city,Kingsland (Camden County),GA,13039,1343640,30.79996,-81.68983,temporary moratorium,data center,active,2026-05-11,2027-05-11,365,false,City Council repealed Ordinance 2026-03 and adopted a 365-day moratorium on data center applications,"https://kingslandga.api.civicclerk.com/v1/Meetings/GetMeetingFileStream(fileId=2779,plainText=false)|https://www.kingslandgeorgia.com/DocumentCenter/View/12289/Data-Center-Temporary-Suspension-and-Moratorium-Ordinance?bidId=|https://kingslandgeorgia.com/DocumentCenter/View/12289|https://kingslandgeorgia.com/CivicAlerts.aspx?AID=507&ARC=2449|https://www.tribune-georgian.com/local-news-newsletter/moratorium",ga-kingsland-camden-county-2026,false,false,2026-09-23,
nm-ga-lagrange-2025,city,LaGrange,GA,13285,1344340,33.03929,-85.03133,temporary moratorium,data center,replaced,2025-09-23,2026-03-22,180,false,Staff-directed code review,https://library.municode.com/ga/lagrange|https://www.lagrangenews.com/news/lagrange-punts-on-data-center-restrictions-deciding-to-handle-them-on-a-case-by-case-basis-via-special-use-permit-d85cb4d1|https://www.lagrangenews.com/news/lagrange-council-votes-to-deny-special-use-permit-for-data-center-1be5e673,ga-lagrange-2025,false,false,2026-09-23,
nm-ga-lamar-county-2025,county,Lamar County,GA,13171,,33.06494,-84.14459,temporary moratorium,data center,extended,2025-09-16,,,true,Code modernization including data-center treatment,https://www.lamarcountyga.com/wp-content/uploads/2026/03/3.17.26-Regular-Business-Meeting-Summary.pdf|https://www.lamarcountyga.com/wp-content/uploads/2026/09/Scan_20260917_085806.pdf|https://www.lamarcountyga.com/wp-content/uploads/2026/09/Scan_20260917_082853.pdf|https://lamarcountyga.com/wp-content/uploads/2025/11/September-16th-2025-Draft-Reg-Business-Meeting-Minutes-Final-Approved.pdf|https://lamarcountyga.com/wp-content/uploads/2026/03/3.17.26-Regular-Business-Meeting-Summary.pdf|https://datawrapper.dwcdn.net/Amwoi/7/dataset.csv,ga-lamar-county-2025,false,false,2026-09-23,
nm-ga-lee-county-undated,county,Lee County,GA,13177,,31.76202,-84.13462,temporary moratorium,data center,extended,2026-01,2026-12-31,,true,"Board of Commissioners unanimously adopted a resolution extending the moratorium from July 30 through December 31, 2026",https://www.leecountyga.gov/uploads/files/e4/0d/e40d61997bfa6137dfc81a028f3e1d0d.pdf|https://www.leecountyga.gov/uploads/files/53/9c/539c14316ccd8d077c0ebe85ff5ca9e5.pdf|https://www.walb.com/2026/05/27/this-protection-not-invitation-lee-co-commissioners-consider-extending-moratorium-data-center-ordinance/|https://albanyherald.com/news/terrell-county-data-center-moratorium/|https://www.walb.com/2026/09/02/i-dont-want-get-city-sued-leesburg-mayor-speaks-data-center-ordinance/,ga-lee-county-undated,false,true,2026-09-23,
nm-ga-lowndes-county-2026,county,Lowndes County,GA,13185,,30.81956,-83.26283,temporary moratorium,data center,active,2026-08-25,2026-10-24,60,false,Commissioners approved a 60-day moratorium on data center permit applications pending a comprehensive ordinance.,http://www.lowndescounty.com/m/newsflash/Home/Detail/1344|https://www.wctv.tv/2026/08/26/lowndes-county-commission-approves-temporary-data-center-moratorium/|https://valdostadailytimes.com/2026/08/26/lowndes-county-approves-60-day-data-center-moratorium/,ga-lowndes-county-2026,false,false,2026-09-23,
nm-ga-madison-county-2026,county,Madison County,GA,13195,,34.13075,-83.18174,temporary moratorium,data center,extended,2026-08-03,2027-02-22,,true,Commissioners adopted a 30-day data center moratorium and then extended it about 180 days on 2026-08-31.,https://www.mainstreetnews.com/madison/news/boc-denies-group-home-proposals-approves-data-center-moratorium/article_4aae6574-20fb-42fb-85aa-a63bce64a10f.html|https://www.mainstreetnews.com/madison/madison/news/boc-approves-millage-rate-data-center-moratorium/article_b2cd8ff8-2f7b-4c2a-a4bd-5e185f3b348e.html|https://921wlhr.com/madison-county-boc-extends-data-center-moratorium/,ga-madison-county-2026,false,false,2026-09-23,
nm-ga-marietta-2026,city,Marietta,GA,13067,1349756,33.95285,-84.54962,temporary moratorium,data center,active,2026-07,2026-12-31,,false,"City council unanimously voted to pass a six-month moratorium on new data centers through December 31, 2026",https://eastcobbnews.com/marietta-city-council-approves-data-center-off-delk-road/|https://atlpresscollective.com/2026/07/11/marietta-data-center/,ga-marietta-2026,true,true,2026-09-23,
nm-ga-maysville-2026,city,Maysville,GA,13011,1350484,34.25288,-83.56155,temporary moratorium,data center,active,2026-07,,180,false,City Council approved a 180-day moratorium on data center requests.,https://www.mainstreetnews.com/banks/news/maysville-imposes-180-day-moratorium-on-data-centers/article_ff353444-e7e0-46b4-a43a-2ef296c5e510.html,ga-maysville-2026,true,true,2026-09-23,
nm-ga-meriwether-county-2026,county,Meriwether County,GA,13199,,33.03736,-84.67178,temporary moratorium,data center,extended,2026-02-24,2026-11-21,,true,Commission adopted a moratorium on new data center applications and extended it to 2026-11-21 pending an ordinance.,https://citizenportal.ai/articles/9170283/Georgia/Meriwether-County/Commission-extends-temporary-moratorium-on-data-centers-90-days-while-drafting-ordinance|https://starmercuryvindicator.com/county-commission-approves-90-day-data-center-moratorium/,ga-meriwether-county-2026,false,false,2026-09-23,
nm-ga-milton-fulton-county-2026,city,Milton (Fulton County),GA,13121,1351670,34.11340,-84.26937,temporary moratorium,data center,extended,2026-06-15,2027-01-16,30,true,"City Council unanimously enacted a 30-day moratorium June 15, bridged it with a short extension July 6, and extended it for up to 180 days on July 20",https://mccmeetings.blob.core.usgovcloudapi.net/miltonga-pubu/ITEM-Attachment-001-59b7215d22814799af4f3e30b0cfea97.pdf|https://www.miltonga.gov/Home/Components/News/News/3579/1351|https://www.miltonga.gov/Home/Components/News/News/3641/|https://www.appenmedia.com/milton/milton-extends-data-center-freeze-for-180-more-days/article_8f713d2d-6640-40e4-bfc9-fbf47886cfc8.html|https://www.decaturish.com/news/dekalb/chamblee-council-approves-data-center-development-moratorium/article_a3849de1-f4c0-4d0f-94c7-ec7719163768.html,ga-milton-fulton-county-2026,false,false,2026-09-23,
nm-ga-monroe-county-2025,county,Monroe County,GA,13207,,33.01423,-83.90442,temporary moratorium,data center,replaced,2025-12-02,,,false,"County working on UDO amendments addressing data centers (noise, water, buffers, etc.) per Chairman Gibbs comments at 2025-12-16 meeting",https://www.monroecoga.org/wp-content/uploads/2026/04/C-Data-Center-Ordinance-Amendment.pdf|https://www.monroecoga.org/document/data-center-ordinance-amendment/|https://www.monroecoga.org/data-center-rezoning/|https://www.macon.com/news/local/article314923179.html,ga-monroe-county-2025,false,false,2026-09-23,
nm-ga-newton-county-2026,county,Newton County,GA,13217,,33.57155,-83.84461,temporary moratorium,data center,expired,2026-02-17,2026-10-07,,true,County study and ordinance drafting,https://www.newtoncountyga.gov/DocumentCenter/View/7830/Resolution-R-040726b|https://www.covnews.com/news/county/commissioners-approve-180-day-extension-for-data-center-convenience-store-moratoriums/,ga-newton-county-2026,false,false,2026-09-23,
nm-ga-oglethorpe-county-2026,county,Oglethorpe County,GA,13221,,33.87027,-83.10494,temporary moratorium,data center+cryptocurrency mining,replaced,2026-07-06,,90,false,90-day moratorium (July 2026) replaced by a restrictive data center ordinance (September 2026).,https://www.theoglethorpeecho.com/local-news/boc-enacts-data-center-moratorium|https://www.theoglethorpeecho.com/local-news/commissioners-approve-data-center-ordinance,ga-oglethorpe-county-2026,false,true,2026-09-23,
nm-ga-paulding-county-2026,county,Paulding County,GA,13223,,33.89085,-84.85692,temporary moratorium,data center,active,2026-07-28,,,false,"Commissioners unanimously approved a moratorium in effect until January 1, 2027, suspending new data center applications, zoning requests, and civil plan reviews",https://spectrumlocalnews.com/ga/georgia/news/2026/08/03/paulding-county-hits-pause-on-new-data-centers|https://www.fox5atlanta.com/news/paulding-county-approves-data-center-moratorium-freezing-projects,ga-paulding-county-2026,false,false,2026-09-23,
nm-ga-pike-county-2025,county,Pike County,GA,13231,,33.08148,-84.39695,temporary moratorium,data center,replaced,2025-09,,,false,Code review reported,https://pike.novusagenda.com/AgendaPublic/DisplayAgendaPDF.ashx?MinutesMeetingID=1777|https://www.pikecoga.com/uploads/1/3/3/6/133643513/article_14.___m-1_manufacturing_light-amended.pdf|https://waterplanning.georgia.gov/document/document/webinar-6-data-centers/download|https://www.pikecoga.com/172/Ordinances,ga-pike-county-2025,true,true,2026-09-23,
nm-ga-polk-county-2026,county,Polk County,GA,13233,,33.99816,-85.15675,temporary moratorium,data center,replaced,2026-03-03,2026-05-02,60,true,New data center chapter plus additional zoning work,"https://cms2.revize.com/revize/polkcountyga/Regular%20Meeting%20Board%20Actions%20April%2028,%202026.pdf|https://cms2.revize.com/revize/polkcountyga/Regular%20Meeting%20Board%20Actions%20June%2002,%202026.pdf",ga-polk-county-2026,false,false,2026-07-31,
nm-ga-putnam-county-2026,county,Putnam County,GA,13237,,33.32315,-83.34142,temporary moratorium,data center+battery storage+solar,active,2026-08-07,2026-11-18,90,false,"Commissioners adopted a three-month moratorium on data centers, BESS and solar farms while revising the county's draft ordinance.",https://www.putnamcountyga.us/CivicAlerts.aspx?AID=22|https://www.msgrnews.com/news/boc-places-3-month-moratorium-data-centers,ga-putnam-county-2026,true,true,2026-09-23,
nm-ga-rockdale-county-undated,county,Rockdale County,GA,13247,,33.64303,-84.03221,temporary moratorium,data center+battery storage; exemptions noted,expired,2026-01-13,2026-10-01,,true,County extended its data center moratorium through 2026-09-08 and held a public town hall the same evening,https://www.rockdalecountyga.gov/wp-content/uploads/2026/09/R-2026-24.pdf|https://www.rockdalecountyga.gov/wp-content/uploads/2026/05/Data-Center-TH-ppt-5.12.26_FINAL-2.pdf|https://www.rockdalecountyga.gov/planning-and-development/|https://www.fox5atlanta.com/news/new-data-center-applications-paused-rockdale-county|https://www.rockdalecitizen.com/news/rockdale-weighs-exception-to-battery-storage-moratorium/article_5420f924-406d-4b61-a5b7-06d6cd12181f.html|https://www.rockdalecitizen.com/news/rockdale-county-commissioners-delay-udo-second-reading/article_f9002d48-3c81-40e6-bd13-43d9839e212d.html,ga-rockdale-county-undated,false,false,2026-09-23,
nm-ga-roswell-2026,city,Roswell,GA,13121,1367284,34.02332,-84.36002,temporary moratorium,data center,expired,2026-01-12,2026-09-20,90,false,Moratorium adopted 2026-01-12 and extended twice; allowed to expire 2026-09-20 without replacement rules being reported.,https://roswellconnections.com/mayor-and-council-meeting-recap-sept-14-2026/|https://roswellcityga.iqm2.com/Citizens/Detail_Meeting.aspx?ID=3710|https://roswellcityga.iqm2.com/Citizens/Detail_Meeting.aspx?ID=3859|https://www.roswellgov.com/government/departments/community-development/planning-zoning/data-centers|https://roswellconnections.com/datacenters/|https://roswellledger.com/articles/roswell-data-center-ban-expires-sept-20-as-studies-show-little-value-drag-mtjy0r8z,ga-roswell-2026,true,false,2026-09-23,
nm-ga-savannah-2026,city,Savannah,GA,13051,1369000,32.07901,-81.09213,temporary moratorium,"data center; 10 MW; >200,000 sq ft",active,2026-08-27,2027-01-29,155,false,City Council adopted a 155-day moratorium on large-scale data center development and conversions within city limits.,https://www.wtoc.com/2026/08/28/savannah-city-council-approves-155-day-moratorium-large-scale-data-centers/|https://www.savannahnow.com/story/news/local/2026/09/15/chatham-county-pauses-large-data-centers-joining-coast-slowdown/91765865007/,ga-savannah-2026,false,false,2026-09-23,
nm-ga-social-circle-2025,city,Social Circle,GA,13297,1371660,33.65639,-83.71864,temporary moratorium,data center,replaced,2025-09,,90,false,"New rules require special-use permits even in industrial zones, with lot-size, screening, impact-study, emergency-plan, and noise standards, codified as Ordinance No. 2026-ORD-2 amending Section…",https://mcclibraryfunctions.azurewebsites.us/api/ordinanceDownload/15592/1418473/pdf|https://covnews.com/archives/social-circle-enacts-90-day-moratorium-on-data-centers-vote-on-annexations/article_867b9f57-0fd5-59bf-86b4-7858f1c309ad.html,ga-social-circle-2025,true,true,2026-09-23,
nm-ga-south-fulton-undated,city,South Fulton,GA,13121,1372122,33.59027,-84.67123,temporary moratorium,data center,replaced,2025-12-09,,,false,"City Council adopted Resolution RES2026-043 by unanimous consent, extending the data center moratorium through 2026-09-09",https://www.cityofsouthfultonga.gov/AgendaCenter|https://www.cityofsouthfultonga.gov/AgendaCenter/ViewFile/Agenda/_08112026-1869|https://www.cityofsouthfultonga.gov/AgendaCenter/ViewFile/Agenda/_05122026-1832|https://cityrulelookup.com/data-centers/zoning-siting/south-fulton-ga|https://www.councilforqualitygrowth.org/south-fulton-approves-data-center-ordinance/,ga-south-fulton-undated,false,false,2026-09-23,
nm-ga-stephens-county-undated,county,Stephens County,GA,13257,,34.55119,-83.29765,temporary moratorium,data center,extended,2026-04-14,2026-10-14,,true,Board of Commissioners unanimously extended the moratorium barring data center land-use applications through 2026-10-14,https://stephenscountyga.gov/wp-content/uploads/2026/04/04-14-2026-Minutes.pdf|https://stephenscountyga.gov/2026-agendas-and-minutes/|https://wnegradio.com/stephens-county-commission-extends-moratorium-on-data-centers/|https://citizenportal.ai/articles/8084203/georgia/school-districts/stephens-county/stephens-county-commissioners-extend-datacenter-moratorium-approve-five-rezoning-requests-and-several-county-purchases,ga-stephens-county-undated,false,false,2026-09-23,
nm-ga-terrell-county-2026,county,Terrell County,GA,13273,,31.76160,-84.44102,temporary moratorium,data center,active,2026-07,,180,false,Commissioners unanimously adopted a six-month moratorium on new data centers.,https://albanyherald.com/news/terrell-county-data-center-moratorium/,ga-terrell-county-2026,true,true,2026-09-23,
nm-ga-thomas-county-2026,county,Thomas County,GA,13275,,30.86686,-83.94606,temporary moratorium,data center,active,2026-01-20,2027-01-20,365,false,"County collecting information, community input, and possible regulations",https://thomascountyboc.org/document-center/Minutes/2026/01202026 Special Called Meeting Minutes.pdf,ga-thomas-county-2026,false,false,2026-07-31,
nm-ga-toccoa-2026,city,Toccoa,GA,13257,1376756,34.57744,-83.33288,temporary moratorium,data center,active,2026-07-27,,,false,City Commission unanimously adopted a data center moratorium until 2027-01-11.,https://wnegradio.com/toccoa-city-commission-approves-data-center-ordinance-moratorium/|https://www.thetoccoarecord.com/local-news/toccoa-enacts-six-month-data-center-moratorium,ga-toccoa-2026,false,false,2026-09-23,
nm-ga-troup-county-2025,county,Troup County,GA,13285,,33.02376,-85.02540,temporary moratorium,data center; 600 MW,replaced,2025-09-16,2025-12-15,90,false,UDO review and possible extension,https://troupcountyga.iqm2.com/Citizens/FileOpen.aspx?Type=4&ID=15799&MeetingID=2505|https://troupcountyga.gov/Content/Documents/planning/2026/Moratorium%20-%20Data%20Centers%20Public%20Notice.pdf|https://www.lagrangenews.com/news/commissioners-approve-data-center-ordinance-lift-moratorium-2b6e15ed,ga-troup-county-2025,true,false,2026-09-23,
nm-ga-walker-county-2026,county,Walker County,GA,13295,,34.74186,-85.32097,temporary moratorium,data center,extended,2026-07-09,2027-02-02,30,true,Board of Commissioners approved a 30-day moratorium barring acceptance of data center siting applications in unincorporated Walker County,https://walkercountyga.gov/2026/07/10/walker-county-approves-temporary-moratorium-on-data-centers/amp/|https://walkercountyga.gov/2026/07/14/facts-matter-data-centers-and-the-bulldog-drive-property/amp/|https://walkercountyga.gov/2026/07/10/walker-county-approves-temporary-moratorium-on-data-centers/|https://www.timesfreepress.com/news/2026/aug/09/walker-county-extends-data-center-moratorium-by/|https://www.discoverwalker.com/local/walker-county-extends-data-center-moratorium-creates-study-committee/,ga-walker-county-2026,false,false,2026-09-23,
nm-ga-warner-robins-2026,city,Warner Robins,GA,13153,1380508,32.62010,-83.60657,temporary moratorium,data center,active,2026-07-20,2027-01-16,180,false,Council unanimously adopted a six-month data center moratorium while the city studies regulations.,https://hhjonline.com/warner-robins-approves-data-center-moratorium/|https://www.wpganews.com/2026/07/23/warner-robins-city-council-passes-temporary-moratorium-data-center-development/,ga-warner-robins-2026,false,false,2026-09-23,
nm-ia-adair-county-2026,county,Adair County,IA,19001,,41.31278,-94.49533,temporary moratorium,data center+battery storage; 200 MW,active,2026-03-18,,,false,"Supervisors continued reviewing a draft data center ordinance after adoption of the moratorium. The draft would require data-center equipment to be housed in permanent structures on foundations, not…","https://adaircounty.iowa.gov/files/meetings/2026-03-18_minutes_1828.pdf|https://adaircounty.iowa.gov/files/meetings/2026-03-25_minutes_6283.pdf|https://www.swiowanewssource.com/atlantic/article_3729603c-864b-4e02-881e-df0578eaec95.html|https://westerniowatoday.com/2026/09/09/adair-county-supervisors-approve-veterans-memorial-lighting-project-rescind-data-center-ordinance-resolution/|https://www.crestonnews.com/article/1126,data-center-ordinance-hearing-next-wednesday|https://www.swiowanewssource.com/atlantic/article_c8707809-512e-4f49-aae4-35a83cb29758.html",ia-adair-county-2026,false,false,2026-09-23,
nm-ia-audubon-county-2026,county,Audubon County,IA,19009,,41.67021,-94.91065,temporary moratorium,data center+cryptocurrency mining,active,2026-05-05,2027-05-01,,false,Active as of 2026-09-23; runs until 2027-05-01 or earlier passage of a permanent data center development ordinance. No permanent data center ordinance or rescission was found in county minutes or…,https://www.auduboncountyia.gov/webres/File/BOS%20Minutes%202026/5-5-26%20BOS%20Minutes.pdf|https://www.auduboncountyia.gov/webres/File/BOS%20Minutes%202025/8-12-25%20BOS%20Minutes.pdf|https://www.swiowanewssource.com/audubon/article_997d16f1-6f40-4aae-b884-97d1814a3d01.html,ia-audubon-county-2026,false,false,2026-09-23,
nm-ia-boone-county-2026,county,Boone County,IA,19015,,42.01718,-93.92541,temporary moratorium,data center,active,2026-09-09,2027-09-09,365,false,Planning and Zoning Commission to prepare a data center presentation and inform a comprehensive data center zoning ordinance.,https://www.boonecounty.iowa.gov/files/meetings/2026-09-09_agenda_board_of_supervisors_97453.pdf|https://www.boonecounty.iowa.gov/files/meetings/2026-09-02_minutes_3228.pdf|https://www.kcci.com/article/iowa-county-enacts-moratorium-on-new-data-center-projects/73660057|https://who13.com/news/boone-still-considered-for-new-data-center-despite-moratorium/,ia-boone-county-2026,false,false,2026-09-23,
nm-ia-buchanan-county-2026,county,Buchanan County,IA,19019,,42.46349,-91.84492,temporary moratorium,data center+cryptocurrency mining+battery storage,extended,2026-01,,,true,Planning and Zoning Commission continuing to draft ordinances; moratoria may end earlier if ordinances are completed,https://citizenportal.ai/articles/8094411/iowa/buchanan-county/buchanan-county-supervisors-extend-moratoriums-on-data-mining-data-storage-and-battery-storage-while-ordinances-are-drafted,ia-buchanan-county-2026,false,true,2026-09-23,
nm-ia-cedar-county-2026,county,Cedar County,IA,19031,,41.76086,-91.12632,temporary moratorium,data center,active,2026-05-26,,180,false,"Status uncertain as of 2026-09-23. The Board approved the six-month moratorium and authorized the chair to sign it on 2026-05-26 (official minutes), effective upon signature; if signed that day it…",https://cedarcounty.iowa.gov/files/meetings/2026-05-26_minutes_1390.pdf|https://www.cedarcounty.iowa.gov/files/meetings/2026-06-18_minutes_617.pdf|https://www.cedarcounty.iowa.gov/files/meetings/2026-09-15_minutes_5795.pdf|https://cedarcounty.iowa.gov/files/meetings/2026-05-26_agenda_board_of_supervisors_56317.pdf|https://www.cedarcounty.iowa.gov/board_of_supervisors/county_ordinances/,ia-cedar-county-2026,true,true,2026-09-23,
nm-ia-city-of-ames-2026,city,City of Ames,IA,19169,1901855,42.02676,-93.61705,temporary moratorium,data center; 25 MW,active,2026-07-28,,,false,Active as of 2026-09-23; council appointed a 15-member Data Center Committee on 2026-09-22 to gather information during the pause. Lightedge has since shifted its project to the Boone Business Park.,https://amesvoice.com/2026/07/29/ames-council-sets-pause-on-data-centers-for-9-months/|https://www.kcci.com/article/ames-city-council-delays-decision-on-proposed-data-center-project/73290312|https://iowastatedaily.com/343947/news/council-moves-forward-on-housing-social-district-and-data-center-committee/,ia-city-of-ames-2026,true,false,2026-09-23,
nm-ia-city-of-asbury-2026,city,City of Asbury,IA,19061,1903160,42.51362,-90.75270,temporary moratorium,data center,active,2026-07-14,2027-01-10,180,false,Active as of 2026-09-23; 180-day moratorium from 2026-07-14 (about 2027-01-10).,https://www.kcrg.com/2026/07/15/data-center-freeze-approved-unanimously-by-asbury-city-council/|https://www.kwwl.com/news/asbury-pauses-data-centers-with-6-month-moratorium/article_12bc8f00-0526-435f-8ae8-db21ed0c357a.html,ia-city-of-asbury-2026,false,false,2026-09-23,
nm-ia-city-of-cascade-2026,city,City of Cascade,IA,19061,1911305,42.29849,-91.01422,temporary moratorium,data center,active,2026-06-22,2027-06-22,365,false,Active as of 2026-09-23 per the June 2026 adoption; in July 2026 the council considered forming an advisory committee to draft data center rules.,https://www.cpioneer.com/news/article_42c5ab1a-3f05-45a4-8ce6-f26793b0ffb3.html|https://www.telegraphherald.com/news/tri-state/article_f9496581-afe8-4664-a269-a04b8fd31923.html|https://111things.com/local-headlines/cascade-council-weighs-data-center-rules-and-water-meter-pause/,ia-city-of-cascade-2026,false,false,2026-09-23,
nm-ia-city-of-dubuque-2026,city,City of Dubuque,IA,19061,1922395,42.51513,-90.66007,temporary moratorium,"data center; >75 MW; >100,000 sq ft",active,2026-09-21,2027-03-20,180,false,Active as of 2026-09-23; six-month hold on hyperscale data center applications and utility requests adopted 2026-09-21 while the City Attorney drafts a long-term ordinance.,https://www.kcrg.com/2026/09/22/dubuque-city-council-passes-temporary-moratorium-hyperscale-data-centers/|https://www.kwwl.com/news/dubuque-pauses-large-data-center-construction-for-6-months/article_eafe1556-fd2a-4462-8753-77a0186a8c3f.html|https://www.superhits106.com/2026/09/22/dubuque-city-council-votes-to-approve-data-center-moratorium/|https://www.kcrg.com/2026/05/26/dubuque-county-passes-12-month-moratorium-data-centers/,ia-city-of-dubuque-2026,false,false,2026-09-23,
nm-ia-city-of-fairfax-undated,city,City of Fairfax,IA,19113,1926400,41.91945,-91.78101,permanent ban,data center,pending,,,,false,Pending as of 2026-09-23: advanced 3-1 on 2026-07-14; no report of final adoption was found.,https://cbs2iowa.com/resources/pdf/c99a489c-0a6a-41dd-9e2a-3e4c8a046eed-DataCenterMoratorium.pdf|https://www.kcrg.com/2026/07/15/fairfax-votes-ban-high-impact-data-centers-with-no-end-date/|https://corridorbusiness.com/fairfax-data-center-moratorium-discussed-but-no-formal-city-council-action-taken/|https://cbs2iowa.com/news/local/fairfax-city-council-approves-moratorium-on-large-ai-data-centers,ia-city-of-fairfax-undated,true,true,2026-09-23,
nm-ia-city-of-fairfield-2026,city,City of Fairfield,IA,19101,1926445,41.00723,-91.96300,temporary moratorium,data center,active,2026-08-24,2027-08-24,365,false,Active as of 2026-09-23; 12-month moratorium effective on publication (about 2026-08-27).,https://ottumwaradio.com/2026/08/fairfield-city-council-unanimously-passes-data-center-moratorium-monday/|https://kilj.com/fairfield-city-council-approves-data-center-moratorium/,ia-city-of-fairfield-2026,false,false,2026-09-23,
nm-ia-city-of-marshalltown-2026,city,City of Marshalltown,IA,19127,1949755,42.04888,-92.91227,temporary moratorium,"data center; >150,000 sq ft",active,2026-08-24,,,false,Active as of 2026-09-23; runs to 2026-11-23 with a possible one-time 60-day extension. City staff were drafting data center zoning regulations (P&Z review Sept. 17).,https://www.marshalltown-ia.gov/DocumentCenter/View/12040/2026-08-24_ORD-15123_SIGNED-Temporary_Data_Center_Moratorium|https://www.radioonthego.com/2026/08/26/marshalltown-pauses-data-center-projects-to-develop-city-rules/|https://www.radioiowa.com/2026/08/25/central-iowa-city-joins-chorus-in-passing-data-center-moratorium/|https://www.radioiowa.com/2026/09/16/data-center-developer-is-ready-to-ride-out-marshalltowns-moratorium/,ia-city-of-marshalltown-2026,false,false,2026-09-23,
nm-ia-city-of-peosta-2026,city,City of Peosta,IA,19061,1962130,42.44695,-90.84338,temporary moratorium,data center,active,2026-06-23,2026-12-20,180,false,"Active as of 2026-07-31; city-listed expiration is December 20, 2026, absent earlier termination, modification, or replacement.",https://cityofpeosta-org.community.highbond.com/document/b6efd12a-0849-478e-8d88-ab42473bebfc/|https://www.cityofpeosta.org/pages/data-center-Information,ia-city-of-peosta-2026,false,false,2026-07-31,
nm-ia-city-of-waterloo-2026,city,City of Waterloo,IA,19013,1982425,42.49827,-92.33287,temporary moratorium,"data center; >80,000 sq ft",active,2026-09-08,2026-12-07,90,false,Active as of 2026-09-23; three-month pause from 2026-09-08. The council plans a separate vote on a six-month pause on hyperscale projects.,https://www.radioiowa.com/2026/09/09/waterloo-leaders-vote-to-block-data-centers-for-three-months/|https://wcfcourier.com/news/local/government-politics/article_63866961-8e71-4c14-8c5f-93158be56295.html|https://www.kcrg.com/2026/08/18/city-waterloo-considering-three-month-data-center-moratorium/|https://broadbandbreakfast.com/iowa-city-hits-pause-on-data-centers/,ia-city-of-waterloo-2026,false,false,2026-09-23,
nm-ia-clarke-county-2025,county,Clarke County,IA,19039,,41.01521,-93.78430,temporary moratorium,data center; 200 MW,active,2025-06-23,,,false,No replacement ordinance identified in captured records.,https://clarkecounty.iowa.gov/wp-content/uploads/2025/07/6-23-2025.pdf|https://aigridwatch.com/communities/clarke-county-ia|https://www.radioiowa.com/2026/07/08/eight-iowa-counties-have-moratoriums-on-data-center-development/|https://radioiowa.com/2026/07/08/eight-iowa-counties-have-moratoriums-on-data-center-development/,ia-clarke-county-2025,false,false,2026-09-23,
nm-ia-clayton-county-2025,county,Clayton County,IA,19043,,42.85477,-91.36671,temporary moratorium,cryptocurrency mining+data center,extended,2025-02-25,2026-12-31,,true,Moratorium extended while zoning updates proceed; replacement ordinance not identified.,https://claytoncountyianews.com/local-news/clayton-county-bos-extends-moratorium-on-data-centers/|https://claytoncountyianews.com/local-news/clayton-county-pz-will-continue-work-on-data-center-ordinance/|https://www.kcrg.com/2026/07/21/clayton-county-supervisors-hold-information-session-bitcoin-data-center/,ia-clayton-county-2025,false,false,2026-09-23,
nm-ia-des-moines-county-2026,county,Des Moines County,IA,19057,,40.91954,-91.19710,temporary moratorium,data center+cryptocurrency mining,active,2026-05-19,2027-05-19,365,false,Active as of 2026-07-31; no rescission or replacement identified in the reviewed sources.,https://www.desmoinescounty.iowa.gov/files/meetings/2026-05-19_minutes_9536.pdf,ia-des-moines-county-2026,false,false,2026-07-31,
nm-ia-dickinson-county-2026,county,Dickinson County,IA,19059,,43.37530,-95.16543,temporary moratorium,data center+cryptocurrency mining+solar+battery storage,active,2026-05-12,2026-11-08,180,false,"Active as of 2026-07-31 if not extended; six months from 2026-05-12 would run to approximately 2026-11-12, and no extension or rescission was identified in the reviewed sources.",https://dickinsoncountyiowa.gov/wp-content/uploads/2026/05/5-12-26-1.pdf,ia-dickinson-county-2026,false,false,2026-07-31,
nm-ia-dubuque-county-2026,county,Dubuque County,IA,19061,,42.46930,-90.87421,temporary moratorium,data center,active,2026-05-26,2027-05-26,365,false,Board rejected a shorter staff-proposed 120-day pause in favor of a 12-month moratorium on data centers.,https://www.kcrg.com/2026/09/22/dubuque-city-council-passes-temporary-moratorium-hyperscale-data-centers/|https://www.kwwl.com/news/dubuque-pauses-large-data-center-construction-for-6-months/article_eafe1556-fd2a-4462-8753-77a0186a8c3f.html|https://www.superhits106.com/2026/09/22/dubuque-city-council-votes-to-approve-data-center-moratorium/|https://www.kcrg.com/2026/05/26/dubuque-county-passes-12-month-moratorium-data-centers/,ia-dubuque-county-2026,false,false,2026-09-23,
nm-ia-emmet-county-2026,county,Emmet County,IA,19063,,43.37075,-94.67499,temporary moratorium,data center,active,2026-08-25,2027-08-25,365,false,County to study effects and develop regulations during the one-year pause.,"https://emmetcountyia.gov/wp-content/uploads/2026/03/Ordinance-2026.01-Emmet-Co-Wind-Energy-signed.pdf|https://emmetcountyia.gov/wp-content/uploads/2026/08/26-25-Resolution-establishing-moratorium-on-data-centers-in-Emmet-County-Aug-2026.pdf|https://emmetcountyia.gov/wp-content/uploads/2024/10/24-29-Resolution-for-a-Moratorium-on-Wind-Energy-Applications.pdf|https://emmetcountyia.gov/wp-content/uploads/2025/07/25-30-Resolution-Continuation-of-Moratorium-on-Issuing-Conditional-Use-.Commercial-Wind-Energy.pdf|https://www.ktiv.com/2026/08/25/emmet-county-ia-approves-one-year-data-center-moratorium/|https://www.radioiowa.com/2026/08/26/northwest-iowas-emmet-county-passes-one-year-data-center-moratorium/|https://www.esthervillenews.net/stories/county-hits-pause-on-data-centers-braces-for-property-tax-overhaul,189949|https://www.esthervillenews.net/stories/supervisors-continue-wind-project-moratorium,159964",ia-emmet-county-2026,false,false,2026-09-23,
nm-ia-franklin-county-2026,county,Franklin County,IA,19069,,42.72859,-93.25132,temporary moratorium,data center,active,2026-03-31,,,false,No replacement ordinance identified.,https://cms7files.revize.com/franklin/Document_Center/Code%20of%20Ordinances/Franklin%20County%20-%20Public%20Notice%20on%20Adopting%20Code%20of%20Ordinance%202026A.pdf|https://citizenportal.ai/articles/7718058/iowa/franklin-county/franklin-county-adopts-moratorium-on-new-data-center-permits-board-approves-several-resolutions|https://www.radioonthego.com/2026/08/18/franklin-county-board-of-supervisors-recap-from-aug-18-meeting/|https://www.radioonthego.com/2026/08/05/franklin-county-board-of-supervisors-recap-from-aug-4-meeting/,ia-franklin-county-2026,false,false,2026-09-23,
nm-ia-henry-county-2026,county,Henry County,IA,19087,,40.97783,-91.55113,temporary moratorium,data center+cryptocurrency mining+battery storage,active,2026-05-14,,,false,"County drafting ordinances on commercial solar, BESS, data centers and data mining.",https://www.southeastiowaunion.com/mt-pleasant/news/henry-county-imposes-moratorium-to-draft-policy-on-data-centers/article_f77b58eb-7ee3-498c-a16d-4e220d9da36e.html|https://kilj.com/public-weighs-in-as-henry-county-begins-crafting-solar-bess-and-data-center-ordinances/|https://www.mississippivalleypublishing.com/the_hawk_eye/henry-county-places-moratorium-on-ai-data-centers-data-mines-and-battery-storage-facilities-from/article_f5979505-c41a-4c57-8ad9-c400353207f1.html,ia-henry-county-2026,false,false,2026-09-23,
nm-ia-ida-county-2026,county,Ida County,IA,19093,,42.37884,-95.49494,temporary moratorium,data center; 20 MW,active,2026-06-30,,,false,"Board drafting a restrictive data center ordinance (exclusive-use EU-DC district, 20 MW cap, 1,000-ft residential buffer, farmland protections); PathOne Data Centers has proposed a small facility…",https://idacounty.iowa.gov/wp-content/uploads/2026/07/PMIN06302026.pdf|https://stormlakeradio.com/news/ida-county-begins-line-by-line-review-of-data-center-ordinance/|https://www.ktiv.com/2026/09/08/ida-county-shares-first-draft-data-center-ordinance/|https://stormlakeradio.com/news/ida-county-board-of-supervisors-approve-data-center-moratorium/,ia-ida-county-2026,false,false,2026-09-23,
nm-ia-iowa-county-2026,county,Iowa County,IA,19095,,41.68398,-92.06123,temporary moratorium,data center,active,2026-07-31,2027-07-31,365,true,"Staff directed to review data center requests and propose definitions, standards and regulatory frameworks; county lacks comprehensive zoning.",https://www.iowacounty.iowa.gov/files/meetings/2026-07-31_minutes_3935.pdf|https://www.hometowncurrent.com/news/iowa-county-passes-moratorium-on-data-centers/article_a06b886d-702c-477f-b159-fa2ba25d2292.html,ia-iowa-county-2026,false,false,2026-09-23,
nm-ia-jackson-county-2024,county,Jackson County,IA,19097,,42.14204,-90.54801,temporary moratorium,cryptocurrency mining+data center; 2.5 megawatts,extended,2024-09-17,2027-08-04,,true,"County reserved right to terminate early upon adoption of an ordinance (""BE IT FURTHER RESOLVED that the Jackson County Board of Supervisors reserves the right to end the moratorium prior to the…",https://jacksoncounty.iowa.gov/files/meetings/2025-03-25_minutes_9309.pdf|https://jacksoncounty.iowa.gov/files/meetings/2025-09-09_minutes_5084.pdf|https://jacksoncounty.iowa.gov/files/resolutions/resolution_approving_a_moratorium_on_data_mining_facilities_52571.pdf|https://jacksoncounty.iowa.gov/files/resolutions/resolution_approving_an_extension_of_the_moratorium_on_utilityscale_battery_energy_storage_systems_15906.pdf|https://jacksoncounty.iowa.gov/files/resolutions/resolution_approving_a_moratorium_on_utility_scale_battery_energy_storage_systems_58853.pdf|https://www.maqnews.com/news/local/county-extends-pause-on-data-centers/article_7a36fd2e-be26-43b0-bf7f-807c476135bc.html|https://www.bellevueheraldleader.com/news/county-extends-pause-puts-freeze-on-applications-for-data-centers/article_9dbe0743-fe59-46fe-b08e-dbd353a35904.html|https://www.bellevueheraldleader.com/news/county-seeks-more-time-on-data-centers/article_74a1759b-909b-4599-ad60-b89d844c8c84.html,ia-jackson-county-2024,false,false,2026-09-23,
nm-ia-jefferson-county-2026,county,Jefferson County,IA,19101,,41.01313,-91.97186,temporary moratorium,data center,active,2026-08-11,2027-08-11,365,false,Ordinance (Chapter 5-45) adopted alongside the moratorium; a committee will revise the ordinance during the pause.,https://ottumwaradio.com/2026/08/breaking-jefferson-county-supervisors-unanimously-pass-data-center-ordinance-and-12-month-moratorium/|https://www.kyoutv.com/2026/08/12/jefferson-county-passes-data-center-ordinance-12-month-moratorium-new-permits/,ia-jefferson-county-2026,false,false,2026-09-23,
nm-ia-johnson-county-2025,county,Johnson County,IA,19103,,41.68618,-91.60611,temporary moratorium,data center,active,2025-11-06,2026-11-08,,false,"County is drafting permanent UDO standards on siting, noise, water use, and review process. As of July 22-23, 2026, Johnson County supervisors and the Planning and Zoning Commission were still…","https://www.thenews-ia.com/stories/data-center-meeting-includes-talk-of-extending-jocos-moratorium,202024|https://www.thegazette.com/news/local/johnson-county-looks-toward-future-beyond-data-center-moratorium/article_a5f883a3-1083-5a1f-88d7-c8b42959ea41.html|https://www.businessrecord.com/iowa-communities-grapple-with-regulating-data-centers-as-development-spreads/|https://www.kwwl.com/news/tonight-johnson-county-tackles-data-center-zoning-policy/article_e1e853c7-3400-4756-91ec-7399afdc4d14.html|https://www.kcrg.com/2026/07/23/johnson-county-proposes-stricter-data-center-ordinance/",ia-johnson-county-2025,false,false,2026-09-23,
nm-ia-jones-county-2024,county,Jones County,IA,19105,,42.10820,-91.14272,temporary moratorium,data center+battery storage+cryptocurrency mining,replaced,2024-10-15,,,false,County adopted comprehensive Cryptocurrency and Data Center Ordinance (2025) with special use permit requirements. Reclassified from moratorium to regulatory action after verification.,,ia-jones-county-2024,false,false,,
nm-ia-lee-county-2026,county,Lee County,IA,19111,,40.65249,-91.50731,temporary moratorium,data center,active,2026-06-16,2027-06-16,365,false,Active as of 2026-07-31; no rescission or replacement identified in the reviewed sources.,https://www.leecounty.org/files/documents/BoardofSupervisorsMinutes06-16-26085936062426AM1342.pdf|https://www.leecountyiowa.gov/docview.aspx?docid=29685&doctype=fd,ia-lee-county-2026,false,false,2026-07-31,
nm-ia-linn-county-2026,county,Linn County,IA,19113,,42.06318,-91.60379,temporary moratorium,data center,active,2026-07-01,2028-01-01,,true,"18-month pause on new EU-3 large-scale data-center rezoning applications, adopted notwithstanding the county's own permanent data-center ordinance already being in place.",https://www.linncountyiowa.gov/1862/Data-Centers-in-Unincorporated-Linn-Coun|https://www.linncountyiowa.gov/ArchiveCenter/ViewFile/Item/455|https://www.linncountyiowa.gov/CivicAlerts.aspx?AID=4487|https://www.businessrecord.com/iowa-communities-grapple-with-regulating-data-centers-as-development-spreads/,ia-linn-county-2026,false,false,2026-09-23,
nm-ia-louisa-county-2026,county,Louisa County,IA,19115,,41.20667,-91.26840,temporary moratorium,data center,active,2026-07-07,2028-01-06,548,false,Zoning to develop data center regulations during the pause.,https://www.mississippivalleypublishing.com/daily_democrat/louisa-county-approves-data-center-moratorium/article_6ed12faa-615f-4043-8bb8-bfdc58dd4848.html|https://www.kciiradio.com/2026/07/07/public-hearing-on-data-center-moratorium-on-agenda-for-louisa-county-board-of-supervisors-tonight/|https://www.kciiradio.com/2026/08/04/louisa-county-supervisors-approve-18-month-data-center-moratorium/|https://www.kciiradio.com/2026/09/07/louisa-county-supervisors-approve-first-reading-of-cryptomining-ordinance-in-latest-meeting/,ia-louisa-county-2026,false,false,2026-09-23,
nm-ia-madison-county-2026,county,Madison County,IA,19121,,41.31334,-94.01680,temporary moratorium,data center+battery storage,active,2026-05-26,2027-05-26,365,false,"Active as of 2026-09-23 per statewide roundups (Radio Iowa July 8, 2026; KCCI Sept. 9, 2026 lists Madison County among places with temporary pauses in place); no repeal or replacement ordinance found.",https://www.wintersetmadisonian.com/articles/county-supervisors-pass-moratorium-on-data-centers/|https://www.kcci.com/article/madison-county-data-center-moratorium/71415006|https://www.kcci.com/article/iowa-county-enacts-moratorium-on-new-data-center-projects/73660057,ia-madison-county-2026,true,false,2026-09-23,
nm-ia-marshall-county-undated,county,Marshall County,IA,19127,,42.03781,-92.99157,temporary moratorium,data center,active,2026-09-23,2027-03-23,180,false,"Supervisors voted 3-0 for a six-month moratorium on applications for data centers, AI computing, data mining and crypto mining facilities in unincorporated areas.",https://www.timesrepublican.com/news/todays-news/2026/09/supervisors-ok-six-month-data-center-moratorium-resolution/|https://www.radioonthego.com/2026/09/21/marshall-county-board-of-supervisors-meeting-wednesday/|https://www.1230kfjb.com/2026/09/22/marshall-county-supervisors-talk-data-center-moratorium/|https://www.radioonthego.com/2026/09/11/marshall-county-board-of-supervisors-met-wednesday/|https://www.timesrepublican.com/news/todays-news/2026/08/marshall-county-zoning-commission-unanimously-recommends-six-month-data-center-moratorium/,ia-marshall-county-undated,true,false,2026-10-07,
nm-ia-mitchell-county-2025,county,Mitchell County,IA,19131,,43.34203,-92.78402,temporary moratorium,data center,active,2025-11-25,2026-12-31,,false,"Board approved developing a data center ordinance with NIACOG support, pending planning and zoning process. Vote on Resolution #1336-25 was 4-1 (Frein, Marzen, Hartogh, Wherry ayes; Hendrickson nay).",https://mitchellcounty.iowa.gov/wp-content/uploads/Board-Proceedings-11-25-25-2.pdf|https://mitchellcounty.iowa.gov/ordinances/|https://northiowatoday.com/2026/08/26/mitchell-county-supervisors-approve-100000-server-project-hire-zoning-administrator-and-prepare-to-replace-sheriffs-k9/,ia-mitchell-county-2025,true,false,2026-09-23,
nm-ia-page-county-2026,county,Page County,IA,19145,,40.73634,-95.16024,temporary moratorium,data center,active,2026-07-21,,,false,Reported active as of 2026-07-21; no rescission found in later coverage through September 2026.,https://www.kmaland.com/news/page-county-board-debate-data-center-moratorium/article_71e8c469-473f-4f80-a8a8-a697997cb008.html,ia-page-county-2026,true,false,2026-09-23,
nm-ia-palo-alto-county-2026,county,Palo Alto County,IA,19147,,43.07628,-94.66250,temporary moratorium,data center,active,2026-07-08,2027-07-08,,true,Board directed Planning and Zoning Commission and County Attorney to review data-center zoning provisions used elsewhere and propose updated definitions/standards while the moratorium is in effect.,https://paloaltocounty.iowa.gov/wp-content/uploads/2026/07/Minutes-7-7-2026.pdf|https://paloaltocounty.iowa.gov/wp-content/uploads/2026/03/Minutes-3-10-2026-1.pdf|https://paloaltocounty.iowa.gov/wp-content/uploads/2025/05/Minutes-5-13-2025.pdf|https://northwestiowanow.com/news/278872-palo-alto-county-supervisors-extend-moratorium-on-data-mining-center-development/,ia-palo-alto-county-2026,false,false,2026-09-23,
nm-ia-plymouth-county-2026,county,Plymouth County,IA,19149,,42.73691,-96.22136,temporary moratorium,data center+battery storage,active,2026-06-16,2027-06-16,365,false,One-year pause on permitting large-scale data centers and industrial battery storage facilities.,https://klem1410.com/2026/06/17/plymouth-county-supervisors-approve-one-year-data-center-moratorium/,ia-plymouth-county-2026,false,false,2026-07-31,
nm-ia-shelby-county-2026,county,Shelby County,IA,19165,,41.66824,-95.31636,temporary moratorium,data center+cryptocurrency mining,active,2026-03-17,2027-07-01,,true,Moratorium adopted to allow drafting and adoption of a commercial digital asset mining/data center ordinance.,https://shelbycounty.iowa.gov/files/meetings/2026-03-17_minutes_2701.pdf|https://shelbycounty.iowa.gov/files/meetings/2026-07-21_minutes_7300.pdf|https://shelbycounty.iowa.gov/files/meetings/2026-08-18_minutes_4935.pdf|https://www.shelbycounty.iowa.gov/files/meetings/2026-09-01_minutes_869.pdf,ia-shelby-county-2026,false,false,2026-09-23,
nm-ia-sioux-county-2026,county,Sioux County,IA,19167,,43.05741,-96.16024,temporary moratorium,data center+battery storage,active,2026-06-16,2027-06-16,365,false,Active as of 2026-07-31 (sunsets automatically 2027-06-16 absent further Board action),https://siouxcountyia.gov/wp-content/uploads/2026/06/2026-32-Data-Centers-BESS-Ordinance-Moratorium-Signed.pdf,ia-sioux-county-2026,false,false,2026-07-31,
nm-ia-story-county-2025,county,Story County,IA,19169,,42.01616,-93.48919,temporary moratorium,data center+battery storage+cryptocurrency mining,active,2025-06-17,2027-03-31,,true,"Draft regulations were developed. On 2026-03-17 the Board adopted Ordinance No. 330 permanently regulating battery/energy storage and, the same day, extended the moratorium for digital asset mining,…",https://www.storycountyiowa.gov/Archive.aspx?ADID=11784|https://www.storycountyiowa.gov/AgendaCenter/ViewFile/Minutes/_03172026-3119|https://www.storycountyiowa.gov/AgendaCenter/ViewFile/Item/35163?fileID=28479|https://www.businessrecord.com/iowa-communities-grapple-with-regulating-data-centers-as-development-spreads/,ia-story-county-2025,false,false,2026-09-23,
nm-ia-tama-county-2025,county,Tama County,IA,19171,,42.05681,-92.54339,temporary moratorium,data center+cryptocurrency mining,active,2025-11-10,,,false,"Zoning Commission directed to develop a comprehensive data center ordinance. The Board adopted a parallel indefinite battery storage moratorium (Resolution 11-10-2025B) at the same November 10, 2025…",https://tamacounty.iowa.gov/files/meetings/2025-11-10_minutes_4129.pdf|https://www.tamacounty.iowa.gov/files/meetings/2026-08-24_minutes_740.pdf|https://www.tamacounty.iowa.gov/files/meetings/2026-07-20_minutes_1347.pdf|https://tamacounty.iowa.gov/files/meetings/2025-11-17_agenda_board_of_supervisors_66538.pdf|https://tamacounty.iowa.gov/files/meetings/2026-07-20_minutes_1347.pdf,ia-tama-county-2025,false,false,2026-09-23,
nm-ia-taylor-county-2026,county,Taylor County,IA,19173,,40.73825,-94.68474,temporary moratorium,data center+solar+battery storage,active,2026-05-07,2027-05-07,365,false,"Board formed a land-use committee to draft permanent rules for data centers, solar, battery storage and mineral rights; the chair hopes to have regulations before the end of 2026 and said the…",https://taylorcounty.iowa.gov/meetings/may-7-2026-meeting-minutes/|https://taylorcounty.iowa.gov/meetings/july-30-2026-meeting-minutes/|https://taylorcounty.iowa.gov/wp-content/uploads/2026/07/Ordinance-40-Data-Solar-Moratorium-Final.pdf|https://taylorcounty.iowa.gov/wp-content/uploads/2023/06/Resolution-2023-21-Resolution-to-Establish-a-Temporary-Moratorium-on-the-Construction-of-Wind-Turbines-in-the-Unincorporated-Areas-of-Taylor-County-Executed.pdf|https://www.kmaland.com/news/taylor-county-board-moves-forward-on-moratorium-for-data-center-solar-energy-battery-storage-facility/article_a506e7b9-fae6-444b-a42b-030c285dccf5.html|https://www.kmaland.com/news/taylor-county-board-backs-permit-application-for-black-maple-wind-project/article_3cd6c5f7-130f-4b72-87d7-ed94ddf3e03a.html,ia-taylor-county-2026,false,false,2026-09-23,
nm-ia-union-county-2026,county,Union County,IA,19175,,41.01570,-94.24727,temporary moratorium,data center,active,2026-03-25,2027-03-25,365,false,County created a data center committee whose members include: Phil Kinser (Southwest Iowa REC); Dillon Daughenbaugh; Jessica Hagen (Union County Assessor); Roger Vicker (Protect Our Land's Future);…,https://unioncountyiowa.gov/wp-content/uploads/2026/03/2026-03-18-2.pdf|https://unioncountyiowa.gov/wp-content/uploads/2026/04/2026-03-25.pdf,ia-union-county-2026,false,false,2026-07-31,
nm-ia-woodbury-county-2026,county,Woodbury County,IA,19193,,42.37754,-96.06072,temporary moratorium,data center,active,2026-06-23,2027-06-23,365,false,"Twelve-month pause on accepting, processing, or approving data-center applications in unincorporated Woodbury County.",https://www.woodburycountyiowa.gov/supervisors/resolutions/14064/,ia-woodbury-county-2026,false,false,2026-07-31,
nm-id-bannock-county-2026,county,Bannock County,ID,16005,,42.69362,-112.25060,temporary moratorium,data center,active,2026-07-30,2027-01-26,180,false,Board of Commissioners adopted a 180-day emergency moratorium on data center permits in unincorporated Bannock County while staff drafts a standalone data center ordinance.,https://www.bannockcounty.gov/wp-content/uploads/2026/07/Data-Center-Moratorium_Final.pdf|https://www.bannockcounty.gov/datacenter/|https://www.idahostatejournal.com/news/local/ai-arrival-county-officials-race-to-set-ai-data-center-rules-as-pocatello-permit-fight/article_1bd8d9b7-0fed-49bc-ab9b-3a764de2c41f.html,id-bannock-county-2026,false,false,2026-09-23,
nm-id-elmore-county-2026,county,Elmore County,ID,16039,,43.30738,-115.54110,temporary moratorium,data center,active,2026-07-02,2026-12-31,182,false,"Board of County Commissioners unanimously adopted Resolution No. 952-26, a 182-day emergency moratorium on data center development permits in unincorporated Elmore County.",https://elmorecounty.org/wp-content/uploads/2026july2.pdf|https://www.mountainhomenews.com/opinion/elmore-county-commission-issues-moratorium-on-data-center-permits-ac5302d2,id-elmore-county-2026,false,false,2026-09-23,
nm-id-kootenai-county-2025,county,Kootenai County,ID,16055,,47.65486,-116.71629,temporary moratorium,data center,replaced,2025-03-11,2025-09-09,182,false,"Ordinance 620, noticed 2025-10-07, amended county code to prohibit data centers in the Commercial zone and allow them in Light Industrial and Industrial zones only with a conditional use permit. The…",https://www.kcgov.us/DocumentCenter/View/25322/25-Resolution---2025-23---Data-Center-Building-Permit-Moratorium,id-kootenai-county-2025,false,false,2026-07-31,
nm-il-aurora-2025,city,City of Aurora,IL,17089,1703012,41.75717,-88.31475,temporary moratorium,data center,replaced,2025-09-25,2026-03-24,180,false,"City Council approved new rules on 2026-03-24, described by the city as adopted on 2026-03-25. New data centers are conditional uses requiring public hearing, public notice, City Council approval,…",,il-aurora-2025,false,false,,
nm-il-bourbonnais-2026,village,Bourbonnais,IL,17091,1707471,41.16393,-87.88397,temporary moratorium,data center,active,2026-06-15,,,false,Temporary fix giving officials time to protect the village from future data centers.,https://www.shawlocal.com/daily-journal/2026/06/18/bourbonnais-trustees-approve-moratorium-on-data-centers/,il-bourbonnais-2026,false,false,2026-09-23,
nm-il-champaign-county-2026,county,Champaign County,IL,17019,,40.13469,-88.19756,temporary moratorium,"data center; 10 MW; >10,000 sq ft",active,2026-04-23,2027-04-23,365,false,Pending. The County Board created a Data Center Activities Task Force in February 2026 to recommend zoning amendments.,https://www.champaigncountyil.gov/CountyBoard/ELUC/2026/260409_Meeting/260409AgendaFull.pdf|https://www.champaigncountyil.gov/CountyBoard/ZBA/2026/260319/260319_196-AT-26%20Preliminary%20Memo.pdf,il-champaign-county-2026,false,false,2026-07-31,
nm-il-city-of-bloomington-2026,city,City of Bloomington,IL,17113,1706613,40.47389,-88.97679,temporary moratorium,data center; 5 megawatts,active,2026-05-26,2026-11-22,180,false,Active as of 2026-09-23. The city's own Data Center Information Hub confirms Bloomington and Normal both 'currently have moratoriums on hyperscale data centers' while their regulatory review…,"https://bloomingtonil.api.civicclerk.com/v1/Meetings/GetMeetingFileStream(fileId=12729,plainText=false)|https://www.bloomingtonil.gov/departments/administration/data-center-information-hub|https://bloomingtonil.portal.civicclerk.com/event/4116/files/attachment/9421|https://www.25newsnow.com/2026/09/20/normal-consider-longer-moratorium-data-centers-bloomington-schedules-pair-public-hearings/|https://www.wglt.org/local-news/2026-05-26/bloomington-approves-6-month-moratorium-on-data-centers",il-city-of-bloomington-2026,false,false,2026-09-23,
nm-il-city-of-carbondale-2026,city,City of Carbondale,IL,17077,1711163,37.71503,-89.21487,temporary moratorium,data center,active,2026-06-23,2027-06-23,365,false,Active one-year moratorium.,https://www.explorecarbondale.com/AgendaCenter/ViewFile/Agenda/_06232026-2709|https://www.kfvs12.com/2026/06/24/carbondale-city-council-passes-1-year-moratorium-data-center-development/?outputType=amp|https://www.kfvs12.com/2026/06/25/city-leaders-discuss-moratorium-passed-data-centers-carbondale/,il-city-of-carbondale-2026,false,false,2026-07-31,
nm-il-city-of-effingham-2026,city,City of Effingham,IL,17049,1722736,39.12014,-88.54348,temporary moratorium,cryptocurrency mining+data center,active,2026-06-02,2027-06-02,365,false,Active 12-month moratorium.,https://swagit-attachments.granicus.com/uploads/video/agenda_file/389895/City_Council_Meeting_-_Jun_02_2026_-_Agenda.pdf|https://www.thexradio.com/news/local-news/39703-city-council-approves-temporary-moratorium-on-data-centers/,il-city-of-effingham-2026,false,false,2026-07-31,
nm-il-city-of-troy-2026,city,City of Troy,IL,17119,1776199,38.72472,-89.87296,temporary moratorium,data center,extended,2026-03,,180,true,Moratorium in effect while the city studies data center regulations from other jurisdictions; may be extended for another six months beginning September 2026 at council's discretion,http://www.troyil.us/DocumentCenter/View/2227/-91026-PCPHs-for-Website|https://www.troyil.us/AgendaCenter/ViewFile/Agenda/_09212026-1020|https://www.timestribunenews.com/2026/09/17/troy-planning-commission-approves-data-center-moratorium-extension/|https://www.timestribunenews.com/2026/05/28/troy-officials-to-provide-data-center-update-in-june/,il-city-of-troy-2026,false,true,2026-09-23,
nm-il-city-of-west-chicago-2026,city,City of West Chicago,IL,17043,1780060,41.89706,-88.24550,temporary moratorium,data center+battery storage,active,2026-07-20,2027-01-16,180,false,Active 180-day moratorium.,https://westchicago.org/wp-content/uploads/2026/07/07.06.26.Packet.City-Council.pdf|https://westchicago.org/wp-content/uploads/2026/07/07.06.26.Minutes.City-Council.pdf|https://westchicago.org/news/city-pauses-new-data-center-and-battery-storage-approvals/,il-city-of-west-chicago-2026,false,false,2026-09-23,
nm-il-collinsville-undated,city,City of Collinsville,IL,17119,1715599,38.67033,-89.98455,temporary moratorium,data center,active,2026-01,,365,false,"Per a May 28, 2026 Troy Times Tribune comparative reference, Collinsville did in fact enact its proposed year-long data center moratorium at some point between the Planning Commission's December 11,…","https://savrn.com/data-center-moratorium-tracker/illinois|https://webapi.legistar.com/v1/collinsvilleil/matters?%24filter=MatterTitle%20eq%20%27Data%20Center%20Moratorium%27|https://webapi.legistar.com/v1/collinsvilleil/matters?%24filter=substringof('moratorium',MatterTitle)|https://www.timestribunenews.com/2025/12/19/collinsville-planning-commission-approves-12-month-moratorium-on-data-centers/|https://www.timestribunenews.com/2026/05/28/troy-officials-to-provide-data-center-update-in-june/|http://web.archive.org/web/20251211214751/https://www.ksdk.com/article/news/local/illinois-data-center-ban-collinsville-vote-year-long-thursday/63-93fd98c4-68ae-4526-b069-4fa166b38939",il-collinsville-undated,false,true,2026-09-23,
nm-il-galesburg-2026,city,Galesburg,IL,17095,1728326,40.94756,-90.37122,temporary moratorium,data center,active,2026-09-21,2027-03-20,180,false,"Moratorium adopted preemptively while the city studies infrastructure, energy, environmental, and waste impacts of data centers.",https://www.wgil.com/2026/09/21/galesburg-data-center-moratorium/|https://www.tspr.org/tspr-local-news/2026-09-22/galesburg-council-fast-tracks-180-day-data-center-moratorium-could-later-impose-limit-or-ban|https://galesburgcommunitynews.org/galesburg-council-agrees-to-6-month-data-center-moratorium/,il-galesburg-2026,false,false,2026-09-23,
nm-il-godfrey-2026,village,Village of Godfrey,IL,17119,1730094,38.95560,-90.18678,temporary moratorium,data center,extended,2026-01-20,2027-01-31,,true,"Pending. The resolution is expressly a study period for possible Village Code, zoning, or development standard changes.",https://godfreyil.org/wp-content/uploads/2026/09/Village-Newsletter-September-2026.pdf|https://godfreyil.org/wp-content/uploads/2026/01/Village-Newsletter-January-2026.pdf|https://godfreyil.org/?s=data+center|https://godfreyil.org/boards-and-committees/village-board-of-trustees/|https://godfreyil.org/boards-and-committees/ordinance-rewrite-committee/|https://www.riverbender.com/news/details/godfrey-approves-6month-extension-of-data-center-application-pause-95668.cfm,il-godfrey-2026,false,false,2026-09-23,
nm-il-henry-county-2026,county,Henry County,IL,17073,,41.34186,-90.11774,temporary moratorium,data center,active,2026-06-18,2027-06-18,365,false,Adopted,,il-henry-county-2026,false,false,2026-09-23,
nm-il-la-salle-county-2026,county,La Salle County,IL,17099,,41.33012,-88.89778,temporary moratorium,data center,active,2026-06-08,2027-06-08,365,false,Active 12-month moratorium.,https://www.lasallecountyil.gov/AgendaCenter/ViewFile/Minutes/_06082026-1278|https://www.lasallecountyil.gov/AgendaCenter/ViewFile/Agenda/_06082026-1278,il-la-salle-county-2026,false,false,2026-07-31,
nm-il-lake-county-2026,county,Lake County,IL,17097,,42.33274,-87.99395,temporary moratorium,data center,active,2026-09-08,2027-05-09,243,false,"Temporary pause while the County studies infrastructure, environmental, and community impacts and develops a regulatory framework, which officials say could serve as a resource for surrounding…",https://content.govdelivery.com/accounts/ILLAKE/bulletins/42810a1|https://www.shawlocal.com/lake-county-journal/2026/09/08/lake-county-oks-temporary-moratorium-on-data-centers/,il-lake-county-2026,false,false,2026-09-23,
nm-il-lawrence-county-2026,county,Lawrence County,IL,17101,,38.71033,-87.71434,temporary moratorium,"data center; >10,000 square feet",active,2026-09-17,2028-09-16,730,false,"Two-year pause intended to let the board and public study data-center impacts, infrastructure demands, and community effects before any project proceeds.",https://www.wzdm.com/2026/09/19/lawrence-co-il-board-enacts-two-year-moratorium-on-data-centers/|https://www.wthitv.com/2026/09/17/there-are-no-data-centers-lawrence-county-next-two-years/,il-lawrence-county-2026,false,false,2026-09-23,
nm-il-lee-county-2026,county,Lee County,IL,17103,,41.74731,-89.28603,temporary moratorium,data center,active,2026-08-20,2026-11-19,91,false,Pauses new Technology Overlay District applications while the county reviews and considers amendments to its TOD zoning regulations.,https://www.leecountyil.com/DocumentCenter/View/5873/20260820-Resolution-2026-08-002-Moratorium-for-TOD|https://www.leecountyil.com/569/Technology-Overlay-District-TOD-Petition,il-lee-county-2026,false,false,2026-09-23,
nm-il-logan-county-2026,county,Logan County,IL,17107,,40.10751,-89.37685,temporary moratorium,data center; exceeding 100 MW,lifted,2026-05-19,,,false,The county's attempt to pause data-center applications while it developed permanent zoning was defeated on procedural grounds; as of this research pass the county had not re-adopted a valid…,https://www.illinoistimes.com/news/data-center-moratorium-declared-invalid/|https://pantagraph.com/news/local/government-politics/article_b7a8cc90-e34c-4c14-b31e-10e52efbfe39.html|https://pantagraph.com/news/local/government-politics/article_4f7b7b7d-f922-45c9-ba7b-85182459c9dc.html,il-logan-county-2026,false,false,2026-09-23,
nm-il-macon-county-undated,county,Macon County,IL,17115,,39.84552,-88.96024,temporary moratorium,data center,pending,,,,false,Undetermined; proposal remains under county consideration with no confirmed adoption as of this research pass.,https://maconcounty.illinois.gov/download/2026-ordinance-establishing-a-six-6-month-moratorium/?wpdmdl=14516&ind=1779307990862&refresh=93d2ffcf&filename=Proposed-Temporary-Moratorium-On-Data-Center-Developement-in-Macon-County.pdf|https://www.wcia.com/news/macon-county/dozens-of-macon-co-residents-gather-for-data-center-forum/|https://www.wcia.com/news/macon-county/residents-zoning-board-discuss-data-center-moratorium-in-macon-co/,il-macon-county-undated,true,true,2026-09-23,
nm-il-mattoon-2026,city,Mattoon,IL,17029,1747553,39.48428,-88.37733,temporary moratorium,"data center; >21,780 square feet",active,2026-09-01,,,false,"Moratorium gives the city time to study costs, benefits, and impacts of large-scale data centers before deciding how to regulate them.",https://mattoon.illinois.gov/city-news/city-council-passes-data-center-moratorium/,il-mattoon-2026,false,false,2026-09-23,
nm-il-morgan-county-2026,county,Morgan County,IL,17137,,39.70623,-90.19034,temporary moratorium,data center,active,2026-04-27,2026-10-24,180,false,"Pending. County officials stated the pause is intended for standards and requirements, with possible adjustment after state action.",https://morgancounty-il.com/wp/april-27-2026-meeting-minutes/,il-morgan-county-2026,false,false,2026-07-31,
nm-il-ottawa-2026,city,Ottawa,IL,17099,1756926,41.35166,-88.84544,temporary moratorium,data center,extended,2026-03-03,2027-08-25,,true,"City continues drafting its own data-center ordinance but is waiting for state legislative action (the POWER Act) before adopting it, extending the moratorium in the meantime.",https://www.shawlocal.com/illinois-valley/2026/08/20/ottawa-extends-data-center-moratorium-through-august-2027/,il-ottawa-2026,false,true,2026-09-23,
nm-il-plainfield-2026,village,Plainfield,IL,17197,1760287,41.60867,-88.20543,temporary moratorium,data center,extended,2026-04-21,2027-04-16,180,true,Plainfield village trustees unanimously extended the 180-day moratorium on data center applications by another 180 days while drafting a Unified Development Ordinance.,https://www.shawlocal.com/the-herald-news/2026/10/07/plainfield-extends-its-moratorium-on-data-centers/|https://patch.com/illinois/plainfield/data-center-moratorium-imposed-plainfield-after-unanimous-village-board-vote,il-plainfield-2026,true,false,2026-10-09,
nm-il-rockford-2026,city,Rockford,IL,17201,1765000,42.27139,-89.09397,temporary moratorium,data center; exemptions noted,active,2026-08-03,2027-02-03,184,false,Pauses data center development citywide (outside the Edson Road exemption) while staff develop best-practices policy recommendations.,https://www.rockrivercurrent.com/2026/08/rockford-approves-data-center-moratorium-but-not-for-monarchs-land/,il-rockford-2026,false,false,2026-09-23,
nm-il-sterling-2026,city,Sterling,IL,17195,1772546,41.78825,-89.69537,temporary moratorium,data center+battery storage,active,2026-09-08,2027-03-07,180,false,Moratorium buys time for city staff to develop a formal ordinance and plan for responding to BESS and data center development requests.,https://www.shawlocal.com/sauk-valley/2026/09/09/sterling-council-puts-180-day-application-moratorium-on-data-centers-battery-energy-storage-systems/,il-sterling-2026,false,false,2026-09-23,
nm-il-tazewell-county-2026,county,Tazewell County,IL,17179,,40.51264,-89.54421,temporary moratorium,data center,active,2026-04-29,,,false,De facto pause adopted; formal fixed-term moratorium still pending,,il-tazewell-county-2026,true,false,2026-09-23,
nm-il-town-of-normal-2026,town,Town of Normal,IL,17113,1753234,40.51792,-88.97255,temporary moratorium,data center,extended,2026-05-18,2027-05-31,,true,"Extended and active as of 2026-09-23. The Town Council voted 6-1 on 2026-09-21 to extend the moratorium on data-center applications through May 31, 2027, so that any town regulations can be…",https://www.normalil.gov/Archive/ViewFile/Item/5590|https://www.normalil.gov/Archive/ViewFile/Item/5602|https://www.25newsnow.com/2026/09/22/normal-town-council-extends-data-center-moratorium-approves-museum-expansion/|https://www.wglt.org/local-news/2026-09-22/normal-town-council-hears-financial-trends-approves-data-center-moratorium-extension|https://www.25newsnow.com/2026/09/20/normal-consider-longer-moratorium-data-centers-bloomington-schedules-pair-public-hearings/,il-town-of-normal-2026,false,false,2026-09-23,
nm-il-woodford-county-2026,county,Woodford County,IL,17203,,40.81454,-89.20742,temporary moratorium,data center,active,2026-08-18,2027-02-18,184,false,"Pause while the county studies data-center land-use, economic, and infrastructure implications and develops a transparent, case-by-case regulatory process.",https://wmbdradio.com/2026/08/21/tazewell-county-revisits-data-center-ordinance-woodford-county-passes-moratorium/,il-woodford-county-2026,false,false,2026-09-23,
nm-in-boone-county-2026,county,Boone County,IN,18011,,40.04599,-86.46508,temporary moratorium,data center,active,2026-06-15,2027-06-15,365,false,"Board of Commissioners unanimously adopted a one-year moratorium on new data center development, pausing filing, processing, review, and acceptance of applications in unincorporated areas.",https://boonecounty.in.gov/2026/06/15/19190/,in-boone-county-2026,false,false,2026-07-31,
nm-in-clark-county-2026,county,Clark County,IN,18019,,38.49412,-85.71691,temporary moratorium,data center,active,2026-08-27,2027-08-27,365,false,Adopted,,in-clark-county-2026,true,false,2026-09-23,
nm-in-dearborn-county-2026,county,Dearborn County,IN,18029,,39.13403,-84.98210,temporary moratorium,solar+battery storage+data center,active,2026-02-24,2027-02-24,365,false,County to collect feedback and consider zoning changes,,in-dearborn-county-2026,false,false,,
nm-in-dekalb-county-2026,county,DeKalb County,IN,18033,,41.39915,-85.00124,temporary moratorium,data center,expired,2026-04-13,2026-10-08,180,false,DeKalb County's six-month data center moratorium is reported to expire Oct. 8 while planning staff draft a permanent data center ordinance.,https://citizenportal.ai/articles/10013065/indiana/dekalb-county/dekalb-county-planning-commission-previews-proposed-datacenter-ordinance-as-moratorium-nears-end,in-dekalb-county-2026,true,false,2026-10-09,
nm-in-elkhart-2026,city,Elkhart,IN,18039,1820728,41.69076,-85.95625,temporary moratorium,data center+battery storage,active,2026-08-27,,,false,"Common Council adopted a moratorium on data center and battery storage facility applications through Dec. 31, 2027",https://www.wvpe.org/wvpe-news/2026-08-28/elkhart-city-council-passes-data-center-battery-storage-pause-9-0|https://abc57.com/news/elkhart-city-council-to-go-forward-with-data-center-moratorium-after-unanimous-vote,in-elkhart-2026,false,false,2026-09-23,
nm-in-fayette-county-2026,county,Fayette County,IN,18041,,39.61924,-85.17938,temporary moratorium,data center,active,2026-05-05,2027-05-05,365,false,"Fayette County Commissioners approved an ordinance for a one-year pause on data center approvals with a stated May 18, 2026 start.",https://www.newsexaminer.com/news/city-loses-2-67m-gallons-of-water-in-line-break-agrees-to-data-center-moratorium/article_7cf8aa06-78e3-5152-9196-9bdb42c0ee3d.html|https://www.newsexaminer.com/news/commissioners-put-the-brakes-on-data-centers/article_9656df1d-2bd9-5df9-924d-4d6670aee9cd.html|https://indianaeconomicdigest.net/Content/Default/Also-In-The-News/Article/Fayette-County-Commissioners-put-the-brakes-on-data-centers/-3/5307/121437,in-fayette-county-2026,true,false,2026-09-23,
nm-in-fort-wayne-undated,city,Fort Wayne,IN,18003,1825000,41.07999,-85.13860,temporary moratorium,data center,pending,,,,false,"Council postponed a final vote on the moratorium ordinance to Oct. 13, 2026, pending further review of proposed amendments",https://www.21alivenews.com/2026/09/23/vote-fort-wayne-data-center-moratorium-held-3-weeks/|https://www.wboi.org/government/2026-09-09/fort-wayne-city-councilwoman-introduces-ordinances-to-rein-in-future-data-center-development,in-fort-wayne-undated,false,true,2026-09-23,
nm-in-franklin-county-2025,county,Franklin County,IN,18047,,39.41490,-85.05632,temporary moratorium,data center,extended,2025-12-24,2027-02-24,60,true,"The Data Center Moratorium Work Group and APC advanced the draft ordinance to v4.0 (dated 2026-06-22) following a May 13, 2026 public hearing that produced roughly 25 public comments; the item…",https://www.franklincounty.in.gov/wp-content/uploads/2026/04/APC-Agenda-Jul-2026.pdf|https://www.franklincounty.in.gov/wp-content/uploads/2026/04/Data-Center-Regulations-Draft-v4-06.22.26.pdf|https://www.brookvilleindiana.com/story/2026/02/18/news/apc-seeks-moratorium-extension-into-2027/1192.html|https://www.eaglecountryonline.com/news/local-news/franklin-co-commissioners-place-year-long-moratorium-on-data-centers/,in-franklin-county-2025,false,false,2026-09-23,
nm-in-fulton-county-2026,county,Fulton County,IN,18049,,41.04214,-86.28752,temporary moratorium,data center; 500 MW,active,2026-03-02,2027-03-02,365,false,Area Plan Commission expected to appoint a data center committee to study economic and environmental impacts and recommend zoning updates,,in-fulton-county-2026,false,false,,
nm-in-gary-2026,city,Gary,IN,18089,1827000,41.60210,-87.33706,executive order,data center,active,2026-09-16,2027-09-16,365,false,Mayor issued a one-year executive-order moratorium on new data center development,https://gary.capitalbnews.org/gary-data-center-moratorium/,in-gary-2026,false,false,2026-09-23,
nm-in-grant-county-2026,county,Grant County,IN,18053,,40.51147,-85.65406,temporary moratorium,data center,active,2026-03-16,2028-03-16,731,false,Board of Commissioners adopted a 24-month moratorium on data center improvement-location permits in unincorporated Grant County,https://savrn.com/data-center-moratorium-tracker/indiana|https://citizenportal.ai/articles/7682692/Indiana/Grant-County/Grant-County-adopts-24-month-moratorium-on-data-center-permits|https://www.chronicle-tribune.com/news/comms-sign-official-data-center-moratorium/article_324c4eaa-48f9-55ca-9f89-b331c7ebf06d.html|https://citizenportal.ai/articles/8097350/indiana/grant-county/grant-county-subcommittee-advances-data-center-ordinance-draft-debates-crypto-inclusion-power-and-noise-limits,in-grant-county-2026,false,false,2026-09-23,
nm-in-howard-county-2026,county,Howard County,IN,18067,,40.47871,-86.13503,temporary moratorium,data center,active,2026-08-17,2027-08-17,365,false,Adopted,,in-howard-county-2026,false,false,2026-09-23,
nm-in-huntington-county-2026,county,Huntington County,IN,18069,,40.80083,-85.50185,temporary moratorium,data center+battery storage,active,2026-02-23,,,false,"Research, public meetings, and local regulations pending",https://www.21alivenews.com/2026/08/13/huntington-county-holds-green-energy-workshop-amid-data-center-concerns/,in-huntington-county-2026,false,false,2026-09-23,
nm-in-indianapolis-marion-county-undated,city,Indianapolis (Marion County),IN,18097,1836003,39.76833,-86.15835,temporary moratorium,data center,active,2026-08-19,2027-12-31,,false,"City-County Council advanced the moratorium 23-1 on 2026-08-10; Metropolitan Development Commission gave final unanimous approval 2026-08-19, making Marion County's moratorium effective immediately…",https://fox59.com/news/metropolitan-development-commission-unanimously-approves-data-center-moratorium/|https://www.ibj.com/articles/indianapolis-data-center-moratorium-receives-final-approval|https://mirrorindy.org/indianapolis-data-center-moratorium-city-county-council-joe-hogsett-support/|https://www.wfyi.org/wfyi-news/2026-07-01/data-center-rules-proposal-clears-initial-vote-in-indianapolis,in-indianapolis-marion-county-undated,false,false,2026-09-23,
nm-in-jeffersonville-2026,city,Jeffersonville,IN,18019,1838358,38.27702,-85.73716,temporary moratorium,data center,active,2026-08-03,2027-08-03,365,false,City Council adopted a one-year moratorium on new data center development within city zoning jurisdiction,https://www.wave3.com/2026/08/04/jeffersonville-passes-year-long-data-center-moratorium-amid-resident-outcry-major-utility-disclosures/|https://www.newsandtribune.com/news/jeffersonville-city-council-approves-one-year-moratorium-for-data-centers/article_c39dd353-1c15-4b9d-8d00-462c2da7506b.html,in-jeffersonville-2026,false,false,2026-09-23,
nm-in-madison-county-2026,county,Madison County,IN,18095,,40.16245,-85.72608,temporary moratorium,data center,extended,2026-06-16,2027-06-16,365,true,"Board of Commissioners unanimously adopted Ordinance 2026-BC-O-05 (six-month moratorium, effective 2026-06-16), then unanimously voted on 2026-08-04 to extend it to a full year following the…",https://madisoncoin.suiteonemedia.com/event/GetDocumentFile/2026-BC-O-05%20%28Adopt%206%20Month%20Moratorium%20on%20Data%20Centers%29?did=558|https://madisoncoin.suiteonemedia.com/event/GetMinutesFile/Minutes?mid=818|https://indianapublicradio.org/news/2026/08/madison-county-full-year-data-center-moratorium/|https://www.heraldbulletin.com/news/local_news/data-center-moratorium-extended-to-one-year/article_82164de5-76f2-47a6-9781-60eef99ac845.html|https://indianapublicradio.org/news/2026/07/madison-county-planning-commission-recommends-extended-data-center-moratorium/,in-madison-county-2026,false,false,2026-09-23,
nm-in-marshall-county-2025,county,Marshall County,IN,18099,,41.32284,-86.28096,temporary moratorium,data center+solar+battery storage,replaced,2025-02-03,2027-02-03,730,false,Commissioners approved a permanent data center prohibition on 2026-04-20; secondary reporting describes it as possibly Indiana's first permanent county data center ban,,in-marshall-county-2025,false,false,,
nm-in-merrillville-lake-county-2026,town,Merrillville (Lake County),IN,18089,1848528,41.48281,-87.33281,temporary moratorium,data center,active,2026-05-26,2027-05-26,365,false,"Town Council voted 7-0 to impose a one-year moratorium on data center project approvals; the town also held a June 11, 2026 educational meeting.",https://www.merrillville.in.gov/media/vc0oxys1/minutes-meeting-05-26-26.pdf|https://www.merrillville.in.gov/business-building-economic-development/data-centers/,in-merrillville-lake-county-2026,false,false,2026-07-31,
nm-in-miami-county-2026,county,Miami County,IN,18103,,40.74549,-86.06395,temporary moratorium,data center,replaced,2026-05-04,,,false,"Board of Commissioners unanimously (3-0) adopted a permanent data center zoning ordinance on 2026-07-20, replacing the temporary moratorium in force since 2026-05-04.",https://www.miamicountyin.gov/DocumentCenter/View/2424/Ordinance-Imposing-Temporary-Moratorium-On-The-Development-of-Data-Centers|https://www.miamicountyin.gov/910/Proposed-Data-Center-Ordinance-Moratoriu|https://www.plaindealerin.com/miami-county-data-center-vote-passes-to-boos-and-outbursts/article_2b3fa6d7-f9bd-59ed-b1e8-2aa9a7737335.html,in-miami-county-2026,false,false,2026-09-23,
nm-in-new-albany-floyd-county-2026,city,New Albany (Floyd County),IN,18043,1852326,38.28563,-85.82413,temporary moratorium,data center,active,2026-07-16,2027-07-16,365,false,"Common Council unanimously adopted Ordinance Z-26-02, a temporary, renewable moratorium of up to one year on new data center construction.",https://newalbanycityhall.com/home/2026/7/21/city-council-passes-mayor-gahans-new-data-center-ban|https://cityofnewalbanyevents.squarespace.com/home/2026/7/21/city-council-passes-mayor-gahans-new-data-center-ban,in-new-albany-floyd-county-2026,false,false,2026-09-23,
nm-in-owen-county-undated,county,Owen County,IN,18119,,39.29845,-86.85086,temporary moratorium,data center,active,2026-09-22,2027-09-22,365,false,"Commissioners unanimously approved a one-year moratorium on data center development, including rezonings intended for data centers, while the plan commission drafts rules.",https://www.ipm.org/news/2026-09-23/owen-county-approves-one-year-moratorium-on-data-centers|https://mytownview.com/indiana/owen/meetings/co-1064-owen-county-commisssioners-2026-08-20|https://citizenportal.ai/articles/10008009/Indiana/Owen-County/Owen-County-planning-commission-recommends-oneyear-moratorium-on-datacenter-development-sends-draft-ordinances-for-review,in-owen-county-undated,true,false,2026-10-07,
nm-in-pulaski-county-2026,county,Pulaski County,IN,18131,,41.03139,-86.69907,temporary moratorium,data center,active,2026-01-20,2027-01-20,365,false,APC and county staff expected to prepare UDO amendments,,in-pulaski-county-2026,false,false,,
nm-in-putnam-county-2025,county,Putnam County,IN,18133,,39.66662,-86.83740,temporary moratorium,data center+solar+wind; 150 MW,active,2025-11-17,2026-11-17,365,false,"Pending UDO review; EnergyRe later withdrew a 150 MW solar rezoning application, but no data center replacement rules were identified",https://dailyjournal.net/2025/11/24/3-counties-put-moratoriums-on-data-center-projects/|https://www.giant.fm/putnam-county/news/local-news/putnam-county-commissioners-vote-in-favor-of-moratorium-on-solar-farms/,in-putnam-county-2025,false,false,2026-09-23,
nm-in-shelby-county-2026,county,Shelby County,IN,18145,,39.49348,-85.81906,temporary moratorium,data center,replaced,2026-02-23,2026-08-22,180,false,"Board of Commissioners unanimously (3-0) adopted Ordinance 2026-17 on 2026-08-24, creating a permanent Data Center Overlay Text Amendment to the county's Unified Development Ordinance, after three…",https://addisontimes.substack.com/p/tuesday-august-25-2026|https://www.shelbynews.com/news/county-plan-commission-issues-favorable-recommendation-on-data-center-ordinance/article_10e3e0f7-3af8-5e6b-b2cd-8f31452d42c3.html,in-shelby-county-2026,false,false,2026-09-23,
nm-in-starke-county-2025,county,Starke County,IN,18149,,41.27532,-86.64576,temporary moratorium,"data center; >5,000 square feet",active,2025-12-15,2026-12-15,365,false,Pending zoning amendment process for hyperscale data center regulation,,in-starke-county-2025,false,false,2026-04-29,
nm-in-steuben-county-2026,county,Steuben County,IN,18151,,41.64141,-85.00236,temporary moratorium,data center,active,2026-09-15,2027-03-14,180,false,Board of Commissioners formalized a six-month moratorium on data center construction,https://wtvbam.com/2026/09/16/981590/,in-steuben-county-2026,false,false,2026-09-23,
nm-in-valparaiso-porter-county-undated,city,Valparaiso (Porter County),IN,18127,1878326,41.46726,-87.06045,temporary moratorium,data center,active,2026-08-10,2028-07-31,,false,"Common Council adopted Ordinance No. 16-2026, establishing a temporary moratorium on new data center development with no fixed near-term end date beyond the July 31, 2028 backstop.",https://www.ci.valparaiso.in.us/DocumentCenter/View/12013/Ordinance-16-2026-Data-Center-Moratorium|https://spotonindiana.com/northwest-indiana/2584507/valparaiso-passes-data-center.html|https://www.inkfreenews.com/2026/07/15/valparaiso-advances-data-center-moratorium/,in-valparaiso-porter-county-undated,false,false,2026-09-23,
nm-in-wabash-county-2026,county,Wabash County,IN,18169,,40.80653,-85.78336,temporary moratorium,data center,active,2026-08-31,2028-02-29,547,false,"Board of Commissioners unanimously adopted a temporary moratorium on data center permits, following the Plan Commission's favorable recommendation",https://www.in.gov/counties/wabash/files/ordinances/Proposed-Data-Center-Moratorium.pdf|https://www.plaindealerin.com/news/data-center-moratorium-approved/article_a65e7da7-f0b7-50c6-a6ae-b77ca20ab685.html,in-wabash-county-2026,false,false,2026-09-23,
nm-in-warrick-county-undated,county,Warrick County,IN,18173,,38.09061,-87.27589,temporary moratorium,data center,active,2026-08-11,2027-02-07,180,false,"Board of Commissioners unanimously adopted a 180-day deferral ordinance on data center permit applications on 2026-08-11, following the Area Plan Commission's Aug. 10 recommendation.",https://www.courierpress.com/story/news/local/2026/08/11/warrick-county-board-of-commissioners-votes-on-data-center-moratorium/91250866007/|https://www.pdclarion.com/warrick_news/news/county-passes-180-day-moratorium-on-data-centers/article_636e5a74-1c91-5d01-bf58-30c393b37040.html|https://news.wnin.org/2026-08-12/warrick-county-commission-is-first-to-pause-data-centers-with-local-ordinance|https://news.wnin.org/2026-07-14/data-center-vote-warrick-area-plan-commission-tables-own-ordinance-halts-projects-in-2026,in-warrick-county-undated,true,false,2026-09-23,
nm-in-white-county-2025,county,White County,IN,18181,,40.74224,-86.87139,temporary moratorium,data center,replaced,2025-10-20,2026-04-18,180,false,"White County zoning now includes a dedicated Section 3.20 Data Centers with application, water, noise, setback, screening, and emergency-response requirements",,in-white-county-2025,false,false,2026-04-29,
nm-ks-bourbon-county-2026,county,Bourbon County,KS,20011,,37.84858,-94.86796,temporary moratorium,data center+cryptocurrency mining+general; exemptions noted,active,2026-06-15,2027-06-15,365,false,"365-day freeze on utility-scale power generation, cryptocurrency mining, data center, and waste disposal operations in Bourbon County while the county develops a comprehensive plan and zoning…",https://www.bourboncountymonitor.com/bourbon-county-enacts-365-day-development-moratorium-selects-planning-zoning-consulting-firm/,ks-bourbon-county-2026,false,false,2026-09-23,
nm-ks-brown-county-2026,county,Brown County,KS,20013,,39.82422,-95.58200,temporary moratorium,data center+battery storage+solar+cryptocurrency mining,active,2026-03-02,2027-08-24,540,false,Planning Commission to consider recommendations for regulation.,,ks-brown-county-2026,false,false,,
nm-ks-dickinson-county-2026,county,Dickinson County,KS,20041,,38.87906,-97.18933,permit pause,data center+battery storage+solar+wind,active,2026-07-30,2027-07-30,365,false,"Suspends acceptance/processing of Conditional Use Permit applications and construction/erection permits for commercial data centers, BESS, and renewable energy projects (other than those already…",https://www.dkcoks.gov/media/res/073026.pdf?v=1788220800108|https://kclyradio.com/blog/dickinson-county-approves-three-year-moratorium-on-data-centers-battery-storage-and-renewable-energy-projects/,ks-dickinson-county-2026,false,false,2026-09-23,
nm-ks-el-dorado-2026,city,El Dorado,KS,20015,2020075,37.81730,-96.85374,temporary moratorium,data center+battery storage,active,2026-07-13,2026-11-30,,false,"Suspends development of data centers and battery storage systems in El Dorado through Nov. 30, 2026, 'demonstrat[ing] the City Commission's willingness to allow the process to proceed without…",https://mytownview.com/kansas/butler/el-dorado/meetings/20952-el-dorado-ks-city-commission-2026-07-13|http://www.eldoks.gov/m/NewsFlash/Home/Detail/665,ks-el-dorado-2026,false,false,2026-09-23,
nm-ks-franklin-county-2026,county,Franklin County,KS,20059,,38.57200,-95.31845,temporary moratorium,data center,active,2026-09-02,2028-12-31,,false,"Temporary stop to the planning, establishment, construction, and special-use-permit applications for data centers or related activities/components in unincorporated Franklin County.",https://ransonfinancial.com/2026/09/10/data-center-moratorium-declared-by-county/|https://www.ottawaherald.com/data-center-moratorium-declared-by-county/,ks-franklin-county-2026,false,false,2026-09-23,
nm-ks-geary-county-2026,county,Geary County,KS,20061,,38.98855,-96.76200,temporary moratorium,data center,active,2026-06-22,2027-06-22,365,false,Directs county planning/zoning staff to study data center impacts during the pause.,https://www.ksnt.com/news/local-news/geary-co-approves-moratorium-on-data-center-development/amp/,ks-geary-county-2026,false,false,2026-07-31,
nm-ks-harvey-county-2026,county,Harvey County,KS,20079,,38.03523,-97.44863,temporary moratorium,data center,active,2026-01-13,2028-12,,false,Commission voted unanimously on 2026-01-13 for a moratorium on data center development in unincorporated areas running through 2028; the commission may rescind or extend it at any time.,https://foxkansas.com/news/local/harvey-county-halts-data-center-projects-to-address-power-and-water-concerns-through-2028|https://www.kwch.com/2026/01/13/harvey-county-commission-places-moratorium-data-center-construction/|https://www.kansas.com/news/politics-government/article315352587.html|https://www.kake.com/home/harvey-county-places-moratorium-on-data-center-development/article_efbcdf2e-22f6-4aef-889f-4e0000bb25cb.html,ks-harvey-county-2026,true,false,2026-10-07,
nm-ks-kingman-county-2026,county,Kingman County,KS,20095,,37.54209,-98.12217,temporary moratorium,data center,active,2026-02-09,2027-08-03,540,false,County officials and planning boards must consider amendments and additions to zoning code provisions governing data center applications and guidelines.,https://www.kansas.com/news/politics-government/article315352587.html,ks-kingman-county-2026,false,false,2026-09-23,
nm-ks-lawrence-2026,city,Lawrence,KS,20045,2038900,38.97191,-95.23594,temporary moratorium,data center,active,2026-07-14,2028-07-13,730,false,"24-month freeze on data center uses within Lawrence city limits while planning staff draft a special-use-permit requirement and study issues (water, energy/utility costs, noise, light, setbacks) for…",https://www2.ljworld.com/news/city-government/2026/jul/14/lawrence-city-commission-starts-process-of-developing-data-center-rules-imposes-24-month-moratorium/,ks-lawrence-2026,false,false,2026-09-23,
nm-ks-leavenworth-county-2026,county,Leavenworth County,KS,20103,,39.21471,-95.06203,temporary moratorium,data center,expired,2026-05-13,2026-08-11,90,false,90-day pause on data-center applications in unincorporated Leavenworth County lapsed without a successful extension; three sitting commissioners (two of whom did not seek re-election) opted to defer…,https://servercountry.org/policy/kansas/|https://www2.ljworld.com/news/general-news/2026/aug/13/leavenworth-co-officials-reverse-course-slow-down-on-data-center-proposed-for-site-near-tonganoxie/,ks-leavenworth-county-2026,false,false,2026-09-23,
nm-ks-lyon-county-2026,county,Lyon County,KS,20111,,38.45740,-96.16831,temporary moratorium,data center+battery storage,active,2026-07-23,,,false,"Directs county staff to halt receipt, review, hearing, or granting of data center and battery-energy-storage-system applications during the suspension period.",https://www.ksnt.com/news/local-news/moratorium-on-data-centers-approved-by-lyon-county-commissioners/|https://www.ksnt.com/news/local-news/moratorium-on-data-centers-approved-by-lyon-county-commissioners/amp/,ks-lyon-county-2026,false,false,2026-09-23,
nm-ks-marion-county-2026,county,Marion County,KS,20115,,38.37345,-97.13059,temporary moratorium,data center+battery storage; exceeding 10 MW,extended,2026-03-02,2027-06-01,,true,Planning and zoning staff expected to prepare permanent rules.,https://www.marioncoks.net/DocumentCenter/View/2111/2026-19-Extending-the-Temporary-Moratorium-on-the-Acceptance-of-Applications-Relating-to-the-Establishment-Operation-or-Expansion-of-Data-Centers|https://www.marioncoks.net/DocumentCenter/View/913/2026-12-Providing-a-Temporary-Moratorium-on-Data-Centers|https://www.kansas.com/news/politics-government/article315352587.html,ks-marion-county-2026,false,false,2026-09-23,
nm-ks-marysville-2026,city,Marysville,KS,20117,2045050,39.84173,-96.64806,temporary moratorium,data center,active,2026-09,,365,false,"12-month pause on new data center development applications in Marysville to allow staff and council time to study potential impacts and land-use policy options, including whether extraterritorial or…",https://citizenportal.ai/articles/10001092/kansas/marshall-county/marysville/marysville-council-enacts-12-month-moratorium-on-data-centers-to-allow-further-review|https://www.marysvilleonline.net/news/city-approves-data-center-moratorium/article_07fd9137-6541-44fa-ae26-551b2e200177.html,ks-marysville-2026,true,true,2026-09-23,
nm-ks-mcpherson-county-2025,county,McPherson County,KS,20113,,38.36590,-97.65752,permanent ban,"data center+cryptocurrency mining+battery storage; 50 MW; >10,000 sq ft",replaced,2025-08-04,,,false,"McPherson County banned data centers, utility-scale battery storage, and hydrogen energy systems (except at refineries) outright via Resolution 2026-21 (2026-08-31), rather than adopting permanent…",https://servercountry.org/policy/kansas/|https://www.citizenjournal.us/mcpherson-county-bans-data-centers-and-utility-scale-battery-storage/|https://www.adastraradio.com/mac-news/mcpherson-county-zoning-board-blocks-data-centers/|https://www.kansas.com/news/politics-government/article315352587.html|https://www.okenergytoday.com/2026/04/data-center-moratoriums-grow-across-the-country/,ks-mcpherson-county-2025,true,false,2026-09-23,
nm-ks-miami-county-2026,county,Miami County,KS,20121,,38.56205,-94.85574,temporary moratorium,data center+battery storage+solar+wind,active,2026-03,,1095,false,"Pauses new applications for data centers, battery storage, and similar technologies in unincorporated Miami County while the county studies regulations, mirroring an earlier county moratorium on…",https://servercountry.org/policy/kansas/|https://www.kshb.com/news/local-news/kansas/miami-county/project-catalyst-data-center-developer-in-osawatomie-offers-update-touting-economic-opportunity|https://www.kshb.com/news/local-news/kansas/miami-county/miami-county-commission-considers-pause-on-data-center-construction-following-nearby-1b-proposal,ks-miami-county-2026,true,true,2026-09-23,
nm-ks-neosho-county-2026,county,Neosho County,KS,20133,,37.55663,-95.33166,temporary moratorium,data center+battery storage+general,active,2026-05-19,2027-06-01,,false,"Suspends acceptance/processing of building permits, site plan/architectural reviews, variances, floodplain permits, conditional use permits, grading permits, rezoning applications, and occupancy…",https://www.neoshocountyks.org/DocumentCenter/View/635/R-26-E,ks-neosho-county-2026,false,false,2026-09-23,
nm-ks-riley-county-2026,county,Riley County,KS,20161,,39.30264,-96.77093,temporary moratorium,data center+battery storage,active,2026-05-18,2026-11-12,178,false,Study period for potential county policy or zoning standards.,https://rileycountyks.iqm2.com/Citizens/Default.aspx|https://themercury.com/news/riley-county-places-temporary-pause-on-data-centers/article_5b1e4a71-90d4-426b-876d-14dc851cdb7b.html|https://1350kman.com/2026/05/end-date-set-for-riley-countys-data-center-moratorium/|https://citizenportal.ai/articles/8352608/kansas/riley/riley-county-adopts-six-month-moratorium-on-data-centers-and-battery-storage-projects|https://www.wibw.com/2026/06/02/riley-county-planning-director-shares-details-data-center-moratorium/,ks-riley-county-2026,true,false,2026-09-23,
nm-ks-saline-county-2026,county,Saline County,KS,20169,,38.77045,-97.66698,temporary moratorium,data center,active,2026-03-17,2027-03-17,365,false,County planning process for regulations on covered facilities.,https://citizenportal.ai/articles/7891674/kansas/saline-county/saline-county-adopts-temporary-moratorium-on-data-centers-nuclear-and-hydrogen-facilities-in-unincorporated-areas|https://servercountry.org/policy/kansas/|https://www.salinecountyks.gov/agendas|https://salinapost.com/posts/72efeb72-d4d2-4a40-bb06-f445635cd6d4,ks-saline-county-2026,true,false,2026-09-23,
nm-ks-sedgwick-county-2026,county,Sedgwick County,KS,20173,,37.64482,-97.46414,temporary moratorium,data center; exemptions noted,extended,2026-01-14,2026-12-25,90,true,"Wichita-Sedgwick County Metropolitan Area Planning Department prepared a data center white paper recommending definition, classification, conditional use review, overlay options, or prohibition of…",https://imaging.sedgwickcounty.org/OnBaseAgendaOnline/Meetings/ViewMeeting?id=1400&doctype=2|https://www.sedgwickcounty.org/media/74222/0910-26-162-2026_aod.pdf|https://www.sedgwickcounty.org/communications/news-releases/this-week-in-sedgwick-county-sept-2-2026/|https://www.wichita.gov/1915/Data-Centers|https://servercountry.org/policy/kansas/|https://www.wichita.gov/CivicAlerts.aspx?AID=412|https://www.sedgwickcounty.org/communications/news-releases/this-week-in-sedgwick-county-may-6-2026/|https://www.sedgwickcounty.org/media/70944/0122-26-resolution-014-2026.pdf,ks-sedgwick-county-2026,true,false,2026-09-23,
nm-ks-shawnee-county-2026,county,Shawnee County,KS,20177,,39.02737,-95.76275,temporary moratorium,data center,active,2026-08-13,2027-02-17,,false,"Six-month pause on final Board action on data center land-use applications in Shawnee County (new applications may still be filed and reviewed by staff/Planning Commission, but not finally approved…",https://www.cjonline.com/story/news/local/2026/08/13/shawnee-county-halts-new-data-center-projects-for-6-months/91276422007/|https://www.wibw.com/2026/08/13/shawnee-co-commissioners-approve-moratorium-new-data-centers/,ks-shawnee-county-2026,false,false,2026-09-23,
nm-ks-south-hutchinson-2026,city,South Hutchinson,KS,20155,2066750,38.02807,-97.94033,temporary moratorium,data center+battery storage,active,2026-05-26,2027-05-26,365,false,"One-year pause on data center and battery energy storage system development within South Hutchinson city limits and its extraterritorial zoning jurisdiction, directing the planning commission and…",https://www.hutchnews.com/story/news/local/2026/07/23/south-hutchinson-places-moratorium-while-seeking-input-on-data-centers/90958360007/|https://ransonfinancial.com/2026/05/28/south-hutch-puts-halt-on-data-centers-bess-passes-moratorium/,ks-south-hutchinson-2026,false,false,2026-09-23,
nm-ks-topeka-2026,city,Topeka,KS,20177,2071000,39.04901,-95.67756,temporary moratorium,data center+battery storage,active,2026-07-14,2027-07-14,365,false,Active as of 2026-09-23. Adopted unanimously on 2026-07-14 for 12 months (through 2027-07-14); amended 2026-08-11 to restrict utility connections both inside and outside city limits for data centers…,https://www.cjonline.com/story/news/local/2026/07/14/city-of-topeka-halts-data-center-applications-for-one-year/90917201007/|https://www.cjonline.com/story/news/local/2026/08/12/topeka-leaders-block-utility-access-for-data-centers-during-moratorium/91260150007/,ks-topeka-2026,false,false,2026-09-23,
nm-ky-allen-county-2026,county,Allen County,KY,21003,,36.75290,-86.19241,temporary moratorium,data center,active,2026-06-10,2028-06-09,730,false,"Two-year moratorium on construction, development, and operation of data centers and data storage facilities adopted via Ordinance No. 26-03.",https://www.wnky.com/content/uploads/2026/06/a/a/ACFrOgCjSNAz7SlFZRJ30T0Lm_ofRvNP82IHRKXmyLRHk7wwLmKgzR98AfVJupEOqYk56j788UiQNKc_sr9N2hEe8_AI4-uTgAsldhOx2R7Ewalf1Y4ARJsw96SBGQBQkortAh_cvBsW8c2GSnaYxEzg4OlN1Kw_40uqGq7UoA.pdf|https://www.wnky.com/allen-county-pauses-data-center-development-for-two-years/,ky-allen-county-2026,false,false,2026-09-23,
nm-ky-ashland-2026,city,Ashland,KY,21019,2102368,38.47841,-82.63794,temporary moratorium,data center,replaced,2026-02-26,,180,false,"Temporary moratorium adopted, then superseded by a permanent conditional-use zoning ordinance",https://cms8.revize.com/revize/ashland/Departments/Community%20&%20Economic%20Development/Planning%20&%20Zoning/ADOPTED%20July%202026.pdf|https://www.dailyindependent.com/news/ashland-places-restrictions-on-data-centers/article_56863e9c-febd-4ebd-a1e0-2a64e7aeb0f2.html|https://www.yahoo.com/news/us/articles/ashland-places-restrictions-data-centers-035900581.html|https://news.google.com/rss/search?q=Ashland+Kentucky+data+center+moratorium+commission+February,ky-ashland-2026,true,true,2026-09-23,
nm-ky-bell-county-2026,county,Bell County,KY,21013,,36.73703,-83.64917,temporary moratorium,data center,active,2026-07-02,2028-07-01,730,false,Adopted two-year moratorium on data center construction.,https://kentuckylantern.com/2026/08/04/bell-county-passed-a-data-center-moratorium-resident-worry-that-work-continues/|https://www.wuky.org/wuky-news/2026-08-12/rural-kentucky-county-passes-two-year-data-center-moratorium|https://www.wymt.com/2026/07/02/bell-county-passes-data-center-moratorium-halting-construction-2-years/,ky-bell-county-2026,true,false,2026-09-23,
nm-ky-boone-county-2026,county,Boone County,KY,21015,,38.96234,-84.72069,temporary moratorium,data center,active,2026-06-15,2027-06-15,365,false,"One-year moratorium adopted unanimously, pausing filing, processing, review, and acceptance of new data-center applications in unincorporated Boone County while the Comprehensive Plan and Zoning…",https://www.radiomom.org/post/boone-county-commissioners-approve-moratorium-on-data-centers,ky-boone-county-2026,false,false,2026-09-23,
nm-ky-boyd-county-fiscal-court-2026,county,Boyd County Fiscal Court,KY,21019,,38.36089,-82.69459,temporary moratorium,data center; exemptions noted,active,2026-07-21,2027-01-17,180,false,"Six-month moratorium on new data centers and data-storage facilities adopted unanimously on second reading, excluding the already-underway TeraWulf project.",https://www.einpresswire.com/article/925280143/fiscal-court-special-meeting|https://www.dailyindependent.com/news/boyd-votes-on-data-center-moratorium-residents-question-voice-concerns-about-timing-specifics-of-decision/article_4ea60339-7f0f-442c-aa1b-dd6c543ea637.html|https://www.dailyindependent.com/news/boyd-approves-data-center-moratorium/article_f56ffafa-d2a7-4c69-b0d3-154bd192fc59.html|https://www.herald-dispatch.com/news/data-center-moratorium-excludes-ongoing-project-in-boyd-county/article_09dbecb2-0127-4481-bc06-127dcd6ccfac.html,ky-boyd-county-fiscal-court-2026,false,false,2026-09-23,
nm-ky-boyle-county-2026,county,Boyle County,KY,21021,,37.62409,-84.85406,temporary moratorium,data center,active,2026-06-09,2027-06-09,365,true,Adopted 12-month moratorium on data center applications/permits in unincorporated Boyle County.,https://www.boylecountyky.gov/DocumentCenter/View/698|https://www.boylecountyky.gov/m/newsflash/home/detail/147,ky-boyle-county-2026,false,false,2026-07-31,
nm-ky-breckinridge-county-2025,county,Breckinridge County,KY,21027,,37.74064,-86.41093,temporary moratorium,data center,active,2025-12-05,2026-12-05,365,false,Pending development of permanent regulations,,ky-breckinridge-county-2025,false,false,,
nm-ky-bullitt-county-2026,county,Bullitt County,KY,21029,,37.97495,-85.67424,temporary moratorium,data center,active,2026-07-21,2027-07-21,365,false,Adopted 12-month moratorium on new data center developments.,https://www.courier-journal.com/story/news/local/bullitt/2026/07/21/bullitt-county-data-center-moratorium/90994590007/|https://spectrumnews1.com/ky/louisville/news/2026/07/21/bullitt-county-data-center-moratorium,ky-bullitt-county-2026,true,false,2026-09-23,
nm-ky-butler-county-2026,county,Butler County,KY,21031,,37.24016,-86.67392,temporary moratorium,data center,active,2026-07-13,2027-07-13,365,false,"One-year moratorium on data centers adopted by the Fiscal Court, magistrates voting 5-0 on first reading.",https://beechtreenews.com/articles/fiscal-court-approves-data-center-moratorium|https://www.wbko.com/2026/06/26/butler-county-approves-one-year-moratorium-data-centers/|https://www.wnky.com/butler-county-fiscal-court-advances-data-center-ordinance/|https://bgdailynews.com/2026/07/02/butler-county-oks-data-center-moratorium/,ky-butler-county-2026,false,false,2026-09-23,
nm-ky-calloway-county-undated,county,Calloway County,KY,21035,,36.62579,-88.27108,temporary moratorium,data center,pending,,,365,false,"Proposed one-year moratorium tabled for revision; next Fiscal Court action expected Oct. 21, 2026, after this research date.",https://www.murrayledger.com/news/local/fiscal-court-pushes-vote-on-revised-data-center-moratorium-to-next-month/article_6fe70e69-7d4f-40ee-a5d8-5c3ba1ea0b0e.html,ky-calloway-county-undated,true,true,2026-09-23,
nm-ky-cave-city-2026,city,Cave City,KY,21009,2113492,37.13675,-85.95622,temporary moratorium,data center,active,2026-05-21,2027-05-21,365,false,One-year moratorium adopted in lieu of proposed zoning regulations; now facing litigation,https://bgdailynews.com/2026/08/27/barren-data-center-suits-proceed/|https://www.bgdailynews.com/2026/07/02/cave-city-asks-for-dismissal-of-lawsuit-over-data-center-moratorium/|https://news.google.com/rss/search?q=Cave+City+Kentucky+data+center+moratorium+ordinance+number,ky-cave-city-2026,true,false,2026-09-23,
nm-ky-daviess-county-2026,county,Daviess County,KY,21059,,37.68779,-87.08184,temporary moratorium,data center,active,2026-05-28,2027-05-28,365,false,One-year moratorium on data center applications adopted by unanimous (4-0) Fiscal Court vote,https://www.14news.com/2026/09/08/daviess-county-judge-executive-addresses-data-centers-industrial-solar-expansion/|https://www.owensborotimes.com/opinion/2026/09/letter-to-the-editor-regulations-need-to-be-enacted-regarding-data-centers-it-infrastructure/|https://www.aol.com/news/don-t-want-data-center-031834884.html|https://news.google.com/rss/search?q=Daviess+County+Kentucky+data+center+moratorium+fiscal+court,ky-daviess-county-2026,true,false,2026-09-23,
nm-ky-edmonson-county-2026,county,Edmonson County,KY,21061,,37.19992,-86.22067,temporary moratorium,data center+cryptocurrency mining,active,2026-06-08,2027-06-08,365,false,Adopted; in effect through approximately 2027-06-08 absent earlier Fiscal Court action.,https://www.wnky.com/content/uploads/2026/06/d/n/Ordinance-EC26-18-Moratorium-Data-Centers.pdf|https://www.wnky.com/edmonson-county-enacts-one-year-moratorium-on-data-centers-ai-facilities/,ky-edmonson-county-2026,false,false,2026-07-31,
nm-ky-greenup-county-2026,county,Greenup County,KY,21089,,38.51081,-82.91802,temporary moratorium,data center; exemptions noted,active,2026-07,,180,false,Active as of 2026-09-23. Fiscal Court voted unanimously on first reading (~2026-07-07) and again unanimously on second reading (~2 weeks later) to impose a six-month moratorium on data center…,https://www.dailyindependent.com/news/greenup-county-moves-on-data-center-moratorium/article_380facd0-89cf-45e0-9a70-53763cd9b096.html|https://www.dailyindependent.com/news/greenup-county-places-moratorium-on-data-centers-hall-on-terawulf-not-included-in-the-pause/article_085b0070-ecdb-412f-90a6-f3ab60ae11f9.html,ky-greenup-county-2026,false,true,2026-09-23,
nm-ky-harrison-county-2026,county,Harrison County,KY,21097,,38.43559,-84.32164,temporary moratorium,data center,active,2026-08-11,2028-08-10,730,true,Active as of 2026-09-23. The Fiscal Court unanimously approved a resolution creating a two-year moratorium on data center development at its 2026-08-11 meeting. Can be rescinded or extended.,https://www.news-graphic.com/harrison_county/data-center-moratorium-approved/article_673addee-2c4b-4a8b-b8fa-5ed7fb229d5a.html|https://www.wkyt.com/2026/07/29/harrison-county-leaders-hear-public-opposition-data-centers-ahead-moratorium-vote/,ky-harrison-county-2026,false,false,2026-09-23,
nm-ky-jessamine-county-2026,county,Jessamine County,KY,21113,,37.86529,-84.57690,temporary moratorium,data center,active,2026-08-04,2027-08-04,365,false,12-month moratorium on all new data-center development approved by the Fiscal Court.,https://fox56news.com/news/local/jessamine-county-approves-12-month-data-center-moratorium/|https://winchestersun.com/2026/09/02/winchester-enacts-one-year-data-center-moratorium-amid-regional-wave-ofrestrictions/,ky-jessamine-county-2026,true,false,2026-09-23,
nm-ky-la-grange-2025,city,City of La Grange,KY,21185,2143480,38.40755,-85.37883,temporary moratorium,data center; exemptions noted,expired,2025-06-02,2025-10-30,150,true,The 150-day extension (Ordinance 17-2025) has run its course (computed term ending roughly April 2026) with no further extension or permanent replacement ordinance appearing in the city's own…,https://www.lagrangeky.gov/ordinances|https://www.pmg-ky1.com/oldham_era/news/council-extends-data-center-moratorium-by-150-days/article_8db48ba2-3728-5ffd-918a-39cdda93a9a7.html,ky-la-grange-2025,false,false,2026-07-31,
nm-ky-lexington-fayette-2026,county,Lexington-Fayette,KY,21067,,38.03681,-84.42394,temporary moratorium,data center,active,2026-06-09,2026-10-31,,false,"Council-adopted resolution blocking data center development plans, approvals, and zone changes through October 31, 2026 while permanent regulations are drafted",https://engage.lexingtonky.gov/DataCenters|https://spectrumnews1.com/ky/louisville/news/2026/09/09/lexington-committee-weighs-data-center-rules|https://www.yahoo.com/news/us/articles/lexington-data-center-project-sparks-161138686.html|https://www.weku.org/lexington-richmond/2026-07-30/lexington-planners-add-more-restrictions-for-data-centers-including-caps-on-size-capacity,ky-lexington-fayette-2026,true,false,2026-09-23,
nm-ky-logan-county-2026,county,Logan County,KY,21141,,36.82371,-86.88336,temporary moratorium,data center,active,2026-07-28,2027-07-28,365,false,12-month moratorium adopted to allow the county to study data-center impacts before any project is proposed.,https://www.wkyt.com/2026/07/30/logan-county-approves-12-month-moratorium-data-centers/,ky-logan-county-2026,false,false,2026-09-23,
nm-ky-london-2026,city,London,KY,21125,2147476,37.12833,-84.08356,temporary moratorium,data center,active,2026-08-03,,,false,Two-year moratorium on data centers within city limits adopted 5-1.,https://www.wkyt.com/2026/08/04/london-city-council-passes-2-year-data-center-moratorium/,ky-london-2026,false,false,2026-09-23,
nm-ky-louisville-metro-2026,county,Louisville Metro,KY,21111,,38.25458,-85.75943,temporary moratorium,"data center; >350,000 sq ft",active,2026-08-13,2027-02-09,180,false,Six-month moratorium on new data-center approvals adopted 24-1 and signed by the mayor; permanent zoning regulations still under Council committee debate as of the research date.,https://www.wlky.com/article/louisville-data-center-moratorium-passes-six-months/73425536|https://www.lpm.org/news/2026-08-13/louisville-metro-council-approves-data-center-moratorium-as-new-proposal-sparks-controversy|https://www.lpm.org/news/2026-09-15/louisville-metro-council-begins-debate-on-data-center-regulations|https://www.courier-journal.com/story/news/local/2026/09/03/louisvilles-planning-commission-advances-data-center-regulations/91597104007/,ky-louisville-metro-2026,false,false,2026-09-23,
nm-ky-lyon-county-2026,county,Lyon County,KY,21143,,36.99812,-88.06582,temporary moratorium,data center,active,2026-08,,,false,"Ordinance passed unanimously by the Fiscal Court pausing data-center review to allow environmental, utility, and land-use study via a new committee.",https://www.wpsdlocal6.com/news/data-center-moratorium-ordinance-passes-unanimously-in-lyon-county/article_3e62c03d-096f-42d0-b78d-d1f7e51be074.html|https://www.timesleader.net/news/data-center-moratorium-ordinance-passes-unanimously-in-lyon-county/article_272dcf42-66fc-59ef-bc32-e8a0aa927043.html|https://www.heraldledger.com/uncategorized/lyon-county-considers-measures-to-delay-potential-data-center-inquiries/article_393ab123-bb4b-55cd-8c1f-5afe1d2dd526.html,ky-lyon-county-2026,true,true,2026-09-23,
nm-ky-meade-county-fiscal-court-2026,county,Meade County Fiscal Court,KY,21163,,37.93134,-86.19022,temporary moratorium,data center,active,2026-01-13,2027-01-13,365,true,"Planning and Zoning Commission directed to evaluate impacts, zoning districts, performance standards, and text amendments",,ky-meade-county-fiscal-court-2026,false,false,,
nm-ky-mercer-county-fiscal-court-undated,county,Mercer County Fiscal Court,KY,21167,,37.80876,-84.87608,temporary moratorium,data center+cryptocurrency mining; exemptions noted,active,2026-08-11,2027-08-11,365,false,"Adopted: 12-month moratorium on data center construction in unincorporated Mercer County, effective immediately upon Aug. 11, 2026 final passage; does not apply to the City of Burgin.",https://www.harrodsburgherald.com/2026/08/13/fiscal-court-gives-second-reading-to-data-center-moratorium/|https://kentuckylantern.com/2026/08/13/a-countys-data-center-moratorium-doesnt-include-a-small-city-considering-huge-project/|https://www.wkyt.com/2026/09/09/mercer-co-fiscal-court-hold-meeting-concerning-it-zone-ordinance-data-centers/|https://thewatchdognews.com/mercer-co-continues-considering-data-center-ordinance-fiscal-court-approves-moratorium-first-reading/,ky-mercer-county-fiscal-court-undated,false,false,2026-09-23,
nm-ky-montgomery-county-undated,county,Montgomery County,KY,21173,,38.03723,-83.91524,temporary moratorium,data center,pending,,,365,false,First reading of a proposed one-year moratorium approved; final adoption status unconfirmed as of the research date.,"https://msadvocate.com/stories/county-gives-first-nod-to-data-center-moratorium,87354",ky-montgomery-county-undated,true,true,2026-09-23,
nm-ky-nelson-county-2026,county,Nelson County,KY,21179,,37.80785,-85.47416,temporary moratorium,data center,active,2026-07-07,2027-07-07,365,false,Adopted; in effect through approximately 2027-07-07 absent earlier action.,https://nelsoncountyky.gov/wp-content/uploads/2026/07/2026-7-07FiscalCourtMeetingMinutes.pdf,ky-nelson-county-2026,false,false,2026-07-31,
nm-ky-nicholasville-2026,city,Nicholasville,KY,21113,2156136,37.88063,-84.57300,temporary moratorium,data center,active,2026-08-10,,180,false,Six-month moratorium on data centers adopted by the City Commission.,https://www.wkyt.com/2026/08/11/nicholasville-passes-six-month-moratorium-data-centers/|https://winchestersun.com/2026/09/02/winchester-enacts-one-year-data-center-moratorium-amid-regional-wave-ofrestrictions/,ky-nicholasville-2026,true,true,2026-09-23,
nm-ky-oldham-county-fiscal-court-2025,county,Oldham County Fiscal Court,KY,21185,,38.40477,-85.47683,temporary moratorium,data center,extended,2025-06-26,,150,true,"After the January 2026 remand, the Planning & Zoning Commission's revised regulations reached the Fiscal Court as KOC 26-920-5, with first reading 2026-06-29 and second reading calendared…",https://irp.cdn-website.com/fd0fc3bd/files/uploaded/Agenda+DRAFT+062926.pdf|https://irp.cdn-website.com/fd0fc3bd/files/uploaded/Agenda+071426-7f967445.pdf|https://irp.cdn-website.com/fd0fc3bd/files/uploaded/Agenda+DRAFT+072126.pdf|https://www.wave3.com/2026/08/19/oldham-county-data-center-moratorium-remains-place/|https://www.pmg-ky1.com/oldham_era/news/court-proposes-new-more-restrictive-data-center-regulations/article_1bd64cb4-248f-5ec4-810d-30c73876cd24.html|https://www.wkyt.com/2026/03/26/leaders-rework-proposed-zoning-regulations-fight-over-data-centers-continues-oldham-co/|https://www.pmg-ky1.com/oldham_era/news/p-z-sends-revised-data-center-regulations-to-fiscal-court/article_9f7dc88d-b0bd-5af9-8b1d-2777c748ee73.html|https://www.lpm.org/news/2025-07-02/oldham-county-passes-sweeping-data-center-moratorium-executive-fired-over-recording,ky-oldham-county-fiscal-court-2025,true,true,2026-09-23,
nm-ky-rowan-county-2026,county,Rowan County,KY,21205,,38.18226,-83.40391,temporary moratorium,data center,active,2026-08,,730,false,Two-year moratorium on large-scale data centers approved by the Fiscal Court.,https://www.wtvq.com/rowan-county-approves-two-year-data-center-moratorium-ahead-of-potential-projects/,ky-rowan-county-2026,true,true,2026-09-23,
nm-ky-scott-county-2026,county,Scott County,KY,21209,,38.27764,-84.58161,temporary moratorium,data center,extended,2026-03-13,2027-03-31,,true,Fiscal Court extended its data center moratorium to March 2027 while the joint planning commission drafts regulations.,https://www.wkyt.com/2026/09/25/scott-county-extends-data-center-moratorium-until-march/|https://www.news-graphic.com/news/six-month-halt-on-potential-data-centers/article_4e78b630-fee8-4a86-99ac-abe6228e3fa2.html|https://www.wkyt.com/2026/09/18/scott-county-leaders-weigh-draft-data-center-ordinance/|https://www.wkyt.com/2026/07/14/georgetown-city-council-backs-data-center-moratorium/|https://inforadar.ca/what-a-u-s-georgetown-s-data-centre-debate-could-mean-for-georgetown,ky-scott-county-2026,true,false,2026-10-07,
nm-ky-shelby-county-2026,county,Shelby County,KY,21211,,38.22156,-85.21113,temporary moratorium,data center; exemptions noted,active,2026-07-21,,,false,"Ordinance introduced to impose a temporary moratorium on new large-scale data-center consideration through Dec. 31, 2026 while Planning and Zoning studies infrastructure, water, and zoning impacts.",https://www.pmg-ky1.com/sentinel_news/news/county-places-moratorium-on-large-scale-data-centers/article_57c61d9f-0761-5c77-880f-75fecac264d9.html,ky-shelby-county-2026,true,false,2026-09-23,
nm-ky-versailles-2026,city,Versailles,KY,21239,2179482,38.05258,-84.72995,temporary moratorium,data center,active,2026-06-16,2026-12-31,,false,Adopted; moratorium runs through 2026-12-31.,https://versailles.klc.org/assets/files/uploads/_20260617085024865_2a3d85c8c141417297619b95f1fa99ce.pdf|https://www.kentucky.com/news/local/counties/woodford-county/article317184298.html|https://www.wkyt.com/2026/09/11/woodford-county-bans-data-centers-countywide/|https://www.wkyt.com/2026/09/11/woodford-county-fiscal-court-approves-ban-data-center-development/|https://versailles.klc.org/Blog/146/city-council-passes-data-center-moratorium,ky-versailles-2026,false,false,2026-09-23,
nm-ky-winchester-2026,city,Winchester,KY,21049,2183676,37.99008,-84.17965,temporary moratorium,data center,active,2026-09-01,2027-09-01,365,false,"One-year moratorium adopted unanimously by roll call (Commissioners Chenault, Strode, Toole), directing the Planning Commission and staff to review zoning ordinances related to data centers.",https://winchestersun.com/2026/09/02/winchester-enacts-one-year-data-center-moratorium-amid-regional-wave-ofrestrictions/,ky-winchester-2026,false,false,2026-09-23,
nm-la-new-orleans-2026,city,New Orleans,LA,22071,2255000,29.95614,-90.07339,temporary moratorium,data center,active,2026-01-28,2027-01-28,365,false,"Pending permanent CZO recommendations on definitions, use permissions, district limits, density requirements, soundproofing, safety measures, and quality-of-life standards",https://cityofno.granicus.com/MinutesViewer.php?view_id=2&clip_id=5375&doc_id=c3268145-4b0d-11f1-9b4d-005056a89546|https://cityofno.granicus.com/MetaViewer.php?view_id=2&clip_id=5375&meta_id=787586|https://cityofno.granicus.com/MetaViewer.php?event_id=24823&meta_id=774936&view_id=2|https://cityofno.granicus.com/MetaViewer.php?event_id=24823&meta_id=774938&view_id=2|https://www.nola.com/news/politics/vote-on-data-center-rules-postponed-at-city-planning-commission/article_397c356a-1419-46bb-aff6-b2cfbf2e0799.html|https://www.axios.com/local/new-orleans/2026/08/25/new-orleans-data-centers-legality-new-law,la-new-orleans-2026,false,false,2026-09-23,
nm-ma-agawam-2026,city,Agawam,MA,25013,2500840,42.06886,-72.61516,temporary moratorium,data center,active,2026-09-08,2027-06-05,270,false,Preliminary ordinance to be drafted this fall with a further public hearing,https://thereminder.com/local-news/agawam-city-council-halts-data-centers-outlaws-crypto-atms/,ma-agawam-2026,false,false,2026-09-23,
nm-ma-everett-2026,city,"Everett (restriction proposal, not moratorium)",MA,25017,2521990,42.40859,-71.05420,temporary moratorium,data center,active,2026-06-22,,,false,"Adopted as a standing city ordinance amendment to Section 37 (not a moratorium -- no fixed sunset); restricts, rather than bans, data center development within the Docklands Innovation District.",https://hoodline.com/2026/08/massachusetts-ballot-push-would-let-towns-veto-data-centers-by-2-3-vote/|https://advocatenews.net/everett/news/city-council-approves-limits-on-data-centers-in-innovation-district/,ma-everett-2026,false,false,2026-09-23,
nm-ma-gill-2026,town,Gill,MA,25011,2501125730,42.64120,-72.49934,temporary moratorium,data center+battery storage,active,2026-05-04,2027-05-03,365,false,"Adopted unanimously at the May 4, 2026 Annual Town Meeting. The Planning Board is now studying BESS and Data Center regulations for consideration at a future Town Meeting (per the Sept. 17, 2026…",https://gillmass.org/d/43939/Planning-Board-Meeting|https://gillmass.org/files/BESS_and_Data_Centers_Bylaw_4-16-2026.pdf|https://gillmass.org/files/2026-0504_ATM_Warrant.pdf|https://gillmass.org/files/GillNews_2026_2SUMMER.pdf|https://gillmass.org/f/0/58/Town-Meetings|https://recorder.com/2026/05/05/gill-voters-approve-school-roof/,ma-gill-2026,false,false,2026-09-23,
nm-ma-greenfield-2026,city,Greenfield,MA,25011,2527060,42.58763,-72.60021,temporary moratorium,data center,active,2026-09-16,2027-09-16,365,false,"Greenfield City Council adopted a one-year moratorium on data center development, directing the Planning Board to study zoning, infrastructure, and environmental impacts and report back before any…",https://recorder.com/2026/09/17/greenfield-data-centers-moratorium-adopted/|https://recorder.com/2026/09/09/greenfield-city-council-to-consider-data-center-moratorium-following-governors-order/,ma-greenfield-2026,false,false,2026-09-23,
nm-ma-heath-2026,town,"Heath (proposal, not enacted as of 2026-04-29)",MA,25011,2501129650,42.67368,-72.82227,temporary moratorium,battery storage+data center,pending,,,365,false,"Proposal did not reach a Town Meeting vote; it was withdrawn before the final Annual Town Meeting warrant was set. The Planning Board continued discussing a possible BESS-only moratorium, or…",https://townofheath.org/files/PB_Agenda_04-01-2026.pdf|https://townofheath.org/files/PB_Agenda_05_06_2026.pdf|https://townofheath.org/g/43/Planning-Board|https://townofheath.org/files/FINAL_SIGNED_2026_ATM-ATE_WARRANT-rotated.pdf|https://recorder.com/2026/05/11/heath-voters-support-school-budget/,ma-heath-2026,false,true,2026-09-23,
nm-ma-leominster-undated,city,Leominster,MA,25027,2535075,42.52674,-71.76149,temporary moratorium,data center+battery storage,active,2026-09-28,2027-07-31,,false,City council voted 8-0 for temporary moratoriums on data centers and battery storage through 2027-07-31; two approved battery projects unaffected.,https://www.yahoo.com/news/us/articles/leominster-puts-pause-battery-data-135858401.html|https://newslinklive.com/2026/09/22/leominster-city-council-delays-data-center-moratorium-vote-as-residents-raise-concerns-about-ai-and-the-environment/|https://www.masslive.com/centralmass/2026/07/central-mass-city-takes-steps-to-pause-data-centers-battery-storage-sites.html,ma-leominster-undated,true,false,2026-10-07,
nm-ma-lowell-2026,city,Lowell,MA,25017,2537000,42.64144,-71.30853,temporary moratorium,"data center; 40 MW; >352,000 sq ft",active,2026-03-10,2027-03-05,360,false,City staff must study impacts and draft zoning recommendations; staff must also consider enforcement policies and a community benefit agreement requirement.,https://www.markleygroup.com/data-center|https://inflect.com/building/2-prince-avenue-lowell/markley/datacenter/markley-lowell|https://insidelowell.com/markley-back-for-more-fuel-storage-approval/|https://www.wgbh.org/news/local/2026-08-11/court-orders-pause-lowell-data-center-expansion,ma-lowell-2026,false,false,2026-09-23,
nm-ma-malden-2026,city,Malden,MA,25017,2537875,42.42685,-71.06837,temporary moratorium,data center,active,2026-05-05,,365,false,One-year moratorium on data centers adopted unanimously by the City Council.,https://neighborhoodview.org/2026/05/09/malden-hits-pause-on-data-centers-advances-commercial-st-zoning-revamp/,ma-malden-2026,false,true,2026-07-31,
nm-ma-northampton-undated,city,Northampton,MA,25015,2546330,42.31790,-72.63110,temporary moratorium,data center,pending,,,,false,Not yet decided,https://gazettenet.com/2026/09/08/northampton-to-hold-public-hearing-on-year-long-ai-data-center-moratorium/,ma-northampton-undated,true,true,2026-09-23,
nm-ma-plymouth-undated,town,Plymouth,MA,25023,2554275,41.95229,-70.66660,temporary moratorium,data center,pending,,,365,false,Awaiting Fall Town Meeting vote,https://www.southshore.news/p/plymouth-select-board-backs-one-year,ma-plymouth-undated,true,true,2026-09-23,
nm-ma-shutesbury-2025,town,Shutesbury,MA,25011,2501161905,42.45215,-72.40980,temporary moratorium,data center,expired,2025-09-30,,,false,"Moratorium adopted with data centers listed as prohibited in all four zoning districts (RR, FC, TC, LW); Planning Board anticipated a full bylaw amendment for spring 2026 Town Meeting.",https://shutesbury.org/sites/default/files/minutes/town-meeting/260509-atm-mins-final.pdf|https://www.shutesbury.org/zoning-bylaw-maps-and-amendments,ma-shutesbury-2025,false,false,2026-07-31,
nm-ma-southbridge-undated,town,Southbridge,MA,25027,2563345,42.07505,-72.03374,temporary moratorium,data center,pending,,,,false,Awaiting Planning Board recommendation and Council readings,https://www.thetownminute.com/p/southbridge-sends-data-center-moratorium-to-planning-board-but-it-is-not-yet-in-effect|https://www.thetownminute.com/p/southbridge-residents-press-for-data-center-moratorium-as-town-weighs-new-safeguards,ma-southbridge-undated,true,true,2026-09-23,
nm-ma-westfield-2026,city,Westfield,MA,25013,2576030,42.12054,-72.74892,temporary moratorium,data center,active,2026-07-06,2027-07-06,365,false,Active as of 2026-07-31; one-year moratorium effective through 2027-07-06.,https://www.wraft.org/uploads/1/4/4/7/144787018/ordin_1805_moratorium_on_data_centers.pdf|https://www.cityofwestfield.org/AgendaCenter/ViewFile/Agenda/_07062026-8585|https://www.masslive.com/westfieldnews/2026/02/city-council-passes-first-reading-on-bess-moratorium.html|https://www.masslive.com/westfieldnews/2026/01/westfield-planning-board-recommends-bess-moratorium.html,ma-westfield-2026,false,false,2026-09-23,
nm-md-anne-arundel-county-undated,county,Anne Arundel County,MD,24003,,38.97226,-76.57345,temporary moratorium,data center,active,2026-10-05,2028-01-31,,false,"County Council voted 7-0 for amended Bill 63-26, pausing new data center development until 2028-01-31 or adoption of comprehensive rules; projects in process may continue.",https://www.wmar2news.com/news/region/anne-arundel-county/anne-arundel-county-approves-moratorium-on-new-data-centers-through-2028|https://www.aacounty.org/county-council/legislation|https://www.govtech.com/policy/maryland-county-downgrades-potential-data-center-ban-to-pause|https://www.thebanner.com/politics-power/local-government/data-center-moratorium-ban-energy-water-defense-P2VUK3R45VH6XP5XY4AYFXXM3M/,md-anne-arundel-county-undated,true,false,2026-10-07,
nm-md-baltimore-city-2026,city,Baltimore City,MD,24510,2404000,39.32597,-76.59676,temporary moratorium,data center; 10 MW,active,2026-05-11,2027-07-16,365,false,"Signed into law as Ordinance 26-128 on 2026-06-16 (effective 2026-07-16 through 2027-07-16). The Department of Planning's required impact study is due within 9 months of enactment. Separately,…",https://codes.baltimorecity.gov/us/md/cities/baltimore/ordinances/2026/enacted/26-128.pdf|https://technical.ly/civics/baltimore-pauses-data-centers-to-study-grid-impacts/|https://www.cbsnews.com/baltimore/news/baltimore-city-data-center-bill-backlash-activists-red-flag/|https://contextnewsletter.substack.com/p/policies-against-data-center-expansions,md-baltimore-city-2026,false,false,2026-09-23,
nm-md-baltimore-county-2026,county,Baltimore County,MD,24005,,39.44452,-76.64835,temporary moratorium,data center,extended,2026-02-02,2027-12-31,,true,"The Planning Board approved its 51-page Data Center Study Report on 2026-09-17, ahead of its 2026-10-01 deadline, after a standing-room-only public hearing on 2026-09-03. Rather than let the…",https://countycouncilweb.s3.amazonaws.com/Bills%202026/b07926.pdf|https://countycouncil.baltimorecountymd.gov/pending-legislation/|https://www.baltimorecountymd.gov/departments/planning/data-center-study|https://www.wypr.org/wypr-news/2026-09-22/data-center-moratorium-extended-in-baltimore-county|https://www.cbsnews.com/baltimore/news/baltimore-county-vote-data-center-moratorium/|https://contextnewsletter.substack.com/p/policies-against-data-center-expansions,md-baltimore-county-2026,false,false,2026-09-23,
nm-md-calvert-county-2026,county,Calvert County,MD,24009,,38.52885,-76.53776,temporary moratorium,data center,active,2026-08-18,2027-02-14,180,false,The Board of County Commissioners is expected to discuss potential Calvert County Zoning Ordinance amendments addressing data centers as a permitted use at a future meeting; the ordinance…,https://calvertcountymd.gov/DocumentCenter/View/57292/Draft-Ordinance---Adoption-of-a-Temporary-Moratorium-on-Data-Center-Approvals|https://www.calvertcountymd.gov/3880/Data-Centers|https://www.calvertcountymd.gov/CivicAlerts.aspx?AID=3201,md-calvert-county-2026,false,false,2026-09-23,
nm-md-caroline-county-2026,county,Caroline County,MD,24011,,38.85506,-75.82474,temporary moratorium,data center,active,2026-07-21,2027-07-21,365,false,"Passed the same week a data center was publicly proposed in the incorporated town of Federalsburg, which is outside the county's zoning jurisdiction and adopted (and later replaced) its own separate…",https://www.carolinemd.org/DocumentCenter/View/12232/DATA-CENTER-MORATORIUM-RESOLUTION-6-012|https://www.wboc.com/news/caroline-county-commissioners-approve-a-one-year-moratorium-on-new-data-centers/article_e2b4c188-c810-4704-a33a-d95e0e029f28.html,md-caroline-county-2026,false,false,2026-09-23,
nm-md-carroll-county-2026,county,Carroll County,MD,24013,,39.56854,-77.02671,temporary moratorium,data center,active,2026-02-19,2027-02-19,365,false,"The county has not yet adopted a permitted-use table entry, district list, or dimensional standard for data processing centers separate from this deferral, which functions as a placeholder while the…",https://cityrulelookup.com/data-centers/moratoriums/carroll-county-md|https://content.govdelivery.com/accounts/MDCARROLL/bulletins/406a0b6|https://www.baltimoresun.com/2026/01/16/carroll-data-center-deferral/,md-carroll-county-2026,false,false,2026-09-23,
nm-md-dorchester-county-2026,county,Dorchester County,MD,24019,,38.39307,-76.09957,temporary moratorium,data center,active,2026-08-04,2027-08-04,365,false,"The county also engaged a lobbying firm (R&R Solutions) around the same time to help secure state funding and facilitate meetings on infrastructure priorities, including data-center-related issues.",https://www.linkedin.com/posts/dorchestercountymd_public-notice-notice-is-hereby-given-that-activity-7490860257850658817-jeGm|https://www.stardem.com/news/dorchester/dorchester-county-approves-1-year-moratorium-on-data-centers/article_b7f5a98b-70e2-4b20-9df2-3c4f64df19bc.html,md-dorchester-county-2026,false,false,2026-09-23,
nm-md-federalsburg-2026,town,Federalsburg,MD,24011,2427900,38.69403,-75.77311,temporary moratorium,data center,replaced,2026-08-03,2029-08-02,1095,false,"Federalsburg became the first Eastern Shore jurisdiction, and the second Maryland jurisdiction after Harford County, to permanently ban data centers. The Town Council is separately considering an…",https://www.stardem.com/news/caroline/federalsburg-approves-3-year-moratorium-on-data-centers/article_4a7def84-f11b-4da0-b5c5-c3743796beec.html|https://www.wboc.com/news/federalsburg-becomes-first-eastern-shore-community-to-ban-data-centers/article_0c14f915-9216-4882-8efa-ceaeb920de1a.html|https://www.stardem.com/news/data_centers/federalsburg-becomes-first-eastern-shore-jurisdiction-to-ban-data-centers/article_9fc667e4-1fda-46e3-9b80-4e18741abb69.html,md-federalsburg-2026,false,false,2026-09-23,
nm-md-frederick-county-2026,county,Frederick County,MD,24021,,39.46085,-77.41181,executive order,data center,extended,2026-07-01,2027-07-01,,true,Pause intended to allow community engagement and to await the State's forthcoming data-center impact report before further zoning action.,https://www.frederickcountymd.gov/ArchiveCenter/ViewFile/Item/17236|https://frederickcountymd.gov/9310/Data-Centers|https://www.frederickcountymd.gov/CivicAlerts.aspx?AID=5845|https://frederickpulse.com/county-executive-rejects-community-benefits-agreement/,md-frederick-county-2026,false,false,2026-09-23,
nm-md-howard-county-2026,county,Howard County,MD,24027,,39.23053,-76.91662,temporary moratorium,data center,active,2026-06-01,2027-11-02,,false,"County Council passed CB31-2026 as amended on 2026-06-01; County Executive Calvin Ball signed it 2026-06-04; it took effect 2026-08-04 and, unless superseded by earlier zoning legislation, remains…",https://apps.howardcountymd.gov/olis/api/Documents/LegislationDocument/45424|https://cc.howardcountymd.gov/ongoing-efforts/commissions-task-forces-and-special-reports/smart-strategic-moratorium-assessing|https://apps.howardcountymd.gov/olis/LegislationDetail/15036/CB31-2026|https://111things.com/local-headlines/howard-county-data-center-pause-takes-effect-aug-4-what-it-means-for-fulton/|https://www.cbsnews.com/baltimore/news/maryland-data-center-ban-moratorium-development-regulations/|https://www.businesstimesjournal.com/article/924771901-howard-county-government-seeks-applicants-for-newly-formed-data-center-task-force,md-howard-county-2026,false,false,2026-09-23,
nm-md-hurlock-2026,town,Hurlock,MD,24019,2441125,38.63469,-75.86373,temporary moratorium,data center,active,2026-08-10,2029-08-09,1095,false,"Among the longest municipal pauses identified on the Eastern Shore, matching Federalsburg's original three-year moratorium (which was itself superseded before its term by a permanent ban).",https://www.stardem.com/news/dorchester/hurlock-imposes-three-year-data-center-moratorium/article_17b44c41-6bd8-47c0-95f1-bd51bdb8b22c.html,md-hurlock-2026,true,false,2026-09-23,
nm-md-montgomery-county-2026,county,Montgomery County,MD,24031,,39.14063,-77.20756,temporary moratorium,data center,active,2026-07-28,2028-01-27,548,false,Council intends to use the 18-month period to develop comprehensive data-center development guidelines in coordination with state officials.,https://www.montgomerycountymd.gov/news/council-approves-18-month-data-center-moratorium-places-limitations-data-center-development,md-montgomery-county-2026,false,false,2026-07-31,
nm-md-pocomoke-city-undated,city,Pocomoke City,MD,24047,2462475,38.07568,-75.56798,temporary moratorium,data center,pending,,,,false,"Pocomoke City maintains its own board of zoning separate from Worcester County (in which it sits), prompting city officials to pursue a separate local measure rather than relying on the county's…",https://www.wmdt.com/2026/09/pocomoke-city-introduced-potential-moratorium-on-data-centers/,md-pocomoke-city-undated,true,true,2026-09-23,
nm-md-prince-george-s-county-2025,county,Prince George's County,MD,24033,,38.80393,-76.85187,executive order,data center,extended,2025-09-16,2028-07-07,180,true,"As of 2026-07-31, no comprehensive data-center zoning ordinance has been enacted. Instead, the Council extended the temporary pause via CR-066-2026 (2026-07-07, two years). A competing zoning…",https://princegeorgescountymd.legistar.com/LegislationDetail.aspx?ID=8122087&GUID=4DA0E757-A8B6-4BFD-A7E5-E83AD62A0B1F&Options=ID%7CText%7C&Search=|https://www.thebanner.com/politics-power/local-government/prince-georges-county-council-data-center-moratorium-CKGTDP5ZNFBFRNF3NGTTA5UARI/|https://wjla.com/news/local/prince-georges-county-data-center-moratorium-legislation-lawmakers-council-chair-member-krystal-oriadha-aisha-braveboy|https://dbknews.com/2026/09/17/data-centers-prince-georges-county/|https://www.nbcwashington.com/news/local/prince-georges-county/zoning-legislation-puts-prince-georges-data-center-moratorium-in-question/4132791/,md-prince-george-s-county-2025,false,false,2026-09-23,
nm-md-queen-anne-s-county-2026,county,Queen Anne's County,MD,24035,,39.02733,-76.06169,temporary moratorium,data center,active,2026-06-04,2027-06-04,365,false,"Not intended to permanently prohibit data center development; the County is using the period to conduct studies, engage residents/stakeholders, and consider Zoning Ordinance updates.",http://www.qac.org/m/newsflash/Home/Detail/3243|https://www.qac.org/DocumentCenter/View/25716/Resolution-26-07-Moratorium-for-Data-Centers|https://www.cbsnews.com/baltimore/news/maryland-data-center-ban-moratorium-development-regulations/,md-queen-anne-s-county-2026,false,false,2026-09-23,
nm-md-ridgely-2026,town,Ridgely,MD,24011,2466000,38.94807,-75.88487,temporary moratorium,data center,active,2026-08,,365,false,Adopted,,md-ridgely-2026,false,true,2026-09-23,
nm-md-salisbury-undated,city,Salisbury,MD,24045,2469925,38.36603,-75.60100,temporary moratorium,data center,pending,,,,false,Recommended; council vote pending,,md-salisbury-undated,true,true,2026-09-23,
nm-md-somerset-county-undated,county,Somerset County,MD,24039,,38.06308,-75.87459,temporary moratorium,data center,pending,,,,false,Recommended; outcome not confirmed,,md-somerset-county-undated,true,true,2026-09-23,
nm-md-talbot-county-2026,county,Talbot County,MD,24041,,38.75421,-76.19198,temporary moratorium,data center,active,2026-09-08,2027-09-08,365,false,Adopted unanimously following a public hearing at the Council's 2026-09-08 regular meeting; the County Council may extend the moratorium for up to two additional six-month periods if needed.,https://talbotcountymd.gov/uploads/File/Council_2022/Resolutions/Res.%20395%20(Temporary%20Moratorium%20on%20Data%20Centers).pdf|https://www.talbotcountymd.gov/press-releases/talbot-county-council-meeting-highlights-september-8-2026,md-talbot-county-2026,false,false,2026-09-23,
nm-md-washington-county-2026,county,Washington County,MD,24043,,39.58935,-77.71025,temporary moratorium,data center,active,2026-06-30,2027-06-30,365,false,"Board of County Commissioners approved Ordinance ORD-2026-12, a 12-month moratorium",https://www.washco-md.net/wp-content/uploads/ORD-2026-12.pdf|https://www.washco-md.net/wp-content/uploads/06302026-Open-Agenda-PACKET.pdf|https://www.washco-md.net/county-attorney/res-ord/,md-washington-county-2026,false,false,2026-07-31,
nm-md-wicomico-county-2026,county,Wicomico County,MD,24045,,38.38887,-75.63574,temporary moratorium,data center,active,2026-08-04,2027-08-04,365,false,"County officials say they have been advised that an outright ban could invite costly legal challenges, so the county is instead pursuing siting requirements, environmental regulations, and permitted…",https://www.wicomicocounty.org/AgendaCenter/ViewFile/Agenda/_08042026-1587|https://www.wicomicocounty.org/Archive/ViewFile/Item/6405|https://www.delmarvapublicmedia.org/local-news/2026-08-12/data-centers-pose-myriad-of-issues-for-wicomico-county,md-wicomico-county-2026,false,false,2026-09-23,
nm-md-worcester-county-2026,county,Worcester County,MD,24047,,38.22312,-75.33195,temporary moratorium,data center,active,2026-07-21,2027-07-21,365,false,"Board of County Commissioners formally adopted Resolution No. 26-18 on 2026-07-21, establishing the one-year moratorium; staff are directed to develop comprehensive zoning regulations governing the…",https://worcestermd.gov/sites/default/files/2026-07/2026.07.07%20OPEN%20Public_0.pdf|https://worcestermd.gov/minutes?field_meeting_type_value=Commissioner+Meeting|https://worcestermd.gov/news/worcester-county-enacts-moratorium-data-centers-and-cable-landing-stations-while-new|https://www.wboc.com/news/worcester-county-approves-one-year-moratorium-on-data-centers-cable-landings/article_809ad634-6f4f-48d6-bb07-a7e6febcde31.html|https://btw.media/en/fastnet-ocean-city-pfe-zoning-permit-chain,md-worcester-county-2026,false,false,2026-09-23,
nm-me-bangor-2026,city,Bangor,ME,23019,2302795,44.83021,-68.78546,temporary moratorium,data center+crypto mining,extended,2026-04-13,2027-03-27,,true,Council voted 8-0 on 2026-09-28 to extend the data center moratorium by another 180 days; new end date not published.,https://www.bangormaine.gov/AgendaCenter/ViewFile/Agenda/_09282026-931|https://www.bangormaine.gov/AgendaCenter/ViewFile/Agenda/_09142026-914|https://www.wabi.tv/2026/09/29/bangor-city-council-votes-extend-data-center-moratorium/,me-bangor-2026,true,false,2026-10-07,
nm-me-bethel-undated,town,Bethel,ME,23017,2304790,44.40593,-70.79007,temporary moratorium,data center,pending,,,,false,Proposed 180-day moratorium; public hearing scheduled for 2026-09-30; not yet adopted.,https://bethelmaine.org/news/public-hearing-on-september-30-2026|https://www.sunjournal.com/2026/09/22/bethel-woodstock-mulling-data-center-moratoriums/|https://www.bangordailynews.com/2026/08/17/politics/state-politics/small-maine-towns-weighing-data-center-bans-joam40zk0w/,me-bethel-undated,false,true,2026-09-23,
nm-me-brunswick-2026,town,Brunswick,ME,23005,2308395,43.91665,-69.96594,temporary moratorium,data center; 1 MW,active,2026-06-01,2026-11-28,180,false,"180-day moratorium on new, enlarged, or expanded data centers of 1 MW or greater electrical capacity",https://www.brunswickme.gov/AgendaCenter/ViewFile/Item/4141?fileID=36727,me-brunswick-2026,false,false,2026-07-31,
nm-me-dixfield-2026,town,Dixfield,ME,23017,2317705,44.53127,-70.45696,temporary moratorium,data center,active,2026-09-14,2027-03-13,180,false,180-day moratorium adopted by direct town-meeting vote to allow the planning board to study data centers and develop a future ordinance.,https://www.sunjournal.com/2026/09/15/dixfield-oks-180-day-moratorium-on-data-centers/,me-dixfield-2026,false,false,2026-09-23,
nm-me-dover-foxcroft-undated,town,Dover-Foxcroft,ME,23021,2318230,45.18349,-69.22760,temporary moratorium,data center,active,2026-09-28,2027-03-27,180,false,"Select Board adopted a 180-day moratorium on facilities primarily storing or processing digital data, including server farms, crypto mining and AI facilities.",https://observer-me.com/2026/09/30/featured/dover-foxcroft-temporarily-pauses-data-centers/|https://www.bangordailynews.com/2026/09/21/politics/state-politics/dover-foxcroft-data-center-ban-joam40zk0w/,me-dover-foxcroft-undated,true,false,2026-10-07,
nm-me-eastport-2026,city,Eastport,ME,23029,2321730,44.90504,-66.98464,temporary moratorium,data center,replaced,2026-08-12,2027-02-08,180,false,180-day moratorium adopted specifically to halt the DeepGreen underwater data center proposal while the city reviews citizen-initiated ordinances that would permanently restrict or require voter…,https://www.wabi.tv/2026/08/14/eastport-council-unanimously-adopts-moratorium-deepgreen-underwater-data-center-proposal/,me-eastport-2026,false,false,2026-09-23,
nm-me-ellsworth-2026,city,Ellsworth,ME,23009,2323200,44.54146,-68.42436,temporary moratorium,data center,active,2026-08-17,2027-02-13,180,false,Temporary 180-day moratorium ordinance adopted to give the Planning Board and City staff time to study data centers and develop recommendations for permanent regulation.,https://www.ellsworthmaine.gov/wp-content/uploads/2026/08/August-Packet.pdf|https://savrn.com/data-center-moratorium-tracker/maine|https://www.bangordailynews.com/2026/08/13/hancock/hancock-government/ellsworth-temporary-ban-data-centers-joam40zk0w/,me-ellsworth-2026,false,false,2026-09-23,
nm-me-gorham-2026,town,Gorham,ME,23005,2328205,43.67973,-70.44296,temporary moratorium,data center,active,2026-06-02,2026-11-29,180,false,180-day moratorium on data center proposals adopted 2026-06-02; on 2026-09-01 the Town Council directed the Planning Board to hold a public hearing on making the data-center ban permanent through a…,https://www.pressherald.com/2026/06/03/gorham-approves-data-center-moratorium/|https://www.pressherald.com/2026/09/03/gorham-weighing-action-on-ice-cooperation-data-centers-and-ai-cameras/|https://www.thecooldown.com/green-tech/gorham-data-center-moratorium-development/|https://www.gorhamtimes.com/pdfs/2026_pdf/GorhamTimes_06182026_FINAL_WEB.pdf|https://www.pressherald.com/2026/06/04/gorham-approves-data-center-moratorium/,me-gorham-2026,true,false,2026-09-23,
nm-me-gray-2026,town,Gray,ME,23005,2328835,43.88609,-70.33036,temporary moratorium,data center,active,2026-08-18,2027-02-14,180,false,Temporary 180-day moratorium ordinance adopted to give the Town Council time to develop zoning standards and regulations for data centers.,https://www.graymaine.org/DocumentCenter/View/1435|https://www.pressherald.com/2026/08/06/gray-joins-growing-list-of-towns-with-data-center-moratoriums/,me-gray-2026,false,false,2026-09-23,
nm-me-peru-undated,town,Peru,ME,23017,2301758270,44.52652,-70.46388,temporary moratorium,data center,pending,,,,false,Proposed moratorium placed on the November 2026 town ballot; not yet adopted.,https://www.sunjournal.com/2026/09/22/peru-to-vote-on-data-center-moratorium-in-november/,me-peru-undated,false,true,2026-09-23,
nm-me-sanford-2026,city,Sanford,ME,23031,2365725,43.43872,-70.77462,temporary moratorium,data center,extended,2026-05-19,2027-01-31,91,true,Emergency moratorium halting a specific pending data-center project,https://www.pressherald.com/2026/05/19/sanford-imposes-emergency-data-center-moratorium-halting-mousam-river-project/|https://www.pressherald.com/2026/08/05/sanford-extends-data-center-moratorium-for-180-days/|https://www.wmtw.com/article/sanford-maine-data-center-moratorium-extended-180-days/73358794|https://news.google.com/rss/search?q=Sanford+Maine+data+center+moratorium|https://prismnews.com/local/sagadahoc-me/brunswick-approves-180-day-moratorium-on-new-data-centers,me-sanford-2026,true,false,2026-09-23,
nm-me-scarborough-2026,town,Scarborough,ME,23005,2300566145,43.58951,-70.33455,temporary moratorium,data center,active,2026-06-03,2026-11-30,180,false,"180-day moratorium on data center siting, permitting, construction, or operation",https://scarboroughmaine.community.diligentoneplatform.com/document/686e0a56-2a49-42e2-baa3-3cfd924b870d/|https://news.google.com/rss/search?q=Scarborough+Maine+data+center+moratorium+council+approves,me-scarborough-2026,false,false,2026-07-31,
nm-me-warren-2026,town,Warren,ME,23013,2301380215,44.12062,-69.24065,temporary moratorium,data center+battery storage,active,2026-07-08,2027-01-04,180,false,"180-day moratorium on data centers and accessory uses (including BESS, substations, cooling towers, and on-site generation accessory to a data center) adopted by town meeting vote to allow the town…",https://warrenmaine.org/vertical/sites/%7BD9FADE7C-8E80-4B50-BF17-C27AAF9FCBCB%7D/uploads/MORATORIUM_ORDINANCE_DATA_CTR_7_8_26.pdf|https://savrn.com/data-center-moratorium-tracker/maine,me-warren-2026,false,false,2026-09-23,
nm-me-westbrook-2026,city,Westbrook,ME,23005,2382105,43.67630,-70.36639,temporary moratorium,data center,active,2026-06-01,2026-11-28,180,false,180-day moratorium ordinance adopted 6-0,https://www.westbrookmaine.gov/AgendaCenter/ViewFile/Minutes/_06012026-1008,me-westbrook-2026,false,false,2026-07-31,
nm-mi-allen-park-2026,city,Allen Park,MI,26163,2601380,42.25951,-83.21077,temporary moratorium,data center; 26 MW,active,2026-06-09,2026-12-06,180,false,Council also tightened the noise-control ordinance,https://www.thenewsherald.com/2026/06/15/allen-park-imposes-data-center-moratorium/|https://www.downriversundaytimes.com/2026/06/11/allen-park-planning-commission-and-city-council-deter-data-center/,mi-allen-park-2026,false,false,2026-09-23,
nm-mi-allendale-township-2026,township,Allendale Township,MI,26139,2613901360,42.98279,-85.94981,temporary moratorium,data center+battery storage+solar+wind,active,2026-06-08,2027-06-08,365,false,"Township Board approved Ordinance 2026-07, pausing applications for data centers, battery storage, and large-scale solar and wind for one year or until permanent regulations are adopted",https://allendalemi.gov/wp-content/uploads/2026/06/6-8-2026-Board-Packet.pdf|https://allendalemi.gov/wp-content/uploads/2026/06/6-8-2026-Approved-Minutes.pdf,mi-allendale-township-2026,false,false,2026-07-31,
nm-mi-ann-arbor-charter-township-2026,township,Ann Arbor Charter Township,MI,26161,2616103020,42.33073,-83.71011,temporary moratorium,data center,active,2026-02-16,2027-02-16,365,false,"Subcommittee created to study data centers and review master plan, zoning and police-power ordinances; report expected in about nine months",https://www.wemu.org/wemu-news/2026-02-17/ann-arbor-township-passes-12-month-moratorium-on-data-centers,mi-ann-arbor-charter-township-2026,true,false,2026-09-23,
nm-mi-armada-township-undated,township,Armada Township,MI,26099,2609903540,42.85000,-82.92328,temporary moratorium,data center,extended,2026-01-14,2026-12-07,180,true,"Pending; Township Board, staff, and legal counsel continuing to study data center regulations during the extended moratorium period",https://www.myrecordnewspaper.com/?p=139937|https://armadatwp.gov/moratorium-on-the-building-of-data-centers-within-the-township-of-armada/|https://www.myrecordnewspaper.com/?p=139993,mi-armada-township-undated,false,false,2026-08-19,
nm-mi-big-rapids-charter-township-2026,township,Big Rapids Charter Township,MI,26107,2610708320,43.68475,-85.53335,temporary moratorium,data center,active,2026-02-23,2027-02-23,365,false,Township will study and potentially enact data center regulations; waiver process applies after extensions beyond 12 months,,mi-big-rapids-charter-township-2026,false,false,2026-04-29,
nm-mi-blendon-township-ottawa-county-2026,township,Blendon Township (Ottawa County),MI,26139,2613908940,42.89938,-85.96179,temporary moratorium,data center; 100 MW,active,2026-06-15,2027-06-15,365,true,Planner expects about six months to develop a draft data center ordinance,https://www.blendontownship-mi.gov/wp-content/uploads/2026/07/2026-6.15-Township-Board-Minutes-1.pdf|https://www.mlive.com/news/grand-rapids/2026/06/rural-ottawa-county-township-joins-long-list-of-governments-with-pauses-on-data-centers.html|https://www.hollander.news/article/a-moratorium-for-blendon-not-at-this-time,mi-blendon-township-ottawa-county-2026,false,false,2026-09-23,
nm-mi-bowne-township-kent-county-2026,township,Bowne Township (Kent County),MI,26081,2608109780,42.81788,-85.36947,temporary moratorium,data center,active,2026-02-23,2027-02-23,365,false,Township to study zoning for data centers,https://lowellledger.org/articles/news/bowne-township-approves-12-month-moratorium-on-data-centers/,mi-bowne-township-kent-county-2026,true,false,2026-09-23,
nm-mi-brandon-township-2026,township,Brandon Township,MI,26125,2612510040,42.83772,-83.39332,temporary moratorium,data center,extended,2026-05-04,2027-04-29,180,true,Planning commission drafting a data-center ordinance,https://brandontownship.us/wp-content/uploads/2026/05/Resolution-424-26-Moratorium-on-Data-Centers.pdf|https://thecitizenonline.com/articles/news/brandon-township-data-center-moratorium-extended-180-days/|https://thecitizenonline.com/articles/news/township-oks-temporary-data-center-moratorium/,mi-brandon-township-2026,false,false,2026-09-23,
nm-mi-bridgewater-township-2026,township,Bridgewater Township,MI,26161,2616110560,42.12449,-83.94825,temporary moratorium,data center,active,2026-03-05,2027-03-05,365,false,Planning Commission studying zoning amendments,https://twp-bridgewater.org/wp-content/uploads/2026/03/03052026_Board_Packet.pdf|https://www.mlive.com/news/ann-arbor/2026/03/data-center-influx-prompts-more-more-communities-near-ann-arbor-to-hit-pause.html,mi-bridgewater-township-2026,false,false,2026-09-23,
nm-mi-brighton-township-2026,township,Brighton Township,MI,26093,2609310640,42.56222,-83.73056,temporary moratorium,data center,active,2026-09-21,2027-03-20,180,false,Township Board to study and possibly revise its ordinances during the moratorium,https://www.brightontwp.com/AgendaCenter/ViewFile/Agenda/_09212026-2305|https://www.whmi.com/news/article/brighton-twp-adopts-moratorium-on-new-data-center-applications,mi-brighton-township-2026,false,false,2026-09-23,
nm-mi-bruce-township-undated,township,Bruce Township (Macomb County),MI,26099,2609911300,42.84663,-83.04154,temporary moratorium,data center,active,2025-12,,,false,"Pending; as the six-month moratorium neared expiration in May 2026, the Board approved a resolution adding new provisions to the township's data center ordinance rather than allowing the moratorium…","https://www.brucetwp.org/planning-commission/page/planning-commission-public-hearing-may-6-2026-0|https://nominatim.openstreetmap.org/search?q=Bruce+Township,+Macomb+County,+Michigan|https://brucetwpmi.documents-on-demand.com/|https://www.myrecordnewspaper.com/?p=139567|https://www.myrecordnewspaper.com/?tag=data-center|https://www.myrecordnewspaper.com/?p=136973|https://www.myrecordnewspaper.com/?p=138658|https://www.myrecordnewspaper.com/?p=136240",mi-bruce-township-undated,true,true,2026-09-23,
nm-mi-caledonia-township-undated,township,Caledonia Township,MI,26081,2608112500,42.81217,-85.48756,temporary moratorium,data center+cryptocurrency mining,extended,2026-02-04,2026-10-17,,true,"Board unanimously extended the moratorium through 2026-10-17; a second extension (to 2027-02-17 via zoning ordinance, and a Board resolution) was in process in September 2026 while a permanent data…",https://www.caledoniatownship.org/AgendaCenter/ViewFile/Agenda/_02182026-534|https://www.caledoniatownship.org/AgendaCenter/ViewFile/Minutes/_06032026-554|https://www.caledoniatownship.org/AgendaCenter/ViewFile/Agenda/_09162026-570|https://www.caledoniatownship.org/AgendaCenter/ViewFile/Agenda/_09212026-571|https://sunandnews.com/articles/news/cal-twp-board-temporarily-halts-applications-for-data-centers/|https://sunandnews.com/articles/news/caledonia-twp-extends-moratorium-on-data-center-proposals-through-the-summer/,mi-caledonia-township-undated,false,false,2026-09-23,
nm-mi-cascade-charter-township-kent-county-2026,township,Cascade Charter Township (Kent County),MI,26081,2608113660,42.91542,-85.50107,temporary moratorium,data center,expired,2026-03-11,2026-09-17,180,false,Staff and a board subcommittee studying master plan and zoning amendments; findings expected before the moratorium ends,https://www.cascadetwp.com/media/j5qndlfe/3112026-minutes-packet.pdf|https://www.cascadetwp.com/media/pzxnl0xj/signed-52726.pdf|https://cascadetwp.com/media/hd5nrwiq/52726-meeting-packet.pdf|https://www.mlive.com/news/grand-rapids/2026/03/grand-rapids-suburb-temporarily-blocks-data-center-proposals.html|https://www.grandrapidspresswire.com/news/cascade-township-halts-data-centers-as-water-contamination-fears-mount,mi-cascade-charter-township-kent-county-2026,false,false,2026-09-23,
nm-mi-cascade-charter-township-kent-county-2026-2,township,Cascade Charter Township (Kent County),MI,26081,2608113660,42.91542,-85.50107,temporary moratorium,data center+cryptocurrency mining,active,2026-05-27,2026-11-23,180,false,"Staff and a board subcommittee studying master plan and zoning amendments, to report before the moratorium ends.",https://www.cascadetwp.com/media/j5qndlfe/3112026-minutes-packet.pdf|https://www.cascadetwp.com/media/pzxnl0xj/signed-52726.pdf|https://cascadetwp.com/media/hd5nrwiq/52726-meeting-packet.pdf|https://www.mlive.com/news/grand-rapids/2026/03/grand-rapids-suburb-temporarily-blocks-data-center-proposals.html,mi-cascade-charter-township-kent-county-2026-2,false,false,2026-09-23,
nm-mi-casco-township-allegan-county-2026,township,Casco Township (Allegan County),MI,26005,2600513700,42.46305,-86.19219,temporary moratorium,battery storage+solar+data center,active,2026-04-20,2026-10-17,180,true,"Planning Commission reviewing solar, wind and battery storage ordinance language and a possible CREO",https://nebula.wsimg.com/58eef6ad2f5d926d4bd4263711a6b1ce?AccessKeyId=9C448DD09956C4684B98&disposition=0&alloworigin=1|https://nebula.wsimg.com/3ff53a0a96fe3f11765aaa8252b7626b?AccessKeyId=9C448DD09956C4684B98&disposition=0&alloworigin=1|https://www.cascotownship.info/home.html|https://www.cascotownshipnews.com/post/casco-planning-commission-explores-zoning-language-for-renewable-energy-during-moratorium-period,mi-casco-township-allegan-county-2026,false,false,2026-09-23,
nm-mi-chesaning-township-2026,township,Chesaning Township,MI,26145,2614515160,43.17156,-84.10969,temporary moratorium,data center,active,2026-05-07,2027-05-07,365,false,"Adopted; bars siting, construction, maintenance, and permitting of data centers for 12 months, extendable up to six more months",https://chesaningtwp.org/wp-content/uploads/2026/05/Data.Center.Ordinance.Moratorium.pdf,mi-chesaning-township-2026,false,false,2026-07-31,
nm-mi-chikaming-township-2026,township,Chikaming Township,MI,26021,2602115480,41.86379,-86.61409,temporary moratorium,data center,active,2026-06-16,2027-06-16,365,false,Planning Commission directed to study data centers and recommend zoning amendments,https://www.chikamingtownship.org/s/Ord-167.pdf|https://www.chikamingtownship.org/s/Ord-168.pdf|https://www.harborcountry-news.com/news/data-center-moratorium-ordinances-approved/article_49c82e4f-0414-5f5d-80b3-94ae5cd18e7b.html|https://www.harborcountry-news.com/news/one-year-data-center-moratorium-approved-in-chikaming/article_75cd5da5-8614-58d1-9a5a-1617cff0f477.html|https://www.heraldpalladium.com/communities/chikaming_township/chikaming-township-agrees-to-one-year-moratorium-on-data-centers/article_e0a81bc3-1e10-5594-abd0-9f149c4c786f.html,mi-chikaming-township-2026,false,false,2026-09-23,
nm-mi-city-of-flint-2026,city,City of Flint,MI,26049,2629000,43.05617,-83.67021,temporary moratorium,data center,active,2026-06-08,2027-06-08,365,false,City Council voted to pause data center approvals for one year,https://www.datacenterbans.com/state/michigan,mi-city-of-flint-2026,false,false,2026-07-31,
nm-mi-city-of-lapeer-2026,city,City of Lapeer,MI,26087,2646040,43.04188,-83.32309,temporary moratorium,data center,active,2026-04-20,2027-04-20,365,false,Planning Commission and staff directed to recommend zoning regulations permitting data centers with protections,https://cms4files.revize.com/lapeermi/Agenda/04-20-2026%20Agendapacket1.pdf?t=202604141453310&t=202604141453310|https://www.mlive.com/news/flint/2026/04/data-center-moratorium-puts-lapeer-in-step-with-other-mid-michigan-cities.html,mi-city-of-lapeer-2026,false,false,2026-09-23,
nm-mi-clark-township-2025,township,Clark Township,MI,26097,2609716060,45.99838,-84.36303,temporary moratorium,data center+cryptocurrency mining,expired,2025-06-24,2026-06-30,365,false,"Moratorium lapsed 2026-06-30; permanent data center regulations (not a ban) adopted by the Township Board 2026-07-15, pending legal review by the temporary township attorney",https://clarktwpmi.gov/wp-content/uploads/2026/04/FINAL-Agenda-for-April-15-2026-meeting.pdf|https://www.stignacenews.com/articles/clark-township-passes-ordinance-to-regulate-ai-facilities/|https://www.stignacenews.com/articles/clark-township-approves-crypto-mining-moratorium/|https://www.stignacenews.com/articles/clark-township-considers-ban-on-cryptocurrency-transactions/,mi-clark-township-2025,false,false,2026-09-23,
nm-mi-colfax-township-huron-county-2026,township,Colfax Township (Huron County),MI,26063,2606317140,43.80733,-83.07088,temporary moratorium,data center,active,2026-03-18,2027-03-18,365,false,Master plan and data center regulations in development,https://thumbnetnews.com/colfax-township-data-center-moratorium-2026/,mi-colfax-township-huron-county-2026,true,false,2026-09-23,
nm-mi-comstock-charter-township-2026,township,Comstock Charter Township,MI,26077,2607717680,42.28885,-85.47993,temporary moratorium,data center,active,2026-03-16,2027-03-16,365,false,Township studying data center regulations,https://comstockmi.gov/wp-content/uploads/2026/03/Ordinance-565-Data-Center-Moratorium-Regulatory-Ordinance.pdf|https://comstockmi.gov/wp-content/uploads/2026/03/Ordinance-566-Solar-and-Wind-Moratorium-Regulatory-Ordinance.pdf,mi-comstock-charter-township-2026,false,false,2026-09-23,
nm-mi-dearborn-2026,city,Dearborn,MI,26163,2621000,42.32226,-83.17632,temporary moratorium,data center,active,2026-09-22,2027-03-21,180,false,"Applications received during the moratorium go to the legal department, and applicants must reapply once permanent standards are adopted",https://www.instagram.com/p/Ddm_1jIN9A3/|https://www.mlive.com/news/detroit/2026/09/dearborn-considers-6-month-pause-on-new-data-centers-amid-ai-boom.html|https://hoodline.com/2026/09/dearborn-moves-to-freeze-new-data-centers-as-ai-boom-sparks-regional-backlash/,mi-dearborn-2026,false,false,2026-09-23,
nm-mi-dearborn-heights-2026,city,Dearborn Heights,MI,26163,2621020,42.33698,-83.27326,temporary moratorium,data center,active,2026-02-24,2027-02-24,365,false,Zoning update expected to require planning commission review and public hearings,https://www.mlive.com/news/detroit/2026/03/dearborn-heights-joins-other-michigan-communities-with-data-center-moratorium.html,mi-dearborn-heights-2026,true,false,2026-09-23,
nm-mi-delta-county-2026,county,Delta County,MI,26041,,46.02366,-86.89503,temporary moratorium,data center+cryptocurrency mining,active,2026-07-21,2027-07-21,365,false,Board of Commissioners unanimously approved a 12-month moratorium on construction and applications involving data centers and cryptocurrency mining,https://deltacountymi.gov/wp-content/uploads/2026/08/boc-minutes-21-July-2026.pdf|https://deltacountymi.gov/wp-content/uploads/2026/08/pc-agenda-31-August-2026.pdf|https://deltacountymi.gov/wp-content/uploads/2026/07/boc-agenda-21-July-2026.pdf|https://www.dailypress.net/news/local-news/2026/07/delta-county-board-passes-moratorium-on-data-centers/|https://www.miningjournal.net/news/local/2026/07/delta-county-board-oks-moratorium-on-data-centers/,mi-delta-county-2026,false,false,2026-09-23,
nm-mi-detroit-2026,city,Detroit (requested),MI,26163,2622000,42.33155,-83.04664,temporary moratorium,data center,pending,,,730,false,No mayoral moratorium identified during this pass,https://planetdetroit.org/2026/09/detroit-data-center-moratorium-push/|https://www.bridgedetroit.com/detroit-begins-drafting-data-center-regulations/|https://www.bridgedetroit.com/detroit-convenes-working-group-for-data-center-zoning-policy/|https://planetdetroit.org/2026/06/detroit-data-center-policy/,mi-detroit-2026,false,true,2026-09-23,
nm-mi-dexter-township-2026,township,Dexter Township,MI,26161,2616122180,42.38430,-83.95970,temporary moratorium,data center,extended,2026-02-17,2027-02-12,180,true,Master Plan Review Committee evaluating ordinances; extension granted to complete data center regulations,https://www.dextertownshipmi.gov/wp-content/uploads/Resolution-26-705-DATA-Center-Moratorium.pdf|https://thesuntimesnews.com/dexter-twp-notice-of-adoption-of-resolution-no-26-711/|https://www.mlive.com/news/ann-arbor/2026/03/data-center-influx-prompts-more-more-communities-near-ann-arbor-to-hit-pause.html,mi-dexter-township-2026,false,false,2026-09-23,
nm-mi-dorr-township-2026,township,Dorr Township,MI,26005,2600522680,42.72483,-85.72210,temporary moratorium,data center,active,2026-02-26,2027-02-26,365,false,Planning Commission to work on an ordinance amendment,https://citizenportal.ai/articles/10046150/michigan/allegan-county/dorr-city/dorr-township-board-adopts-12-month-moratorium-on-new-or-expanded-data-centers-after-resident-concerns|https://wilcoxnewspapers.com/dorr-twp-approves-12-month-moratorium-on-data-centers/,mi-dorr-township-2026,true,false,2026-09-23,
nm-mi-dryden-township-2026,township,Dryden Township,MI,26087,2608723160,42.93100,-83.16394,temporary moratorium,data center,active,2026-07-14,2027-07-14,365,false,Board adopted one-year moratorium,https://countypress.com/articles/news/dryden-twp-officials-approve-moratorium-on-data-centers/,mi-dryden-township-2026,true,false,2026-09-23,
nm-mi-dundee-township-2025,township,Dundee Township,MI,26115,2611523400,41.93199,-83.63716,temporary moratorium,data center,expired,2025-12-09,2026-06-07,180,false,Ongoing discussions with residents,https://dundeetownshipmi.org/meeting_minutes/july-14-2026-unapproved/|https://dundeetownshipmi.org/wp-content/uploads/2026/02/2025-6-Resolution-To-Extend-Data-Center-Moratorium-to-180-days-2025.pdf|https://dundeetownshipmi.org/data-center-battery-storage-updates/,mi-dundee-township-2025,false,false,2026-07-31,
nm-mi-eagle-township-clinton-county-2026,township,Eagle Township (Clinton County),MI,26037,2603723580,42.81909,-84.77851,temporary moratorium,data center,active,2026-02-17,2027-02-17,365,false,Planning Commission studying data center uses,https://eagletownshipmi.gov/wp-content/uploads/2026/02/Resolution-02-17-2026-06-Moratorium-on-Data-Centers.pdf|https://deltaunfiltered.substack.com/p/in-brief-eagle-township-extends-zoning,mi-eagle-township-clinton-county-2026,false,false,2026-09-23,
nm-mi-east-lansing-2026,city,East Lansing,MI,26065,2624120,42.73203,-84.47217,temporary moratorium,data center,extended,2026-03-17,2027-03-17,180,true,Internal workgroup developing ordinance language for Planning Commission and Council,https://www.wkar.org/wkar-news/2026-03-18/east-lansing-passes-data-center-moratorium-while-evaluating-zoning-ordinances|https://www.wilx.com/2026/08/12/east-lansing-city-council-votes-extend-data-center-moratorium/|https://eastlansinginfo.news/east-lansing-extends-data-center-moratorium-as-city-develops-new-regulations/,mi-east-lansing-2026,false,false,2026-09-23,
nm-mi-ellington-township-2026,township,Ellington Township,MI,26157,2615725380,43.55391,-83.32134,temporary moratorium,data center,active,2026-07-14,,,false,Planning Commission directed to study data centers,https://www.tuscolatoday.com/news/ellington-township-approves-data-center-moratorium/article_bf5ba2e6-226a-4cec-bdd2-d21bd8e2d7ee.html,mi-ellington-township-2026,true,false,2026-09-23,
nm-mi-elmwood-township-tuscola-county-2026,township,Elmwood Township (Tuscola County),MI,26157,2615725720,43.58474,-83.28328,temporary moratorium,data center+cryptocurrency mining,extended,2026-02-18,2027-06-17,365,true,Township to develop data center regulations during the moratorium,https://savrn.com/data-center-moratorium-tracker|https://www.tuscolatoday.com/news/elmwood-acts-on-data-center-moratorium/article_989c5d64-6088-4222-8f1c-e9d099776f71.html|https://www.tuscolatoday.com/news/elmwood-twp-adopts-data-center-moratorium-approves-road-improvements/article_2754d6b2-097a-4cf3-ae67-18f7a0208a3d.html,mi-elmwood-township-tuscola-county-2026,false,false,2026-09-23,
nm-mi-erie-township-2026,township,Erie Township,MI,26115,2611526320,41.77602,-83.49087,temporary moratorium,data center,active,2026-02-10,2027-02-10,365,false,Planning Commission drafting a data center ordinance with Spicer Group,https://erietownshipmi.gov/wp-content/uploads/2026/02/data-center-moratorium.ord-132.pdf|https://erietownshipmi.gov/limited-moratorium-on-the-development-of-data-centers-ordinance-132/,mi-erie-township-2026,false,false,2026-09-23,
nm-mi-fayette-township-hillsdale-county-undated,township,Fayette Township (Hillsdale County),MI,26059,2605927580,41.97012,-84.62624,temporary moratorium,wind+battery storage+data center,pending,,,365,false,Resolution sent to Hillsdale County Planning Commission for courtesy review,https://www.radiohillsdale.com/2026/07/15/fayette-township-planning-commission-recommends-moratoriums-on-wind-energy-battery-storage-data-centers/|https://www.hillsdale.net/story/news/politics/county/2026/07/20/fayette-twp-proposed-one-year-moratorium-on-wind-battery-data-centers/90954217007/|https://www.mlive.com/news/jackson/2026/08/a-michigan-township-that-said-no-to-a-2nd-big-solar-project-is-now-in-a-legal-fight.html,mi-fayette-township-hillsdale-county-undated,true,true,2026-09-23,
nm-mi-fenton-township-2026,township,Fenton Township,MI,26049,2604927780,42.82645,-83.72772,temporary moratorium,data center,active,2026-02-17,2027-02-22,365,false,Ordinance No. 867 adopted; Planning Commission drafting permanent data center zoning regulations,https://www.fentontownship.org/media/14701|https://www.fentontownship.org/media/14736|https://www.fentontownship.org/clerk/page/adopted-ordinances|https://tctimes.com/articles/news/fenton-township-approves-moratorium-on-data-centers/|https://www.mlive.com/news/flint/2026/03/data-center-moratorium-approved-in-fenton-township-to-allow-for-research-development-of-regulations.html,mi-fenton-township-2026,false,false,2026-09-23,
nm-mi-filer-township-2026,township,Filer Township,MI,26101,2610128040,44.20563,-86.32213,temporary moratorium,data center,active,2026-06-02,2027-06-02,365,false,Township Board approved a motion imposing a data center moratorium by 6-0 vote,https://filertwpmi.gov/wp-content/uploads/2026/06/6-2-26-Twp-Board-Reg-Mtg-Minutes.pdf|https://www.manisteenews.com/news/article/filer-township-approves-one-year-data-center-22282763.php,mi-filer-township-2026,false,false,2026-07-31,
nm-mi-forsyth-township-2026,township,Forsyth Township,MI,26103,2610329720,46.24652,-87.42815,temporary moratorium,data center+cryptocurrency mining,active,2026-06-25,2027-06-25,365,false,Township Board approved a data center moratorium at a crowded meeting,https://forsythtownship.org/wp-content/uploads/2026/07/6-25-26-Reglular-Meeting-Minutes.pdf|https://www.uppermichiganssource.com/2026/08/20/forsyth-township-officials-hear-opposition-data-centers-during-town-hall-meeting/|https://www.myupnow.com/news/forsyth-township-town-hall-addresses-data-center-concerns-in-sawyer-area/article_612e37a5-da78-4842-8c3b-92177434d574.html|https://www.uppermichiganssource.com/2026/06/26/forsyth-township-board-passes-moratorium-regarding-data-centers-crowded-meeting/,mi-forsyth-township-2026,false,false,2026-09-23,
nm-mi-freedom-township-2026,township,Freedom Township,MI,26161,2616130520,42.20855,-83.95382,temporary moratorium,data center,active,2026-03-10,2027-03-10,365,false,Planning Commission study and recommendations,https://themanchestermirror.com/2026/03/16/public-notice-freedom-township-57/|https://themanchestermirror.com/2026/01/19/public-notice-freedom-township-51/|https://themanchestermirror.com/2026/03/23/public-notice-freedom-township-58/|https://www.mlive.com/news/ann-arbor/2026/01/more-communities-near-ann-arbor-pressing-pause-button-on-massive-data-centers.html,mi-freedom-township-2026,false,false,2026-09-23,
nm-mi-frenchtown-charter-township-monroe-county-2026,township,Frenchtown Charter Township (Monroe County),MI,26115,2611530820,41.96208,-83.35763,temporary moratorium,data center+general,active,2026-04-28,2026-10-25,180,false,Township drafting data center ordinance,https://www.frenchtownmi.gov/AgendaCenter/ViewFile/Minutes/_04282026-200|https://www.frenchtownmi.gov/AgendaCenter/ViewFile/Minutes/_04012026-195|https://www.frenchtownmi.gov/AgendaCenter/ViewFile/Minutes/_03102026-189|https://www.monroenews.com/story/news/2026/03/18/frenchtown-township-mi-considers-data-center-moratorium/89192221007/,mi-frenchtown-charter-township-monroe-county-2026,false,false,2026-09-23,
nm-mi-garfield-charter-township-grand-traverse-county-2026,township,Garfield Charter Township (Grand Traverse County),MI,26055,2605531580,44.72271,-85.64354,temporary moratorium,data center+cryptocurrency mining,active,2026-08-25,2027-08-25,365,false,"Planning Commission to draft zoning amendments (updated definitions, limiting data centers to industrial zones, special use permit)",https://www.garfieldmi.gov/community-information/public-notices/|https://www.traverseticker.com/news/garfield-township-issues-moratorium-on-data-centers/|https://www.9and10news.com/2026/08/25/garfield-township-enacts-data-center-moratorium-to-buy-time-for-research-on-restrictions/,mi-garfield-charter-township-grand-traverse-county-2026,false,false,2026-09-23,
nm-mi-genoa-charter-township-2026,township,Genoa Charter Township,MI,26093,2609331860,42.55675,-83.85289,temporary moratorium,data center+cryptocurrency mining; exemptions noted,extended,2026-02-02,2027-02-02,,true,Planning Commission reviewed draft data center ordinance (March-June 2026); Memtech Acoustics hired for noise standards,https://www.genoa.org/dbfiles/download/boardmeetings/packet1/2635|https://www.genoa.org/dbfiles/download/boardmeetings/packet1/2668|https://www.whmi.com/news/article/49636|https://thelivingstonpost.com/genoa-extends-data-center-moratorium-to-develop-defensible-noise-rules/|https://www.whmi.com/news/article/genoa-data-center-crypto-currency-mining-moratorium-extended,mi-genoa-charter-township-2026,false,false,2026-09-23,
nm-mi-gibraltar-2026,city,Gibraltar,MI,26163,2632020,42.09504,-83.18965,temporary moratorium,data center; 100 MW,active,2026-03-09,2027-03-09,365,false,McKenna retained on 2026-03-23 to draft data-center zoning amendments; federal lawsuit pending,"https://gibraltarcitymi.documents-on-demand.com/document/86c1376a-8927-f111-a48f-000c29a59557/City%20Council%20Minutes%20March%2009,%202026.PDF|https://planetdetroit.org/2026/03/gibraltar-data-center-moratorium/|https://www.cbsnews.com/detroit/news/raedan-acquisition-sues-gibraltar-data-center-moratorium/|https://planetdetroit.org/2026/08/gibraltar-faces-data-center-lawsuit/",mi-gibraltar-2026,false,false,2026-09-23,
nm-mi-grand-blanc-township-2026,township,Grand Blanc Township,MI,26049,2604933300,42.91626,-83.66650,temporary moratorium,data center,active,2026-01-21,2027-01-21,365,false,Planning commission and consultant process to draft standards,https://www.grandblanctwpmi.gov/|https://www.mlive.com/news/flint/2026/01/year-long-data-center-moratorium-approved-by-grand-blanc-township-board.html|https://geneseecountyview.com/articles/news/gb-twp-board-imposes-12-month-moratorium-on-data-centers/,mi-grand-blanc-township-2026,true,false,2026-09-23,
nm-mi-green-charter-township-2025,township,Green Charter Township,MI,26107,2610734760,43.77033,-85.50302,temporary moratorium,data center,active,2025-12-09,2026-12-09,365,false,Planning and zoning bodies tasked with ordinance development; moratorium can be revoked upon ordinance adoption,https://www.greentownship.org/_files/ugd/958d79_8792d9dd45f7444b9f5ab2a38ee04a33.pdf,mi-green-charter-township-2025,false,false,2026-07-31,
nm-mi-green-lake-township-grand-traverse-county-2026,township,Green Lake Township (Grand Traverse County),MI,26055,2605534960,44.64404,-85.75705,temporary moratorium,data center+general,active,2026-05-12,2027-05-12,365,true,Planning Commission reviewing zoning rules for data centers and large water users,https://www.record-eagle.com/news/local_news/township-acts-green-lake-adopts-data-center-moratorium/article_ee6ce149-2a66-4e1f-b3bb-b60b6ecac1bf.html|https://michiganadvance.com/2026/06/23/how-easily-could-a-big-data-center-set-up-in-northern-michigan/,mi-green-lake-township-grand-traverse-county-2026,false,false,2026-09-23,
nm-mi-groveland-township-2026,township,Groveland Township,MI,26125,2612535640,42.83047,-83.51059,temporary moratorium,data center,active,2026-02-09,2027-02-09,365,false,Township drafting data-center regulations,https://thecitizenonline.com/articles/news/township-board-puts-brakes-on-data-centers/|https://www.mlive.com/news/detroit/2026/07/oakland-county-community-extends-data-center-moratorium.html,mi-groveland-township-2026,false,false,2026-09-23,
nm-mi-hagar-township-2026,township,Hagar Township,MI,26021,2602135860,42.20019,-86.37030,temporary moratorium,data center,active,2026-07-17,,365,false,Board of Trustees approved a one-year data center moratorium,https://hagartwpmi.documents-on-demand.com/|https://www.wsjm.com/2026/07/17/hagar-township-approves-data-center-moratorium/|https://www.tricityrecord.com/post/hagar-township-puts-data-centers-on-hold-tackles-senior-funding-and-drain-costs,mi-hagar-township-2026,true,true,2026-09-23,
nm-mi-haring-township-undated,township,Haring Township,MI,26165,2616536600,44.29870,-85.39523,temporary moratorium,data center,active,2026-07-13,2027-01-09,180,false,Board adopted a six-month moratorium on data center applications; Planning Commission and township attorney (Mika Meyers PLC) drafting permanent data center standards,https://haringtwpmi.gov/wp-content/uploads/2026/08/Haring-BoT-Minutes-07-13-2026.pdf|https://haringtwpmi.gov/wp-content/uploads/2026/09/August-Minutes.pdf|https://haringtwpmi.gov/township-board/|https://www.cadillacnews.com/news/crowd-comes-out-in-support-of-banning-data-centers-in-haring-township/article_b816e06c-d974-43b1-b274-b87bf761e337.html|https://www.9and10news.com/2026/07/10/haring-township-to-vote-on-six-month-data-center-moratorium/,mi-haring-township-undated,false,false,2026-09-23,
nm-mi-hart-2026,city,Hart,MI,26127,2636920,43.69834,-86.36396,temporary moratorium,data center+cryptocurrency mining,active,2026-05-26,2026-11-22,180,false,City Council adopted Ordinance 2026-02 by 7-0 vote; creates a six-month moratorium on city consideration of data center and digital mining applications,https://cityofhart.org/documents/05_26_2026_CC_Minutes_QMoWy.pdf|https://cityofhart.org/documents/packet_CC_05_26_26_qPuVZ.pdf|https://cityofhart.org/documents/05_07_2026_PC_Min_oNs4w.pdf,mi-hart-2026,false,false,2026-07-31,
nm-mi-hayes-township-2026,township,Hayes Township (Charlevoix County),MI,26029,2602937320,45.31563,-85.15831,temporary moratorium,data center; exemptions noted,extended,2026-02-09,2027-02-04,360,true,Board struck draft exemption language and planned further legal and zoning work,https://www.hayestownshipmi.gov/download/22705/?tmstv=1790164047|https://www.hayestownshipmi.gov/wp-content/uploads/2026/03/Agenda-BOT-March-9-2026-1.pdf|https://www.hayestownshipmi.gov/download/22552/?tmstv=1771862009|https://www.hayestownshipmi.gov/wp-content/uploads/2026/09/DC-DRAFT-091526-1.pdf|https://www.mlive.com/environment/2026/03/northern-michigan-township-extends-data-center-pause-amid-concerns-over-big-rock-point.html|https://www.interlochenpublicradio.org/ipr-news/2026-02-10/charlevoix-area-township-passes-data-center-moratorium|https://www.9and10news.com/2026/06/16/citizens-research-council-report-addresses-michigan-data-center-impacts/,mi-hayes-township-2026,false,false,2026-09-23,
nm-mi-hillsdale-township-hillsdale-county-2026,township,Hillsdale Township (Hillsdale County),MI,26059,2605938480,41.91804,-84.68117,temporary moratorium,data center+solar+wind+battery storage,active,2026-06-09,2027-06-09,365,true,Township to draft zoning amendments for data centers and each type of large renewable energy project,https://www.hillsdaletownshipmi.gov/download/14451/ordinance-2026-06-02-zoning-ordinance-amendment-for-moratorium-2026.pdf,mi-hillsdale-township-hillsdale-county-2026,false,false,2026-09-23,
nm-mi-holly-township-2026,township,Holly Township,MI,26125,2612538720,42.82783,-83.62866,temporary moratorium,data center,extended,2026-02-18,2027-02-15,,true,Planning commission to hold a public hearing on draft data-center regulations,https://www.mlive.com/news/detroit/2026/07/oakland-county-community-extends-data-center-moratorium.html,mi-holly-township-2026,true,false,2026-09-23,
nm-mi-houghton-2026,city,Houghton,MI,26061,2639360,47.11414,-88.57408,temporary moratorium,data center,active,2026-07-08,2027-07-08,365,false,"City Council voted unanimously for a one-year pause on permitting, consideration, approval, location, or installation of data centers",https://houghtoncitymi.documents-on-demand.com/|https://www.mininggazette.com/news/front-page/2026/07/bigger-than-just-houghton/|https://www.myupnow.com/news/houghton-county-communities-collaboratively-address-data-centers-before-industry-arrives/article_b711f0d9-a93e-4d75-8b28-1c5f31aaa048.html|https://www.uppermichiganssource.com/2026/07/09/houghton-city-council-approves-temporary-data-center-moratorium/,mi-houghton-2026,true,false,2026-09-23,
nm-mi-howard-charter-township-cass-county-undated,township,Howard Charter Township (Cass County),MI,26027,2602739480,41.85514,-86.16595,temporary moratorium,data center+battery storage,pending,,,365,false,Board votes scheduled; outcome unverified,https://www.howardtwp.org/_files/ugd/e549ea_ce94e39283ed46fe9abde039243fe86c.pdf|https://www.howardtwp.org/_files/ugd/e549ea_4f14289eea2548de809cda9ce2f751a3.pdf|https://www.howardtwp.org/_files/ugd/e549ea_f2853527a79d4858957544e538d23692.pdf,mi-howard-charter-township-cass-county-undated,true,true,2026-09-23,
nm-mi-howell-township-2025,township,Howell Township,MI,26093,2609339560,42.64694,-83.97861,temporary moratorium,data center,expired,2025-11-20,2026-05-19,180,true,Moratorium paused approvals while township studied regulations; developer withdrew rezoning request,https://www.datacenterbans.com/state/michigan|https://www.wxyz.com/news/howell-township-board-votes-to-approve-moratorium-on-data-centers-for-6-months,mi-howell-township-2025,false,false,2026-07-31,
nm-mi-huron-county-2026,county,Huron County,MI,26063,,43.83857,-83.02220,temporary moratorium,data center,active,2026-05-27,2029-05-26,1095,false,Board of Commissioners voted 4-2 (Commissioner Vaughan abstained) to pause land-use permits for data centers and similar uses for up to 36 months,https://www.co.huron.mi.us/_files/ugd/f69a3e_0af484d5d0bc4aec8b74a05361c0c42e.pdf|https://www.ourmidland.com/news/article/huron-county-data-center-moratorium-22278673.php|https://www.shorelinemedia.net/ludington_daily_news/news/data-center-lawsuit-challenges-michigan-development-moratorium/article_cebf534f-6674-4921-b709-b8292fa93b98.html|https://www.michigansthumb.com/news/article/huron-county-data-center-moratorium-22278673.php,mi-huron-county-2026,false,false,2026-09-23,
nm-mi-independence-township-2026,township,Independence Township,MI,26125,2612540400,42.74706,-83.39194,temporary moratorium,data center,active,2026-07-21,2027-01-17,180,false,Planning commission and consultants directed to develop data-center standards,https://clarkstonnews.com/articles/news/independence-twp-green-lights-moratorium-on-data-centers/,mi-independence-township-2026,true,false,2026-09-23,
nm-mi-kalamazoo-2026,city,Kalamazoo,MI,26077,2642160,42.29171,-85.58723,temporary moratorium,data center+battery storage+cryptocurrency mining; 15 MW; exemptions noted,replaced,2026-08-17,2027-08-16,365,false,Planning staff to convene a working group and draft zoning standards,https://www.kalamazoocity.org/News-articles/Meeting-Summaries/August-17-2026-City-Commission-Action-Summary|https://storage.googleapis.com/proudcity/kalamazoomi/2025/12/ra072726-72f5b995.pdf|https://publicmedianet.org/news/community/kalamazoo-adopts-one-year-moratorium-on-data-centers-battery-storage-crypto-mining/|https://www.mlive.com/news/kalamazoo/2026/08/kalamazoo-approves-moratorium-on-data-center-battery-storage-projects.html|https://publicmedianet.org/news/community/kalamazoo-advances-zoning-ordinance-to-formalize-data-center-moratorium/|https://publicmedianet.org/news/community/kalamazoo-township-board-adopts-moratoriums-on-battery-storage-data-center-facilities/|https://watershedvoice.com/2026/10/06/kalamazoo-officially-has-a-data-center-moratorium/,mi-kalamazoo-2026,true,false,2026-10-07,
nm-mi-kalamazoo-township-2026,township,Kalamazoo Township,MI,26077,2607742180,42.31082,-85.62479,temporary moratorium,data center,active,2026-07-27,2027-07-27,365,false,Planning Commission to study data centers as a land use,https://storage.googleapis.com/proudcity/kalamazoomi/2025/12/ra072726-72f5b995.pdf|https://www.kalamazoocity.org/News-articles/Meeting-Summaries/August-17-2026-City-Commission-Action-Summary|https://publicmedianet.org/news/community/kalamazoo-township-board-adopts-moratoriums-on-battery-storage-data-center-facilities/|https://publicmedianet.org/news/community/kalamazoo-adopts-one-year-moratorium-on-data-centers-battery-storage-crypto-mining/|https://www.mlive.com/news/kalamazoo/2026/08/kalamazoo-approves-moratorium-on-data-center-battery-storage-projects.html|https://publicmedianet.org/news/community/kalamazoo-advances-zoning-ordinance-to-formalize-data-center-moratorium/,mi-kalamazoo-township-2026,false,false,2026-09-23,
nm-mi-lake-township-2026,township,Lake Township (Huron County),MI,26063,2606344300,43.95600,-83.18409,temporary moratorium,data center,active,2026-07-16,2027-01-12,180,false,"Township board unanimously adopted a six-month moratorium, effective immediately upon adoption",https://www.laketownship.net/download/23077/minutes-july-2026.pdf|https://www.ourmidland.com/news/article/lake-township-moratorium-22349310.php|https://www.michigansthumb.com/news/article/lake-township-data-center-ordinance-22386902.php|https://www.michigansthumb.com/news/article/lake-township-draft-data-center-ordinance-22425436.php,mi-lake-township-2026,true,false,2026-09-23,
nm-mi-lansing-2026,city,Lansing,MI,26065,2646000,42.73383,-84.55463,temporary moratorium,data center,active,2026-07-13,2027-01-11,182,false,"City Council voted 7-1 to add Chapter 878, a 182-day moratorium on data center building permits and enabling zoning amendments","https://lansingmi.api.civicclerk.com/v1/Meetings/GetMeetingFile(fileId=15446,plainText=false)|https://www.michiganpublic.org/2026-07-15/lansing-passes-6-month-data-center-moratorium",mi-lansing-2026,false,false,2026-07-31,
nm-mi-lenox-township-2026,township,Lenox Township,MI,26099,2609946900,42.76436,-82.79667,temporary moratorium,data center,expired,2026-02-02,2026-06-02,120,false,Moratorium lapsed 2026-06-02 without extension; data center/I-94 district ordinance work stalled amid resident opposition and recall petitions,https://www.lenoxtwp.org/AgendaCenter/ViewFile/Minutes/_05042026-762|https://www.lenoxtwp.org/AgendaCenter/ViewFile/Minutes/_06012026-767|https://www.lenoxtwp.org/AgendaCenter/ViewFile/Minutes/_08102026-787|http://www.lenox-mi.gov/AgendaCenter/ViewFile/Minutes/_02022026-751|https://www.lenox-mi.gov/AgendaCenter/ViewFile/Minutes/_05042026-762|https://www.mlive.com/news/detroit/2026/06/lenox-township-comission-delays-data-center-ordinances-after-resident-outcry.html|https://www.mlive.com/news/detroit/2026/06/data-center-controversy-hits-macomb-county-township-as-officials-debate-rules.html,mi-lenox-township-2026,false,false,2026-09-23,
nm-mi-leoni-township-2026,township,Leoni Township,MI,26075,2607546980,42.26939,-84.30739,temporary moratorium,data center,active,2026-03,,365,false,Planning Commission drafting ordinance,https://www.mlive.com/news/jackson/2026/03/one-year-moratorium-on-data-centers-enacted-in-township-near-jackson.html,mi-leoni-township-2026,true,true,2026-09-23,
nm-mi-lima-township-2025,township,Lima Township,MI,26161,2616147460,42.29027,-83.95608,temporary moratorium,data center,expired,2025-12-08,2026-06-06,180,true,Data center zoning amendments in process,https://thesuntimesnews.com/lima-twp-board-meeting-synopsis-12-8-25/|https://thesuntimesnews.com/lima-twp-board-meeting-synopsis-7-13-26/|https://thesuntimesnews.com/lima-twp-notice-of-adoption-of-ordinance-amendment/|https://thesuntimesnews.com/lima-twp-ordinance-amendment-public-hearing-notice-6-22-26/|https://civiciq.com/public-project/lima-township-adopted-resolution-2026-12-on-june-12-2026-16dbb599-4282-429e-9708-b15c881d1b72|https://thesuntimesnews.com/lima-township-ordinance-and-data-centers/|https://thesuntimesnews.com/lima-township-sets-a-moratorium-on-power-generating-facilities/|https://www.mlive.com/news/ann-arbor/2026/06/township-enacts-12-month-pause-as-consumers-energys-eyes-land-for-power-plant-west-of-ann-arbor.html,mi-lima-township-2025,false,false,2026-09-23,
nm-mi-lincoln-township-2026,township,Lincoln Township (Berrien County),MI,26021,2602147600,42.01789,-86.50497,temporary moratorium,data center,active,2026-06-09,2027-04-05,300,false,"Township Board adopted a ten-month data center moratorium, all six members present voting yes",https://www.heraldpalladium.com/communities/stevensville/lincoln-township-places-moratorium-on-data-centers/article_ceea2bad-afc3-5f31-bae3-bb2902584bd7.html,mi-lincoln-township-2026,false,false,2026-09-23,
nm-mi-lodi-township-2026,township,Lodi Township,MI,26161,2616149120,42.21143,-83.83875,temporary moratorium,data center; over 10MW,extended,2026-02-03,2027-02-16,180,true,Board referred zoning amendments to consultants and Planning Commission,https://loditownshipmi.org/wp-content/uploads/2026/08/High-power-Facilities-moratorium-ordinance-for-081126-revised-072826-2026-003.pdf|https://loditownshipmi.org/wp-content/uploads/2026/02/datacenter.ordinance2026-001.pdf|https://loditownshipmi.org/wp-content/uploads/2026/02/2026-02-03.pdf|https://loditownshipmi.org/boards-and-commissions/,mi-lodi-township-2026,false,false,2026-09-23,
nm-mi-lyndon-township-2026,township,Lyndon Township,MI,26161,2616149780,42.38035,-84.07877,temporary moratorium,data center,active,2026-05-12,2027-05-12,365,false,Adopted; imposes a 12-month (or until-regulated) moratorium on new data center development applications,https://lyndontownshipmi.gov/notice-of-resolution-data-center-moratorium/,mi-lyndon-township-2026,false,false,2026-07-31,
nm-mi-lyon-township-2026,township,Lyon Charter Township (Oakland County),MI,26125,2612549820,42.47646,-83.61326,temporary moratorium,data center,active,2026-05,,180,false,New data center applications paused while the previously-approved Project Flex proceeds separately,,mi-lyon-township-2026,false,true,,
nm-mi-lyon-township-2026-2,township,Lyon Township,MI,26143,2614349840,44.48289,-84.79288,temporary moratorium,data center,active,2026-05,,180,false,New data center applications paused while the previously-approved Project Flex proceeds separately,https://www.datacenterbans.com/state/michigan|https://www.michiganpublic.org/politics-government/2026-06-29/michigan-communities-are-hitting-pause-on-data-centers-the-clock-is-ticking,mi-lyon-township-2026-2,false,true,2026-07-31,
nm-mi-manchester-township-2025,township,Manchester Township,MI,26161,2616150680,42.11613,-84.06972,temporary moratorium,data center,active,2025-10-14,,,false,Pending permanent regulations,https://twp-manchester.org/wp-content/uploads/2025/10/Ordinance-No.-116-Ordinance-Establishing-Data-Center-Moratorium.pdf|https://twp-manchester.org/wp-content/uploads/2025/11/October-14-2025-Meeting-Minutes.pdf|https://twp-manchester.org/wp-content/uploads/2026/08/Planning-Commission-Agenda-8-6-2026.pdf|https://twp-manchester.org/wp-content/uploads/2026/09/August-11-2026-Meeting-Minutes.pdf|https://twp-manchester.org/wp-content/uploads/2026/07/June-9-2026-Meeting-Minutes.pdf|https://twp-manchester.org/wp-content/uploads/2026/04/March-11-2026-Special-Meeting-Minutes.pdf,mi-manchester-township-2025,false,false,2026-09-23,
nm-mi-marengo-township-2026,township,Marengo Township,MI,26025,2602551520,42.31040,-84.88685,temporary moratorium,data center,active,2026-02-24,2027-02-24,365,false,Township studying data center regulations,,mi-marengo-township-2026,false,false,2026-09-23,
nm-mi-marshall-2026,city,Marshall,MI,26025,2651940,42.27214,-84.96420,temporary moratorium,data center,active,2026-08-03,2027-08-03,365,false,City to draft a noise/vibration ordinance and review other regulations before any data center approval,https://wwmt.com/resources/pdf/957ec5a0-3cf3-43e2-8dcd-f4fab22cb903-CityCouncilResolutionDataCenter832026_202608060655464268.pdf|https://wwmt.com/news/local/marshall-data-center-moratorium-delays-development-one-year-alterra-brooks-industrial-park-acres-wetland-lake-energy-environment-calhoun-county-west-michigan|https://wtvbam.com/2026/08/14/970389/,mi-marshall-2026,false,false,2026-09-23,
nm-mi-mason-2026,city,Mason,MI,26065,2652180,42.58106,-84.44351,temporary moratorium,data center,replaced,2026-01-05,2026-04-05,90,false,New M-3 Technology Innovation zoning district was adopted then repealed; no replacement ordinance in effect as of 2026-04-29,https://cms7files.revize.com/masonmi/document_center/Governments/City%20Council/2025%20City%20Council%20Documents/01_05_2026%20-%20CC%20Minutes%20-%20Final.pdf|https://www.masontownship.org/wp-content/uploads/2026/05/05-02-2026-Special-Meeting-1.pdf|https://midmichigangazette.com/2026/01/06/mason-city-council-community-spar-over-data-center-regulations-more/,mi-mason-2026,false,false,2026-07-31,
nm-mi-mason-township-2026,township,Mason Township (Cass County),MI,26027,2602752140,41.78479,-85.93440,temporary moratorium,data center,active,2026-05-02,2027-05-02,365,true,Adopted 5-0 at a special meeting; bars the township from accepting/processing data center applications and issuing related permits or approvals,"https://nominatim.openstreetmap.org/search?q=Mason+Township,+Cass+County,+Michigan|https://wsbt.com/news/local/porter-township-passes-one-year-moratorium-pause-data-center-pause-ordinance-town-residents-developer-law-michigan-board-members-zoning-comment-public-meetings-approval-extension-cass-county-michigan",mi-mason-township-2026,false,false,2026-09-23,
nm-mi-melvindale-2026,city,Melvindale,MI,26163,2652940,42.28254,-83.17520,temporary moratorium,data center,active,2026-05-20,,,false,Moratorium on data center reviews and approvals,https://www.thenewsherald.com/2026/06/04/melvindale-imposes-data-center-moratorium/,mi-melvindale-2026,true,false,2026-09-23,
nm-mi-meridian-township-2026,township,Meridian Township,MI,26065,2606553140,42.72786,-84.41471,temporary moratorium,data center,active,2026-05-19,2026-11-15,180,false,Unanimous adoption of a temporary pause on data center approvals pending zoning framework,https://www.datacenterbans.com/state/michigan|https://www.michiganpublic.org/politics-government/2026-05-20/why-one-michigan-township-just-rejected-data-centers-while-another-stays-open-to-them,mi-meridian-township-2026,false,false,2026-07-31,
nm-mi-monitor-charter-township-2026,township,Monitor Charter Township,MI,26017,2601754980,43.61154,-83.99078,temporary moratorium,data center,active,2026-03-26,2027-03-26,365,false,Planning commission to study data center regulations during the pause,https://monitortwp.gov/wp-content/uploads/2026/04/S-Mar-26-2026.pdf|https://monitortwp.gov/wp-content/uploads/2026/04/S-Mar-23-2026.pdf|https://monitortwp.gov/wp-content/uploads/2026/03/R-Feb-9-2026-board-mtg.pdf|https://www.mlive.com/news/saginaw-bay-city/2026/02/monitor-township-issues-moratorium-on-data-centers.html,mi-monitor-charter-township-2026,false,false,2026-09-23,
nm-mi-new-buffalo-township-2026,township,New Buffalo Township,MI,26021,2602157230,41.78859,-86.75670,temporary moratorium,data center,active,2026-04-08,2027-04-08,365,false,Township reviewing zoning ordinance,https://www.harborcountry-news.com/news/new-buffalo-township-moves-to-pause-data-centers/article_c168fca1-853e-5cd6-a357-e6d876ac80b5.html|https://www.wndu.com/2026/04/17/new-buffalo-township-pauses-data-center-development-one-year/,mi-new-buffalo-township-2026,false,false,2026-09-23,
nm-mi-niles-charter-township-2026,township,Niles Charter Township,MI,26021,2602157780,41.85620,-86.28430,temporary moratorium,data center,active,2026-06-01,2027-06-01,365,false,Planning commission amending zoning ordinance and master plan,https://www.heraldpalladium.com/communities/niles/niles-township-approves-data-center-moratorium/article_578eca9c-08f1-5f09-b3df-7945d152258d.html|https://www.wndu.com/2026/06/11/niles-township-approves-12-month-moratorium-new-data-centers/,mi-niles-charter-township-2026,true,false,2026-09-23,
nm-mi-norvell-township-2026,township,Norvell Township,MI,26075,2607559180,42.13181,-84.17185,temporary moratorium,data center,active,2026-06-08,2027-06-08,365,false,Township to draft data center regulations,https://norvelltwp-mi.gov/wp-content/uploads/2026/06/June-Combined-Board-Packet.pdf|https://norvelltwp-mi.gov/wp-content/uploads/2026/06/Combined-Board-Packet-06.08.26.pdf|https://www.mlive.com/news/jackson/2026/03/township-outside-jackson-working-to-get-ahead-of-data-center-boom.html,mi-norvell-township-2026,false,false,2026-09-23,
nm-mi-oneida-charter-township-2026,township,Oneida Charter Township,MI,26045,2604560700,42.72651,-84.77891,temporary moratorium,data center,extended,2026-01-13,2027-01-24,180,true,Planning Commission drafting a data center ordinance; moratorium extended six months,https://oneidatownship.org/wp-content/uploads/2026/01/Ordinance-no.-2026-1.pdf|https://oneidatownship.org/wp-content/uploads/2026/08/Resolution-2026-07-14-Data-Center-Moratorium-Extension.pdf|https://deltaunfiltered.substack.com/p/in-brief-oneida-buys-time-on-data,mi-oneida-charter-township-2026,false,false,2026-09-23,
nm-mi-orion-township-2026,township,Orion Township,MI,26125,2612561100,42.75165,-83.26423,temporary moratorium,data center,active,2026-06-15,2026-12-12,180,false,"Township Board voted 7-0 to establish a six-month moratorium on establishment, permitting, approval, construction, and installation of data centers",https://manuals.boardbook.org/Documents/DownloadPDF/6294687a-17af-4db8-a285-711372ef465f?org=1374|https://playback.orionontv.org/internetchannel/show/5649?channel=2,mi-orion-township-2026,false,false,2026-07-31,
nm-mi-oshtemo-charter-township-2026,township,Oshtemo Charter Township,MI,26077,2607761400,42.28896,-85.70706,temporary moratorium,data center,active,2026-03-10,2027-03-10,365,false,Data center regulations to be drafted after the BESS ordinance,https://www.oshtemo.org/files/assets/public/v/1/boards-and-committees/township-board/agenda-packets/tb-agenda-packet-3-10-26.pdf|https://online.encodeplus.com/regs/oshtemo-mi/doc-viewer.aspx?secid=2859|https://www.oshtemo.org/About-Oshtemo/PA233-BESS|https://www.mlive.com/news/kalamazoo/2026/04/portage-follows-michigan-trend-puts-halt-on-battery-storage-and-data-centers.html|https://www.mlive.com/news/kalamazoo/2025/11/oshtemo-township-approves-pause-on-energy-storage-projects.html|https://wwmt.com/news/local/bess-oshtemo-battery-storage-energy-solar-project-township-board-planning-commission-protection-michigan-state-law-mpsc-wwmt|https://publicmedianet.org/news/community/large-scale-solar-development-paused-in-oshtemo-township-for-six-months/|https://publicmedianet.org/news/community/oshtemo-township-board-advances-energy-ordinance-timeline-adopts-first-reading-of-solar-moratorium/,mi-oshtemo-charter-township-2026,false,false,2026-09-23,
nm-mi-oxford-township-2026,township,Oxford Township,MI,26125,2612562040,42.83980,-83.27580,temporary moratorium,data center,active,2026-02-11,2027-02-11,365,false,Draft amendments would create a Data Center Overlay District (special land use in I-1/I-2 north of Ray Road and south of Davison Lake Road) and tighten noise standards,https://oxfordleader.com/articles/news/twp-planning-commission-postpones-discussion-on-data-centers-ordinance/|https://www.theoaklandpress.com/2026/09/14/oxford-township-begins-amending-ordinances-for-data-centers/,mi-oxford-township-2026,false,false,2026-09-23,
nm-mi-park-township-2026,township,Park Township (St. Joseph County),MI,26149,2614962480,42.01674,-85.58652,temporary moratorium,data center,active,2026-05-13,,,false,"Board approved Ordinance 26-02, a temporary data center moratorium",https://park-township.org/2026/05/may-13-2026-park-township-board-of-trustees-regular-meeting-minutes/|https://park-township.org/2026/09/september-9-2026-park-township-board-of-trustees-regular-meeting-minutes/,mi-park-township-2026,false,false,2026-09-23,
nm-mi-parma-township-jackson-county-2026,township,Parma Township (Jackson County),MI,26075,2607562760,42.30527,-84.65915,temporary moratorium,data center,active,2026-02-18,2027-02-18,365,false,One-year study moratorium adopted.,https://parmatwp.gov/2026/02/23/notice-of-data-center-moratorium-adoption-2026-3/|https://parmatwp.gov/wp-content/uploads/2026/02/2026-3-Publication.pdf,mi-parma-township-jackson-county-2026,false,false,2026-08-19,
nm-mi-penn-township-cass-county-2026,township,Penn Township (Cass County),MI,26027,2602763380,41.94076,-85.93332,temporary moratorium,data center,active,2026-05-21,2027-05-21,365,false,Board to hire outside attorney and planner; zoning amendment expected,https://wsbt.com/news/local/penn-township-mi-approves-one-year-pause-on-data-centers-zoning-ordinance-heated-debate-planning-board-michigan-cass-county-ai-hyperscale-infrastructure|https://www.953mnc.com/2026/05/12/penn-township-approves-data-center-moratorium/|https://www.abc57.com/news/residents-speak-in-favor-of-a-one-year-moratorium-in-penn-township,mi-penn-township-cass-county-2026,true,false,2026-09-23,
nm-mi-pere-marquette-charter-township-2026,township,Pere Marquette Charter Township,MI,26105,2610563600,43.93806,-86.41392,temporary moratorium,data center,active,2026-08-11,2027-08-11,365,true,Township to study and potentially adopt data center regulations during the moratorium,https://www.pmtwp.org/government/departments/clerk/public_notices.php|https://www.shorelinemedia.net/ludington_daily_news/news/data-center-moratorium-adopted/article_8c1bb012-cb44-4d66-8c68-7c6d247927fd.html|https://www.masoncountypress.com/2026/07/11/pere-marquette-township-to-consider-one-year-data-center-moratorium/,mi-pere-marquette-charter-township-2026,false,false,2026-09-23,
nm-mi-pine-grove-township-2026,township,Pine Grove Township,MI,26159,2615964280,42.39409,-85.82192,temporary moratorium,data center,active,2026-06-03,2026-11-30,180,false,Adopted a police-power moratorium (Ordinance 06-03-2026),https://pinegrovetownshipmi.gov/wp-content/uploads/2026/06/Notice-of-Adoption-police-power-moratorium.pdf|https://pinegrovetownshipmi.gov/notice-of-ordinance-adoption-temporary-data-center-moratorium/,mi-pine-grove-township-2026,false,false,2026-07-31,
nm-mi-pittsfield-township-2025,township,Pittsfield Township,MI,26161,2616164560,42.21032,-83.72411,temporary moratorium,data center,extended,2025-11-20,2026-11-15,180,true,Public hearings and ordinance drafting planned,https://www.pittsfield-mi.gov/AgendaCenter/ViewFile/Agenda/_05132026-989|https://www.pittsfield-mi.gov/2449/Data-Center-Ordinance|http://www.pittsfield-mi.gov/m/newsflash/Home/Detail/3599|https://www.pittsfield-mi.gov/AgendaCenter/ViewFile/Agenda/_11202025-956|https://thesuntimesnews.com/pittsfield-sets-hearing-on-proposed-data-center-ordinance/|https://www.wemu.org/wemu-news/2026-05-29/pittsfield-township-wants-to-hear-from-residents-about-proposed-data-center-regulations,mi-pittsfield-township-2025,false,false,2026-09-23,
nm-mi-pontiac-2026,city,Pontiac,MI,26125,2665440,42.63892,-83.29105,temporary moratorium,data center,extended,2026-01-21,2027-01-20,180,true,City reviewing potential issues and proposing zoning ordinance,https://www.pontiac.mi.us/council%20approved%20minutes%206-16-2026.pdf|https://www.pontiac.mi.us/council%20agenda%20pack%20061626a.pdf|https://www.datacenterbans.com/state/michigan|https://bluewaterhealthyliving.com/news/local-news/michigan/rochester-hills-extends-data-center-moratorium/|https://localprogress.org/2026/02/16/lpmi-state-download-data-center-wins-ice-free-zones-bold-local-leadership-winter-2026/,mi-pontiac-2026,false,false,2026-09-23,
nm-mi-port-huron-township-2026,township,Port Huron Township,MI,26147,2614765840,42.97661,-82.47792,temporary moratorium,data center,active,2026-09-21,2027-09-21,365,false,Township to develop data-center and high-resource-demand facility regulations,https://www.porthurontownship.org/news/ordinance-254-dda-and-tifa-plan-renewal|https://www.porthurontownship.org/getattachment/0240e730-0a73-4a71-bcfd-a0c180e1179d/20260921.aspx|https://www.thetimesherald.com/story/news/local/2026/09/22/port-huron-township-michigan-approves-12-month-moratorium-on-data-centers/91886381007/,mi-port-huron-township-2026,false,false,2026-09-23,
nm-mi-portage-2026,city,Portage,MI,26077,2665560,42.20115,-85.58000,temporary moratorium,data center+battery storage,active,2026-02-24,2026-12-31,,true,Planning Commission drafting data center/BESS regulations from a model ordinance template,https://mml.org/wp-content/uploads/2026/08/Portage-data-center-moratorium-ordinances.pdf|https://wkzo.com/2026/03/25/907151/|https://wincountry.com/2026/09/23/972726/,mi-portage-2026,false,false,2026-09-23,
nm-mi-porter-township-2026,township,Porter Township (Cass County),MI,26027,2602765720,41.83116,-85.81834,temporary moratorium,data center,active,2026-05-12,2027-05-12,365,false,Adopted (reported unanimous); imposes a 12-month (or until-regulated) moratorium,https://wsbt.com/news/local/porter-township-passes-one-year-moratorium-pause-data-center-pause-ordinance-town-residents-developer-law-michigan-board-members-zoning-comment-public-meetings-approval-extension-cass-county-michigan,mi-porter-township-2026,false,false,2026-09-23,
nm-mi-rochester-hills-2026,city,Rochester Hills,MI,26125,2669035,42.65837,-83.14993,temporary moratorium,data center; 20 MW,extended,2026-03-09,2027-03-04,180,true,City staff drafting data-center ordinance amendments during the extension,https://mcclibraryfunctions.azurewebsites.us/api/ordinanceDownload/13170/1415884/pdf|https://www.mlive.com/news/detroit/2026/08/data-center-moratorium-extended-in-rochester-hills.html|https://www.detroitnews.com/story/news/local/oakland-county/2026/08/11/rochester-hills-extends-data-center-moratorium/91256551007/,mi-rochester-hills-2026,false,false,2026-09-23,
nm-mi-romeo-2026,village,Village of Romeo,MI,26099,2669400,42.80281,-83.01299,temporary moratorium,data center,active,2026-01-26,2027-01-26,365,false,Pending development of permanent regulations,https://www.myrecordnewspaper.com/?p=137650|https://www.myrecordnewspaper.com/?p=136973|https://www.wkar.org/wkar-news/2026-02-27/michigan-data-center-tracker-moratoria-legislation-and-grid-impact,mi-romeo-2026,true,false,2026-09-23,
nm-mi-saginaw-2026,city,Saginaw,MI,26145,2670520,43.42004,-83.94904,temporary moratorium,data center,extended,2026-01-12,2026-12-31,180,true,City staff directed to develop regulations and conduct stakeholder process,https://www.saginaw-mi.com/DocumentCenter/View/5991/Public-Hearing-Notice--Planning-Commission-Regular-Meeting-PDF|https://www.mlive.com/news/saginaw-bay-city/2026/04/saginaw-officials-extend-moratorium-to-weigh-data-center-impacts.html|https://www.wcmu.org/local-regional-news/2026-09-10/saginaw-data-center-panel-leaves-attendees-with-more-questions-than-answers|https://citizenportal.ai/articles/7880538/michigan/saginaw-county/saginaw/saginaw-council-votes-63-to-extend-moratorium-on-data-center-zoning-rules,mi-saginaw-2026,true,false,2026-09-23,
nm-mi-saline-city-2026,city,Saline City,MI,26161,2671140,42.17614,-83.77032,temporary moratorium,data center,active,2026-01-12,2027-01-12,365,false,Planning Commission directed to study and present recommendations,https://thesuntimesnews.com/saline-township-approves-industrial-moratorium-as-data-center-work-continues/,mi-saline-city-2026,false,false,2026-07-31,
nm-mi-saugatuck-township-2026,township,Saugatuck Township,MI,26005,2600571720,42.63739,-86.16208,temporary moratorium,data center,extended,2026-02-11,2026-10-31,180,true,"Pending; Saugatuck Township Planning Commission has scheduled a public hearing for August 18, 2026 to consider amending the Table of Uses (Section 4.30) and adding a new Section 8.370 to the Zoning…",https://saugatucktownshipmi.gov/wp-content/uploads/2026/04/20260211-Meeting-minutes-APPROVED-SIGNED.pdf|https://saugatucktownshipmi.gov/wp-content/uploads/2026/09/08122026-Approved-Minutes.pdf|https://saugatucktownshipmi.gov/wp-content/uploads/2026/09/08112026-Approved-Minutes.pdf|https://saugatucktownshipmi.gov/wp-content/uploads/2026/07/ST-Notice-of-Public-Hearing-Data-Center-Amendments-002.pdf|https://saugatucktownshipmi.gov/wp-content/uploads/2026/08/August-Board-Packet.pdf,mi-saugatuck-township-2026,false,false,2026-09-23,
nm-mi-sault-ste-marie-tribe-of-chippewa-indian-2026,tribal,Sault Ste. Marie Tribe of Chippewa Indians,MI,26033,,46.46787,-84.31963,temporary moratorium,data center,active,2026-04-07,,,false,"Lifting would require tribal impact assessment, environmental and cultural resource evaluations, infrastructure and energy capacity analysis, and community consultation",https://www.saulttribe.com/my-files/download-file?path=government%2Fboard+of+directors%2FBoard+Meeting+Minutes%2F2026%2FBOD+Meeting+Minutes+04-07-26.pdf|https://www.saulttribe.com/images/5.19.26_BoD_Announcement_Packet.pdf|https://www.saulttribe.com/images/4.7.26_BoD_Meeting_Announcement_Packet.pdf|https://www.saulttribe.com/newsroom/9313-sault-tribe-board-meets-april-7-in-sault-ste-marie|https://michiganadvance.com/2026/04/10/community-pushback-prompts-sault-tribe-leadership-to-adopt-moratorium-on-data-centers/,mi-sault-ste-marie-tribe-of-chippewa-indian-2026,false,false,2026-09-23,
nm-mi-sharon-township-2026,township,Sharon Township,MI,26161,2616172760,42.20544,-84.07122,temporary moratorium,data center,active,2026-02-05,2027-02-05,365,false,Review of Master Plan and zoning ordinances,https://thesuntimesnews.com/sharon-twp-adoption-of-resolution-no-2026-02-05-01/|https://www.mlive.com/news/ann-arbor/2026/03/data-center-influx-prompts-more-more-communities-near-ann-arbor-to-hit-pause.html,mi-sharon-township-2026,false,false,2026-09-23,
nm-mi-sherman-township-2026,township,Sherman Township (Huron County),MI,26063,2606373160,43.73146,-82.68533,temporary moratorium,data center,active,2026-06-09,2027-06-09,365,false,Township Board adopted Resolution and Ordinance 2026-0609DC by 5-0 vote,https://www.michigansthumb.com/news/article/sherman-township-data-center-moratorium-22322600.php,mi-sherman-township-2026,false,false,2026-09-23,
nm-mi-solon-township-kent-county-2026,township,Solon Township (Kent County),MI,26081,2608174460,43.26130,-85.61193,temporary moratorium,data center,extended,2026-02-09,2027-02-10,180,true,"Planning Commission revising data center zoning ordinance (sixth draft by special counsel Michael Homier); McKenna hired to update the master plan, expected into summer 2027",https://stopsolontownshipdatacenter.com/timeline-solon-township-data-center/|https://www.mlive.com/news/grand-rapids/2026/02/rural-kent-county-community-blocks-data-center-proposals-for-6-months.html|https://www.mlive.com/news/grand-rapids/2026/08/west-michigan-town-adds-6-more-months-on-data-center-moratorium.html|https://www.csbugle.com/post/solon-board-votes-to-extend-data-center-moratorium,mi-solon-township-kent-county-2026,false,false,2026-09-23,
nm-mi-south-lyon-undated,city,South Lyon,MI,26125,2675100,42.45138,-83.65918,temporary moratorium,data center,active,2026-02-09,2027-02-09,365,false,"City Council adopted a 365-day moratorium (resolution) on new data-processing/hyperscale-data-center applications and permits, retaining a petition/hearing clause for aggrieved applicants and a…",https://citizenportal.ai/articles/7412668/michigan/oakland-county/south-lyon/south-lyon-council-approves-12month-moratorium-on-hyperscale-data-centers-retains-developerpetition-clause|https://www.whmi.com/news/article/city-of-south-lyon-adopts-12-month-moratorium-on-data-center-applications|https://www.wkar.org/wkar-news/2026-02-27/michigan-data-center-tracker-moratoria-legislation-and-grid-impact,mi-south-lyon-undated,false,false,2026-09-23,
nm-mi-springfield-township-2025,township,Springfield Township,MI,26079,2607975720,44.53490,-85.27325,temporary moratorium,"data center; >250,000 square feet",extended,2025-12-11,2026-12-10,180,true,Draft framework discussed accessory/minor data centers by-right in some districts and enterprise or hyperscale facilities as special land use in I-2,https://www.springfield-twp.us/July%202026%20-%20FINAL.pdf|https://okoenv.com/timeline-springfield-township-data-center/|https://springfield-twp.us/departments/supervisor/data_centers/latest_updates.php|https://www.springfield-twp.us/departments/supervisor/data_centers/index.php|https://www.springfield-twp.us/departments/supervisor/data_centers/latest_updates.php|https://www.govtech.com/artificial-intelligence/michigan-township-passes-temporary-data-center-moratorium,mi-springfield-township-2025,false,false,2026-09-23,
nm-mi-sterling-heights-2026,city,Sterling Heights,MI,26099,2676460,42.58031,-83.03020,temporary moratorium,data center,active,2026-02-04,2027-02-04,365,false,"Study computing trends, infrastructure impacts, and noise limitations",,mi-sterling-heights-2026,false,false,2026-04-29,
nm-mi-stockbridge-township-ingham-county-2026,township,Stockbridge Township (Ingham County),MI,26065,2606576580,42.47349,-84.19951,temporary moratorium,data center,active,2026-03-16,2027-09-15,548,false,Township to develop zoning provisions for data centers,https://www.stockbridgetownship.com/wp-content/uploads/2026/03/notice.pdf,mi-stockbridge-township-ingham-county-2026,false,false,2026-09-23,
nm-mi-stronach-township-manistee-county-2026,township,Stronach Township (Manistee County),MI,26101,2610176840,44.21193,-86.17178,temporary moratorium,data center,active,2026-06-10,2026-12-31,,true,Township studying data center impacts and drafting a new master plan to inform zoning,https://www.ourmidland.com/news/article/stronach-township-approves-six-month-data-center-22301704.php|https://michiganadvance.com/2026/06/23/how-easily-could-a-big-data-center-set-up-in-northern-michigan/,mi-stronach-township-manistee-county-2026,false,false,2026-09-23,
nm-mi-superior-charter-township-2026,township,Superior Charter Township (Washtenaw County),MI,26161,2616177560,42.30499,-83.60412,temporary moratorium,data center,active,2026-01-20,2027-01-20,365,false,Pending data center regulations,https://superiortownship.org/wp-content/uploads/2026/02/1.-January-20-2026-Regular-Minutes-APPROVED.pdf|https://www.mlive.com/news/ann-arbor/2026/03/data-center-influx-prompts-more-more-communities-near-ann-arbor-to-hit-pause.html,mi-superior-charter-township-2026,false,false,2026-09-23,
nm-mi-sylvan-township-2026,township,Sylvan Township (Washtenaw County),MI,26161,2616177800,42.29548,-84.07236,temporary moratorium,data center+general,extended,2026-01-13,2027-07-14,365,true,Zoning review,https://thesuntimesnews.com/sylvan-twp-notice-of-adoption-1-13-26/|https://thesuntimesnews.com/sylvan-twp-notice-of-resolution-26-05/|https://sylvantownshipmi.gov/wp-content/uploads/2026/06/Sylvan-Newsletter-July-2026.pdf|https://thesuntimesnews.com/sylvan-township-decides-on-data-center-moratorium-and-new-computers/|https://www.wkar.org/wkar-news/2026-02-27/michigan-data-center-tracker-moratoria-legislation-and-grid-impact,mi-sylvan-township-2026,false,false,2026-09-23,
nm-mi-taylor-undated,city,Taylor,MI,26163,2679000,42.24087,-83.26965,temporary moratorium,data center,active,2026-01-20,2027-01-20,365,false,Pending; city officials have indicated they are reviewing the Master Plan and existing ordinances during the moratorium period,https://www.cityoftaylor.com/AgendaCenter/ViewFile/Minutes/_01202026-831|https://www.thenewsherald.com/2026/01/22/taylor-council-approves-moratorium-on-data-centers/|https://bluewaterhealthyliving.com/news/local-news/michigan/rochester-hills-extends-data-center-moratorium/,mi-taylor-undated,false,false,2026-09-23,
nm-mi-texas-township-2026,township,Texas Township,MI,26077,2607779300,42.20489,-85.70674,temporary moratorium,data center,active,2026-06-22,2027-06-22,365,false,"Township Board unanimously adopted Resolution 26-12 (7-0), barring permits, licenses, and approvals for data centers for 12 months or until new regulations are adopted",https://texastownship.org/AgendaCenter/ViewFile/Minutes/_06222026-2599,mi-texas-township-2026,false,false,2026-07-31,
nm-mi-tyrone-township-2025,township,Tyrone Township (Livingston County),MI,26093,2609381160,42.73806,-83.74417,temporary moratorium,data center,extended,2025-12-02,2027-02-19,180,true,Pending permanent regulations,https://www.tyronetownship.us/wp-content/uploads/2026/06/Board-Packet-061626.pdf|https://www.tyronetownship.us/wp-content/uploads/2026/05/Board-Packet-051926.pdf|https://www.tyronetownship.us/wp-content/uploads/2026/09/Board-Packet-091526.pdf|https://www.tyronetownship.us/wp-content/uploads/2025/11/Board-Packet-120225-website.pdf|https://www.tyronetownship.us/wp-content/uploads/2026/06/260502-Data-Center-Moratorium.pdf|https://tctimes.com/articles/news/township-renews-moratoriums-on-data-centers-medical-marijuana-facilities/,mi-tyrone-township-2025,false,false,2026-09-23,
nm-mi-utica-2026,city,Utica,MI,26099,2681540,42.62615,-83.03354,temporary moratorium,data center,extended,2026-01,,,true,City attorney drafting a data center ordinance,https://www.candgnews.com/articles/government-news/utica-city-council-approves-extending-data-center-moratorium/|https://citizenportal.ai/articles/8532988/michigan/macomb-county/utica-city/utica-council-extends-moratorium-on-data-centers-while-attorneys-draft-ordinance,mi-utica-2026,true,true,2026-09-23,
nm-mi-warren-2026,city,Warren,MI,26099,2684000,42.49326,-83.00628,temporary moratorium,"data center; >2,500 sq ft",active,2026-08-25,2027-08-25,365,false,City to define data centers and set zoning locations and conditions,https://www.candgnews.com/articles/government-news/warren-city-council-votes-to-approve-12-month-data-center-moratorium/|https://www.macombdaily.com/2026/07/15/warren-city-council-calls-for-data-center-moratorium/,mi-warren-2026,true,false,2026-09-23,
nm-mi-washington-township-2026,township,Washington Township (Macomb County),MI,26099,2609984120,42.75709,-83.03730,temporary moratorium,data center,active,2026-05-20,2026-11-16,180,false,Board passed Resolution 2026-14; six-month pause on acceptance and review of data center applications,"https://nominatim.openstreetmap.org/search?q=Washington+Township,+Macomb+County,+Michigan|https://www.detroitnews.com/story/news/local/macomb-county/2026/05/23/washington-township-passes-six-month-moratorium-on-data-centers/90213646007/|https://planetdetroit.org/2026/05/washington-township-data-center-withdrawn/",mi-washington-township-2026,true,false,2026-09-23,
nm-mi-waterford-township-2026,township,Waterford Township,MI,26125,2612584240,42.67064,-83.38962,temporary moratorium,data center,expired,2026-03-23,2026-10-01,180,false,Township staff and Planning Commission directed to study impacts and draft zoning and code amendments,https://waterfordmi.gov/AgendaCenter/ViewFile/Agenda/_09142026-1704|https://waterfordmi.gov/AgendaCenter/ViewFile/Item/11225?fileID=40369|https://waterfordmi.gov/AgendaCenter/ViewFile/Item/10564?fileID=39638,mi-waterford-township-2026,false,false,2026-09-23,
nm-mi-watertown-township-2026,township,Watertown Township (Tuscola County),MI,26157,2615784460,43.27752,-83.40705,temporary moratorium,data center,active,2026-05-18,2027-05-18,365,false,Adopted 7-0; immediately imposed a one-year moratorium,https://www.watertownmi.gov/AgendaCenter/ViewFile/Minutes/_05182026-65|https://www.tuscolatoday.com/news/watertown-oks-data-center-moratorium/article_46ced0de-be59-4ebd-9f34-f96640ff900c.html,mi-watertown-township-2026,false,false,2026-09-23,
nm-mi-webster-township-2026,township,Webster Township,MI,26161,2616185100,42.38359,-83.84234,temporary moratorium,data center+battery storage,active,2026-04-21,2027-04-21,365,false,Study of revised data center and BESS regulations,https://cms9files.revize.com/webstertwpmi/2026-04-21%20Ordinance%20No.%2026-02%20Data%20Center%20Moratorium%20Notice%20of%20Adoption.pdf|https://thesuntimesnews.com/webster-twp-notice-of-adoption-of-ordinance-no-26-02/,mi-webster-township-2026,false,false,2026-09-23,
nm-mi-wheeler-township-gratiot-county-2026,township,Wheeler Township (Gratiot County),MI,26057,2605786620,43.42789,-84.42917,temporary moratorium,data center,active,2026-07-14,2027-07-14,365,false,Township to study and potentially adopt revised data center regulations,https://wheelertwp.com/data-center-moratorium/,mi-wheeler-township-gratiot-county-2026,false,false,2026-09-23,
nm-mi-white-lake-township-2026,township,White Lake Township,MI,26125,2612586860,42.61663,-83.44951,temporary moratorium,data center,extended,2026-02-17,2027-02-12,180,true,"Staff and consultants reviewing zoning, utility, noise/light and stormwater standards for data processing centers",https://www.whitelaketwp.com/sites/default/files/fileattachments/township_board/meeting/25404/02-17-26_approved_minutes_reg_signed.pdf|https://www.whitelaketwp.com/sites/default/files/fileattachments/township_board/meeting/25409/synopsis_07-21-26_reg_v5.pdf|https://mccmeetingspublic.blob.core.usgovcloudapi.net/whitelakmi-meet-ad49447f83ef496c9b0679f93b7682aa/ITEM-Attachment-001-0046b90268c2458fbf0d75f29372b33b.pdf|https://mccmeetingspublic.blob.core.usgovcloudapi.net/whitelakmi-meet-82a1b8311c2c4e16a9b47835e0c0b9fe/ITEM-Attachment-001-604ae5a6a8394cc8b558abdfdea5d541.pdf,mi-white-lake-township-2026,false,false,2026-09-23,
nm-mi-williams-charter-township-2026,township,Williams Charter Township,MI,26017,2601787380,43.61088,-84.10851,temporary moratorium,data center,active,2026-05-12,2027-05-12,365,false,Planning Commission to develop data center regulations,https://www.williamstwpmi.gov/Board%20of%20Trustees/Board%20of%20Trustees%20Minutes/2026/2026%20BOT%20-%2005.12%20Regular%20Meeting%20Minutes.pdf?t=202607220933570|https://www.williamstwpmi.gov/Planning%20Commission/Planning%20Minutes/2026/2026%20PC%20-%2003.17%20Special%20Meeting%20Minutes%20%28Data%20Centers%29.pdf?t=202605271449520|https://www.mlive.com/news/saginaw-bay-city/2026/02/williams-charter-township-to-consider-data-center-moratorium.html,mi-williams-charter-township-2026,false,false,2026-09-23,
nm-mi-williamstown-township-2026,township,Williamstown Township,MI,26065,2606587440,42.72646,-84.31507,temporary moratorium,data center,active,2026-02-11,2027-02-11,365,false,Planning Commission drafting data center regulations,https://williamstownmi.gov/wp-content/uploads/2026/02/Ordinance-60-Establishing-Data-Center-Moratorium-signed-.pdf|https://baldorilaw.com/resources/michigan-data-center-tracker,mi-williamstown-township-2026,false,false,2026-09-23,
nm-mi-wisner-township-undated,township,Wisner Township,MI,26157,2615788080,43.60858,-83.61745,temporary moratorium,data center,extended,2026-02,2027-02-17,,true,Township attorney hired (2026-07-20) to draft a data center overlay ordinance; Planning Commission special meeting 2026-08-26,https://www.tuscolatoday.com/news/wisner-twp-extends-data-center-moratorium-moves-ahead-with-cemetery-fence-removal/article_cae6d5bc-f4c5-42ce-8d82-16c9b6859f6c.html|https://www.tuscolatoday.com/news/wisner-township-moves-forward-with-road-abandonment-data-center-ordinance-work/article_53ca5729-6040-421e-a958-75e7eff781b7.html,mi-wisner-township-undated,true,true,2026-09-23,
nm-mi-wixom-2026,city,Wixom,MI,26125,2688140,42.52469,-83.53636,temporary moratorium,data center,replaced,2026-03-24,2026-09-06,180,false,"Replaced by Ordinance No. 2026-01: data centers are a special land use in the M-1 and M-2 districts, with residential setbacks, noise studies, utility capacity checks and decommissioning plans",https://www.wixomgov.org/home/showpublisheddocument/12953/639234521985270000|https://www.wixomgov.org/departments/construction-development-services-building/data-center-moratorium-ordinance,mi-wixom-2026,false,false,2026-09-23,
nm-mi-york-township-2026,township,York Township,MI,26161,2616189100,42.12762,-83.71637,temporary moratorium,data center,extended,2026-03-10,2027-03-13,180,true,Consultant study and zoning work pending,https://www.twp-york.org/Boards%20and%20Commissions/Board%20of%20Trustees/2026/Bd%20mtg%20agenda%208-11-2026%20meeting.pdf?t=202608061450230|https://thesuntimesnews.com/york-charter-twp-notice-of-publication-by-posting-data-center-moratorium-ordinance/|https://cms2.revize.com/revize/yorktwp/Boards%20and%20Commissions/Board%20of%20Trustees/2026/Final%20Bd%20mtg%20minutes%202-10-2026%20meeting-compressed.pdf|https://www.twp-york.org/Boards%20and%20Commissions/Board%20of%20Trustees/2026/August%202026%20BOT%20Minutes%20and%20Resolutions-compressed-compressed.pdf?t=202608251046290,mi-york-township-2026,false,false,2026-09-23,
nm-mi-ypsilanti-2026,city,Ypsilanti,MI,26161,2689140,42.24105,-83.61177,temporary moratorium,data center,active,2026-03-03,2027-03-03,365,false,Council renewing 60-day emergency ordinances while a data center zoning text amendment is drafted,https://cityofypsilanti.com/AgendaCenter/ViewFile/Minutes/_03032026-2490|https://cityofypsilanti.com/AgendaCenter/ViewFile/Minutes/_04212026-2513|https://cityofypsilanti.com/AgendaCenter/ViewFile/Agenda/_09152026-2588|https://cityofypsilanti.com/AgendaCenter/ViewFile/Agenda/_09012026-2585|https://ypsitownship.org/_news/Data-Center/Resolution2026-21-ElectricMoratorium.pdf?t=202608240959240|https://ypsitownship.org/government/boards___commissions/board_of_trustees/data_center_information.php|https://www.wemu.org/wemu-news/2026-03-04/city-of-ypsilanti-passes-data-center-moratorium|https://www.mlive.com/news/ann-arbor/2026/09/no-set-timeline-in-ypsilanti-to-finish-crafting-rules-for-data-centers.html,mi-ypsilanti-2026,false,false,2026-09-23,
nm-mi-ypsilanti-community-utilities-authority-2026,utility,Ypsilanti Community Utilities Authority,MI,26161,,42.24105,-83.61177,interconnection pause,data center,active,2026-04-22,2027-04-22,365,false,YCUA to conduct further studies before considering service commitments,,mi-ypsilanti-community-utilities-authority-2026,false,false,2026-04-29,
nm-mi-ypsilanti-township-2026,township,Ypsilanti Township,MI,26161,2616189160,42.20331,-83.60889,temporary moratorium,general+data center; exemptions noted,active,2026-08-18,2027-02-14,180,false,Planning Commission to study regulation of major electric utility facilities; DTE reviewing the moratorium,https://cityofypsilanti.com/AgendaCenter/ViewFile/Minutes/_03032026-2490|https://cityofypsilanti.com/AgendaCenter/ViewFile/Minutes/_04212026-2513|https://cityofypsilanti.com/AgendaCenter/ViewFile/Agenda/_09152026-2588|https://cityofypsilanti.com/AgendaCenter/ViewFile/Agenda/_09012026-2585|https://ypsitownship.org/_news/Data-Center/Resolution2026-21-ElectricMoratorium.pdf?t=202608240959240|https://ypsitownship.org/government/boards___commissions/board_of_trustees/data_center_information.php|https://www.easternecho.com/article/2026/08/ypsilanti-township-issues-land-use-moratorium-impacting-data-centers|https://www.wemu.org/wemu-news/2026-03-04/city-of-ypsilanti-passes-data-center-moratorium,mi-ypsilanti-township-2026,false,false,2026-09-23,
nm-mi-zeeland-charter-township-2026,township,Zeeland Charter Township,MI,26139,2613989280,42.81138,-85.94824,temporary moratorium,data center+solar+wind+battery storage+cryptocurrency mining,active,2026-09-01,2027-09-01,365,false,Planning Commission and staff to complete master plan update and renewable-energy/data-center zoning before the moratorium ends,https://zeelandchartertwpmi.documents-on-demand.com/Document/ec55d316-73c6-49bf-a893-b42abca8ff8c/September%201st%20Packet%20with%20Budget%20workshop.pdf|https://legalnews.com/Home/Articles?DataId=1630382|https://www.fox17online.com/news/local-news/holland-zeeland-grand-haven/zeeland-township-approves-new-data-center-and-energy-facility-moratorium-to-protect-local-planning|https://legalnews.com/Home/Articles?DataId=1594513,mi-zeeland-charter-township-2026,false,false,2026-09-23,
nm-mi-zeeland-charter-township-2026-2,township,Zeeland Charter Township,MI,26139,2613989280,42.81138,-85.94824,temporary moratorium,data center,lifted,2026-03-03,2027-03-03,365,false,Repealed and superseded by the 2026-09-01 energy-facility and data-center moratorium.,https://zeelandchartertwpmi.documents-on-demand.com/Document/ec55d316-73c6-49bf-a893-b42abca8ff8c/September%201st%20Packet%20with%20Budget%20workshop.pdf|https://legalnews.com/Home/Articles?DataId=1630382|https://www.fox17online.com/news/local-news/holland-zeeland-grand-haven/zeeland-township-approves-new-data-center-and-energy-facility-moratorium-to-protect-local-planning|https://legalnews.com/Home/Articles?DataId=1594513,mi-zeeland-charter-township-2026-2,false,false,2026-09-23,
nm-mn-bemidji-2026,city,Bemidji,MN,27007,2705068,47.47232,-94.88328,temporary moratorium,"data center+cryptocurrency mining; >10,000 sq ft",active,2026-09-14,2027-09-14,365,false,"One-year moratorium adopted 6-1 (Ward 3 council member Mark Dickinson dissenting) prohibiting data centers over 10,000 sq ft and crypto mining facilities of any size, while staff draft permanent…",https://www.kaxe.org/local-news/2026-09-15/bemidji-adopts-1-year-moratorium-on-data-center-development|https://lptv.org/city-of-bemidji-approves-moratorium-on-data-centers-for-1-year/,mn-bemidji-2026,false,false,2026-09-23,
nm-mn-blue-earth-county-2026,county,Blue Earth County,MN,27013,,44.01097,-94.05606,temporary moratorium,data center,active,2026-08-25,2027-08-25,365,false,"Blue Earth County Board adopted an interim ordinance (PC 11-26) placing up to a one-year moratorium on data center permitting, following staff review of comparable ordinances in six other Minnesota…",https://www.blueearthcountymn.gov/AgendaCenter/ViewFile/Minutes/_08252026-503|https://www.blueearthcountymn.gov/Archive/ViewFile/Item/3374|https://citizenportal.ai/articles/9582781/minnesota/blue-earth-county/blue-earth-county-adopts-one-year-moratorium-on-data-center-permitting|https://citizenportal.ai/articles/9506848/Minnesota/Chisago-County/Chisago-County-enacts-interim-moratorium-on-data-centers,mn-blue-earth-county-2026,false,false,2026-09-23,
nm-mn-carlton-county-2026,county,Carlton County,MN,27017,,46.57999,-92.72063,temporary moratorium,data center,active,2026-08-24,2027-08-24,365,false,"Interim Ordinance #42 adopted unanimously, pausing data center construction/expansion in county townships for one year while the Planning Commission studies the issue.",https://www.carltoncountymn.gov/DocumentCenter/View/6569/Interim-Ordinance-42-Data-Center-Interim-Use-Study-PDF|https://www.kaxe.org/local-news/2026-08-26/carlton-county-approves-1-year-data-center-moratorium,mn-carlton-county-2026,false,false,2026-09-23,
nm-mn-carver-2026,city,Carver,MN,27019,2710144,44.75443,-93.62559,temporary moratorium,data center,active,2026-04-06,2027-04-06,365,false,"Pending staff, consultant, and Planning Commission study with recommendations to the City Council",,mn-carver-2026,false,false,,
nm-mn-chisago-county-2026,county,Chisago County,MN,27025,,45.47589,-92.88494,temporary moratorium,data center,active,2026-08-05,2027-08-05,365,false,County Board voted unanimously (5-0) to adopt an interim zoning moratorium on data centers after a public hearing.,https://citizenportal.ai/articles/9506848/Minnesota/Chisago-County/Chisago-County-enacts-interim-moratorium-on-data-centers,mn-chisago-county-2026,false,false,2026-09-23,
nm-mn-city-of-apple-valley-2026,city,City of Apple Valley,MN,27037,2701900,44.73191,-93.21772,temporary moratorium,data center,active,2026-07-09,2027-07-09,365,false,"City Council passed Ordinance 1158, a citywide interim ordinance effective upon passage and publication",https://www.applevalleymn.gov/DocumentCenter/View/24224/1158---Data-Center-Moratorium,mn-city-of-apple-valley-2026,false,false,2026-07-31,
nm-mn-city-of-elko-new-market-2026,city,City of Elko New Market,MN,27139,2718662,44.56582,-93.33881,temporary moratorium,data center,active,2026-05-14,,,false,"City Council voted 4-0 to adopt Interim Ordinance 345 and Summary Ordinance 346, immediately prohibiting data centers citywide",https://elkonewmarketmn.gov/vertical/sites/%7B97941C7E-666C-4328-9370-1A15F984EEE3%7D/uploads/2_345_INTERIM_ORDINANCE_DATA_CENTERS.pdf|https://elkonewmarketmn.gov/vertical/sites/%7B97941C7E-666C-4328-9370-1A15F984EEE3%7D/uploads/6a._Consent_Agenda_-_Approve_Minutes_of_the_May_14_2026_City_Council_Meeting.pdf|https://elkonewmarketmn.gov/vertical/sites/%7B97941C7E-666C-4328-9370-1A15F984EEE3%7D/uploads/ENM_PC_Packet_5.26.26.pdf|http://elkonewmarketmn.gov/vertical/sites/%7B97941C7E-666C-4328-9370-1A15F984EEE3%7D/uploads/ENM_PC_Packet_5.26.26.pdf,mn-city-of-elko-new-market-2026,false,false,2026-09-23,
nm-mn-eagan-2026,city,Eagan,MN,27037,2717288,44.81817,-93.16592,temporary moratorium,data center+cryptocurrency mining; 20 MW,active,2026-02-17,2027-02-17,365,false,Pending study and possible permanent regulations,https://mcclibraryfunctions.azurewebsites.us/api/ordinanceDownload/13070/1410426/pdf|https://eagan.granicus.com/MetaViewer.php?view_id=8&clip_id=2657&meta_id=155114|https://cityofeagan.com/eagan-establishes-data-center-moratorium|https://www.cbsnews.com/minnesota/news/inver-grove-heights-data-center-moratorium-carve-out/,mn-eagan-2026,false,false,2026-09-23,
nm-mn-elk-river-2026,city,Elk River,MN,27141,2718674,45.30385,-93.56718,temporary moratorium,data center,active,2026-08-03,2027-08-03,365,false,"Unanimous one-year moratorium adopted August 3, 2026, after the Council denied a zoning amendment for a specific data center proposal and the applicant withdrew its applications.",https://www.hometownsource.com/elk_river_star_news/elk-river-adopts-one-year-data-center-moratorium/article_92249969-44d2-486d-b0bc-4f5bd4f710df.html,mn-elk-river-2026,false,false,2026-09-23,
nm-mn-freeborn-county-2025,county,Freeborn County,MN,27047,,43.67636,-93.35017,temporary moratorium,data center+battery storage,extended,2025-08-19,2027-08-19,365,true,"County Board voted unanimously to extend the county's one-year-old data center moratorium for a second year (through Aug. 19, 2027) as staff continue developing land-use controls.",https://www.albertleatribune.com/news/county-board-extends-data-center-moratorium-for-another-year-as-it-continues-work-on-ordinance-2668239f|https://www.kaaltv.com/news/top-news/freeborn-county-extends-data-center-moratorium-for-another-year/,mn-freeborn-county-2025,false,false,2026-09-23,
nm-mn-hastings-2026,city,Hastings,MN,27037,2727530,44.74269,-92.85187,temporary moratorium,data center,active,2026-08-17,2027-08-17,365,false,Interim ordinance adopted unanimously without opposition after a public hearing at which only one resident spoke.,"https://www.hastingsjournal.news/stories/council-passes-data-center-moratorium-after-public-hearing,203685",mn-hastings-2026,false,false,2026-09-23,
nm-mn-inver-grove-heights-2026,city,Inver Grove Heights,MN,27037,2731076,44.84790,-93.04281,temporary moratorium,"data center; 5 MW; >55,000 square feet; exemptions noted",active,2026-06-26,2027-06-26,365,false,"One-year moratorium (Ordinance No. 1527) adopted 2026-06-26 on a 3-2 vote following three readings; amended by Ordinance No. 1532 (2026-09-14, 3-1) to exempt the QLevr LLC Carmen Avenue East data…",https://marketplace.twincities.com/advert/CITY-OF-INVER-GROVE-HEIGHTSDAKOTA-COUNTY-MINNESOTAORDINANCE-NO-1532AN-ORDINANCE-Services_14282|https://www.ighmn.gov/CivicAlerts.asp?AID=2896|https://www.mprnews.org/story/2026/06/26/inver-grove-heights-approves-moratorium-data-centers|https://www.cbsnews.com/minnesota/news/inver-grove-heights-data-center-moratorium-carve-out/|https://www.mprnews.org/story/2026/09/15/inver-grove-heights-data-center-project-exempted-from-city-moratorium|https://news.google.com/rss/search?q=%22Inver%20Grove%20Heights%22%20%22one-year%20moratorium%22&hl=en-US&gl=US&ceid=US:en|https://news.google.com/rss/search?q=Inver%20Grove%20Heights%20Minnesota%20data%20center%20moratorium&hl=en-US&gl=US&ceid=US:en,mn-inver-grove-heights-2026,false,false,2026-09-23,
nm-mn-le-sueur-county-2026,county,Le Sueur County,MN,27079,,44.37716,-93.71144,temporary moratorium,data center,active,2026-05-26,2027-05-26,365,false,"County Board adopted a 12-month interim ordinance barring establishment, construction, permitting, or acceptance and processing of land-use applications for data centers in unincorporated areas;…",https://www.lesueurcounty.gov/AgendaCenter/ViewFile/Item/7545?fileID=9549|https://www.lesueurcounty.gov/m/NewsFlash/Home/Detail/169|https://www.lesueurcounty.gov/m/newsflash/home/detail/168,mn-le-sueur-county-2026,false,false,2026-07-31,
nm-mn-lonsdale-2026,city,Lonsdale,MN,27131,2738150,44.48024,-93.42856,temporary moratorium,data center,active,2026-04-30,,365,false,"One-year interim ordinance passed restricting data center location, establishment, or construction, on the city attorney's recommendation, without a public hearing (though the mayor opened the floor…",https://www.southernminn.com/lonsdale_area_news_review/news/lonsdale-passes-1-year-moratorium-on-data-centers-we-need-to-do-this-right/article_97d6fa97-4659-4551-b2c6-a5e6e5fc47d9.html|https://citizenportal.ai/articles/8274367/minnesota/rice-county/lonsdale-city/lonsdale-adopts-one-year-moratorium-on-data-centers-to-study-impacts,mn-lonsdale-2026,false,true,2026-09-23,
nm-mn-mankato-2026,city,Mankato,MN,27013,2739878,44.16585,-94.00280,temporary moratorium,data center,active,2026-07-13,2027-07-13,365,false,City staff and Planning Commission to study data centers and high-impact utility consumers and recommend zoning amendments,https://public.destinyhosted.com/mankadocs/2026/CCREG/20260713_2998/7368_Mankato_Interim_Ordinance_(Data_Center_Moratorium).pdf|https://blandinonbroadband.org/2026/07/14/mankato-city-council-approves-data-center-moratorium-blue-earth-county/,mn-mankato-2026,false,false,2026-07-31,
nm-mn-minneapolis-2026,city,Minneapolis,MN,27053,2743000,44.97730,-93.26547,temporary moratorium,data center,active,2026-06-25,2026-11-21,,false,"The ordinance was adopted: Council voted 8-5 on 2026-05-22 and gave final approval 2026-06-25 after a 2026-06-16 public hearing. Council members Whiting, Chughtai, Stevenson, Osman, Payne, Wonsley,…",https://library.municode.com/mn/minneapolis/codes/code_of_ordinances?nodeId=MICOOR_TIT21INOR_CH587PRMOESREEXPRPAFAARBOCHAVWEMIGRHECORERAAUHCRI-WNO31STSTEASOHIAVEA|https://library.municode.com/mn/minneapolis/codes/code_of_ordinances?nodeId=11490|https://www.minneapolismn.gov/business-services/planning-zoning/amendments/proposed-adopted/data-centers/|https://www.fox9.com/news/minneapolis-data-center-development-pause-approved-city-council-june-25-2026.amp,mn-minneapolis-2026,false,false,2026-09-23,
nm-mn-minnetrista-2026,city,Minnetrista,MN,27053,2743306,44.92356,-93.71868,temporary moratorium,data center,active,2026-08-03,2027-08-03,365,false,"Ordinance No. 509 adopted 3-1, authorizing a study and imposing a one-year moratorium on data centers.",https://mccmeetingspublic.blob.core.usgovcloudapi.net/mnntrstamn-meet-96c51173ab9c44c18f474903fee876d8/ITEM-Attachment-001-109cce41d85a41ecab3e7de36280d1a2.pdf|https://www.hometownsource.com/laker_pioneer/community/minnetrista-puts-1-year-moratorium-on-data-center-development/article_4196c64e-61c7-4bc6-b2a9-ae95c4e50864.html,mn-minnetrista-2026,false,false,2026-09-23,
nm-mn-north-branch-undated,city,North Branch,MN,27025,2746798,45.51135,-92.98022,temporary moratorium,data center+cryptocurrency mining+general; 50 MW,active,2026-07,,180,false,Under discussion/planned as of the article reviewed; not confirmed adopted.,https://www.isanti-chisagocountystar.com/news/the-center-of-attention-north-branch-sets-six-month-moratorium-on-data-centers/article_a79a87c3-496c-4e13-bda7-7593e472ef56.html|https://chisagocountypress.com/news/2026/jul/31/nb-calls-off-old-town-again/,mn-north-branch-undated,true,true,2026-09-23,
nm-mn-north-mankato-2026,city,North Mankato,MN,27103,2747068,44.17329,-94.03381,temporary moratorium,data center,active,2026-09-21,2027-09-21,365,false,"Ordinance 199-2 adopted with overwhelming support at a continued public hearing, after being tabled in August 2026 for further refinement of size/water-use thresholds.",https://www.northmankato.com/news_detail_T43_R571.php|https://www.keyc.com/2026/09/22/north-mankato-city-council-adopts-data-center-moratorium/,mn-north-mankato-2026,false,false,2026-09-23,
nm-mn-otsego-2026,city,Otsego,MN,27171,2749138,45.28127,-93.61486,temporary moratorium,data center,active,2026-07-27,2027-07-27,365,false,"Adopted: the Otsego City Council voted 5-0 on July 27, 2026 to adopt Ordinance 2026-11, imposing a one-year moratorium on data center land uses and directing staff to study official controls and…",https://otsegomn.gov/AgendaCenter/ViewFile/Minutes/_07272026-286|https://www.otsegomn.gov/DocumentCenter/View/2373/DataCenters_moratorium_ord|https://www.otsegomn.gov/AgendaCenter/ViewFile/Agenda/_07272026-286?html=true|https://www.hometownsource.com/elk_river_star_news/otsego-council-passes-1-year-data-centers-moratorium/article_3c34723c-9119-46c4-85e1-0db37534d9fd.html|https://citizenportal.ai/articles/9160105/minnesota/wright-county/otsego/otsego-council-imposes-one-year-moratorium-and-study-on-data-center-development,mn-otsego-2026,false,false,2026-09-23,
nm-mn-pine-county-2026,county,Pine County,MN,27115,,46.08210,-92.75421,temporary moratorium,data center,extended,2026-07,,365,true,"Zoning board studying data center regulations, possibly via a working group.",https://citizenportal.ai/articles/8450687/minnesota/pine-county/pine-county-adopts-6-month-moratorium-on-countywide-data-centers-to-allow-zoning-study,mn-pine-county-2026,false,true,2026-09-23,
nm-mn-plymouth-2026,city,Plymouth,MN,27053,2751730,45.00652,-93.46651,temporary moratorium,"data center; >50,000 square feet",active,2026-09-08,2027-09-08,365,false,"Interim ordinance adopted unanimously, with the size threshold reduced during the meeting from a staff-recommended 75,000 sq ft to 50,000 sq ft.",https://www.hometownsource.com/sun_sailor/community/plymouth_medicinelake/plymouth-approves-moratorium-on-data-centers/article_4fbb3711-6138-4fd2-a8db-01ef54c39fb9.html,mn-plymouth-2026,false,false,2026-09-23,
nm-mn-rice-undated,city,Rice,MN,27009,2753998,45.75262,-94.23225,temporary moratorium,data center,pending,,,,false,Vote scheduled for 2026-09-21; outcome not confirmed in sources located in this pass.,https://blandinonbroadband.org/2026/09/20/event-sep-21-rice-city-council-meeting-to-vote-on-authorizing-a-study-for-data-centers-rice-county/,mn-rice-undated,true,true,2026-09-23,
nm-mn-rosemount-2026,city,Rosemount,MN,27037,2755726,44.73919,-93.12611,temporary moratorium,data center,active,2026-04-21,2027-04-21,365,false,"City staff, consultants, and Planning Commission directed to study data centers and recommend possible zoning amendments",https://www.rosemountmn.gov/DocumentCenter/View/8294/Interim-Ordinance-Data-Centers,mn-rosemount-2026,false,false,2026-07-31,
nm-mn-st-joseph-2026,city,St. Joseph,MN,27145,2757130,45.56452,-94.31805,temporary moratorium,data center,active,2026-06-15,2027-06-15,365,false,"Active as of 2026-09-23. City Council approved Ordinance 2026-004 following a public hearing on 2026-06-15, pausing all data center land use applications for up to one year, through 2027-06-15,…",http://www.stjosephmn.gov/AgendaCenter/ViewFile/Item/1087?fileID=993,mn-st-joseph-2026,false,false,2026-09-23,
nm-mn-waite-park-undated,city,Waite Park,MN,27145,2767612,45.55371,-94.23346,temporary moratorium,data center; >300 sq ft; exemptions noted,active,2026-05-04,2027-05-04,365,false,"The city council moved from work-session discussion (March 2026) to a public hearing (2026-05-04 evening session per KNSI's same-day coverage) to unanimous adoption of a one-year moratorium,…",https://www.ci.waitepark.mn.us/AgendaCenter/ViewFile/Agenda/_05042026-945|http://www.ci.waitepark.mn.us/AgendaCenter/ViewFile/Item/4419?fileID=12721|https://knsiradio.com/2026/05/05/waite-park-city-council-passes-one-year-data-center-moratorium/,mn-waite-park-undated,false,false,2026-09-23,
nm-mn-woodbury-undated,city,Woodbury,MN,27163,2771428,44.91990,-92.93394,temporary moratorium,data center,active,2026-09-23,2027-09-23,,false,"City council adopted an interim ordinance pausing data center applications, expansions, related rezonings, CUPs and variances, and the largest water/sewer users, for up to a year.",https://woodburynewsnet.org/8110/business/woodbury-approves-data-center-moratorium-after-questions-about-water-power/|https://woodburynewsnet.org/8014/city-county/woodbury-proposes-data-center-moratorium-ahead-of-sept-23-council-meeting/,mn-woodbury-undated,true,false,2026-10-07,
nm-mn-wright-county-2026,county,Wright County,MN,27171,,45.14891,-93.96392,temporary moratorium,data center,active,2026-05-19,2027-05-19,365,false,County staff and Planning Commission directed to study data centers and propose amendments to the County's official controls,https://www.wrightcountymn.gov/DocumentCenter/View/37658/Ordinance-26-2-Planning-and-Zoning-Data-Center-Moratorium|https://news.google.com/rss/search?q=%22Wright%20County%22%20%22emergency%20data%20center%20moratorium%22&hl=en-US&gl=US&ceid=US:en|https://news.google.com/rss/search?q=Wright%20County%20Minnesota%20data%20center%20moratorium&hl=en-US&gl=US&ceid=US:en,mn-wright-county-2026,false,false,2026-07-31,
nm-mo-ava-2026,city,Ava,MO,29067,2902674,36.95192,-92.66001,temporary moratorium,data center+cryptocurrency mining,active,2026-07-01,2027-07-01,365,false,"The Ava Board of Aldermen unanimously (3-0) approved both readings of an updated Ordinance No. 1173 imposing a one-year moratorium on applications, permits, and licenses for data centers,…",https://www.douglascountyherald.com/2026/07/13/ava-approves-one-year-data-center-pause/|https://ozarkradionews.com/local-news/ava-approves-one-year-data-center-pause,mo-ava-2026,false,false,2026-09-23,
nm-mo-benton-county-2026,county,Benton County,MO,29015,,38.29307,-93.30368,temporary moratorium,data center,active,2026-08-10,2027-02-06,180,true,Benton County commissioners issued a six-month moratorium on data centers on 2026-08-10; the developer whose project the moratorium affects sued and obtained a temporary restraining order (granted…,https://www.ky3.com/2026/09/02/data-center-moratorium-fight-plays-out-benton-county-courtroom/|https://www.ky3.com/2026/09/21/judge-extends-restraining-order-benton-county-mo-data-center-case/,mo-benton-county-2026,false,false,2026-09-23,
nm-mo-cedar-county-2026,county,Cedar County,MO,29039,,37.70842,-93.86122,temporary moratorium,data center+solar+wind+battery storage; exemptions noted,active,2026-09-08,2027-09-08,365,false,"Cedar County commissioners imposed a 12-month moratorium on new large solar, wind, battery-storage, and data-center developments outside city limits (small on-site systems under a 25-kilowatt…",https://www.ky3.com/2026/09/15/cedar-county-pauses-solar-wind-data-center-projects-one-year/,mo-cedar-county-2026,false,false,2026-09-23,
nm-mo-city-of-camdenton-2026,city,City of Camdenton,MO,29029,2910810,38.00814,-92.74434,temporary moratorium,data center,active,2026-05-05,2027-05-05,365,false,"Board of Aldermen unanimously approved a temporary moratorium on data center approvals, permits, and construction while the city studies permanent regulation",https://www.camdentoncity.com/government/agendas_document_center.php|https://www.ky3.com/2026/08/22/looking-into-city-camdentons-ai-data-center-moratorium-three-months/|https://abc17news.com/news/camden/2026/05/05/camdenton-board-of-aldermen-to-consider-pause-on-data-centers/|https://www.ky3.com/2026/05/06/camdenton-mo-residents-pack-city-hall-voice-opinions-citys-proposed-ai-data-center-moratorium/|https://www.krmsradio.com/camdenton-says-no-to-opportunity-zone-support-issues-12-month-moratorium-on-data-centers/,mo-city-of-camdenton-2026,true,false,2026-09-23,
nm-mo-city-of-columbia-2026,city,City of Columbia,MO,29019,2915670,38.95137,-92.33388,temporary moratorium,data center,active,2026-05-18,2027-05-18,,false,City Council placed a moratorium preventing new data centers from being built while permanent zoning regulations are drafted.,https://gocolumbiamo.legistar.com/LegislationDetail.aspx?ID=7997314&GUID=45441266-C7A4-45CF-A3A6-E1EA8B22D258&G=360B322F-B5D9-4E29-BE65-A6940441E0DD&Options=&Search=|https://abc17news.b-cdn.net/abc17news.com/2026/05/Data-center-delay-memo.pdf|https://www.comobuz.com/government/city-s-data-center-review-moves-to-water-rules-decision-timeline-slips/article_bb8839d5-a523-41f5-9d13-406d01886138.html|https://www.columbiamissourian.com/news/local/planning-and-zoning-begins-talks-about-data-centers/article_cd5365ab-f2ac-461c-abd1-9b10455d69fe.html|https://www.kbia.org/2026-06-10/columbia-planning-and-zoning-commission-to-hold-meetings-over-data-centers,mo-city-of-columbia-2026,false,false,2026-09-23,
nm-mo-city-of-independence-2026,city,City of Independence,MO,29095,2935000,39.09302,-94.42050,temporary moratorium,data center+battery storage; exemptions noted,active,2026-07-06,2027-01-02,180,false,"City Council voted 7-0 for a 180-day moratorium on accepting, processing, or issuing permits for new data centers and battery energy storage systems","https://independencemo.api.civicclerk.com/v1/Meetings/GetMeetingFileStream(fileId=4293,plainText=false)|https://www.independencemo.gov/news/city-council-approves-temporary-moratorium-new-data-center-and-battery-energy-storage-system-applications|https://www.independencemo.gov/community-faqs/data-center-bess-moratorium-faqs|https://www.kansascity.com/news/local/article317186115.html|https://www.kctv5.com/2026/07/08/independence-hits-pause-data-centers-nebius-construction-moves-forward/",mo-city-of-independence-2026,false,false,2026-09-23,
nm-mo-city-of-neosho-2026,city,City of Neosho,MO,29145,2951572,36.86652,-94.37017,temporary moratorium,data center,active,2026-07-07,2027-07-07,365,false,City Council unanimously approved a one-year moratorium while the city develops standards for data center projects,"https://neoshomo.api.civicclerk.com/v1/Meetings/GetMeetingFileStream%28fileId%3D2022%2CplainText%3Dfalse%29|https://neoshomo.api.civicclerk.com/v1/Meetings/GetMeetingFileStream(fileId=2022,plainText=false)|https://www.newstalkkzrg.com/2026/07/08/neosho-places-year-long-pause-on-any-data-centers/|https://neoshodaily.com/residents-bring-concerns-about-data-centers-to-council/|https://www.joplinglobe.com/news/neosho-city-council-approves-one-year-data-center-moratorium/article_4ab12016-38a2-4d5f-afe1-2121918ddcf9.html|https://www.fourstateshomepage.com/news/local/neosho-imposes-one-year-moratorium-on-data-centers/",mo-city-of-neosho-2026,true,false,2026-09-23,
nm-mo-city-of-springfield-2026,city,City of Springfield,MO,29077,2970000,37.21692,-93.29206,temporary moratorium,data center; exemptions noted,active,2026-06-29,2026-10-27,120,false,"City Council approved Council Bill 2026-147, imposing a 120-day administrative delay on specified data center applications and approvals",https://www.springfieldmo.gov/DocumentCenter/View/77284/Data-Center-Administrative-Delay|https://www.springfieldmo.gov/m/newsflash/home/detail/13200|https://sgfcitizen.org/government/springfield-greene-county/springfield-data-center-moratorium-lawsuit/|https://www.ky3.com/2026/09/21/judge-extends-restraining-order-benton-county-mo-data-center-case/|https://www.ky3.com/video/2026/06/29/springfield-city-council-passes-120-day-moratorium-data-centers-heres-what-happens-next/,mo-city-of-springfield-2026,false,false,2026-09-23,
nm-mo-city-of-st-joseph-2026,city,City of St. Joseph,MO,29021,2964550,39.76861,-94.84663,temporary moratorium,data center,active,2026-07-20,2027-07-20,365,false,City Council amended Emergency Bill No. 184-26 from six months to 12 months and approved it 8-0,https://www.stjosephmo.gov/AgendaCenter/ViewFile/Agenda/_07202026-3347|https://www.kq2.com/news/2026/07/21/st-joseph-city-council-approves-year-long-pause-on-new-data-centers-after-public-concern/,mo-city-of-st-joseph-2026,false,false,2026-07-31,
nm-mo-city-of-st-peters-2026,city,City of St. Peters,MO,29183,2965126,38.79283,-90.61343,temporary moratorium,data center,active,2026-05-14,2027-05-14,365,false,"Board of Aldermen adopted Bill 26-72 as Ordinance 8319, pausing zoning/site-plan/permit approvals for data processing facilities for up to one year",https://www.stpetersmo.net/AgendaCenter/ViewFile/Agenda/_05142026-491|https://www.stpetersmo.net/AgendaCenter/ViewFile/Agenda/_05282026-489,mo-city-of-st-peters-2026,false,false,2026-07-31,
nm-mo-jackson-county-2026,county,Jackson County,MO,29095,,39.03552,-94.35835,temporary moratorium,data center+battery storage; exemptions noted,active,2026-06-22,2026-12-19,180,false,"If adopted, the county would use the pause to draft long-term code provisions and enhanced public notice requirements.",https://www.kshb.com/news/local-news/jackson-county-legislature-approves-180-day-moratorium-on-processing-data-center-land-use-applications|https://www.kctv5.com/2026/06/22/jackson-county-legislature-passes-180-day-moratorium-data-center-applications/|https://www.kctv5.com/2026/06/09/legislature-advances-ordinance-extending-jackson-county-data-center-moratorium-180-days/|https://www.kctv5.com/2026/06/01/jackson-county-legislature-delays-vote-two-data-center-moratorium-proposals/|https://thebeaconnews.org/stories/2026/06/08/jackson-county-legislators-mull-data-center-moratorium/,mo-jackson-county-2026,false,false,2026-07-31,
nm-mo-marion-county-2026,county,Marion County,MO,29127,,39.80806,-91.63188,temporary moratorium,data center; 5 MW,replaced,2026-06-15,2027-06-15,365,false,County Commission unanimously approved a 12-month moratorium on establishing or expanding data centers on 2026-06-15; the moratorium was superseded on 2026-07-27 when the Commission adopted…,https://marioncounty-mo.gov/departments/commission/|https://www.nemonews.net/2026/07/22/marion-county-commission-approves-truck-wash-rezoning-data-center-moratorium/|https://www.palmyra-spectator.com/2026/08/26/marion-county-commission-updates-land-use-rules-forms-data-center-task-force/,mo-marion-county-2026,true,false,2026-09-23,
nm-mo-nodaway-county-2026,county,Nodaway County,MO,29147,,40.34834,-94.87237,temporary moratorium,data center; exemptions noted,active,2026-07-21,2027-01-17,180,false,"County Commission signed an order imposing a six-month moratorium in unincorporated Nodaway County on data center construction, conversion, establishment, new operation, expansion, and related permits",https://nodawaycountymo.us/wp-content/uploads/2026/07/Order-and-Ordinance-dated-7-21-2026.pdf|https://www.kq2.com/news/2026/07/21/nodaway-county-passes-pause-on-data-center-construction/,mo-nodaway-county-2026,false,false,2026-07-31,
nm-mo-oak-grove-2026,city,Oak Grove,MO,29095,2953624,39.00484,-94.12919,temporary moratorium,data center,active,2026-08-03,2027-08-03,365,false,City to consider regulations over the course of the year,https://www.kmzu.com/news/oak-grove-board-of-aldermen-approve-administrative-delay-on-data-center-development/article_c2744761-42bc-4c10-8e9d-460b755dc41d.html,mo-oak-grove-2026,false,false,2026-09-23,
nm-mo-pacific-2026,city,Pacific,MO,29071,2955910,38.48181,-90.74159,temporary moratorium,data center,active,2026-08-04,2027-08-04,365,false,Board to research and develop data center policies during the stay,https://spectrumlocalnews.com/mo/st-louis/news/2026/08/05/st-louis-pacific-data-center-,mo-pacific-2026,false,false,2026-09-23,
nm-mo-palmyra-2026,city,Palmyra,MO,29127,2956036,39.79922,-91.52367,temporary moratorium,data center,active,2026-09-03,,,false,City Attorney used the existing Marion County moratorium as a drafting reference,https://www.palmyra-spectator.com/2026/09/09/palmyra-city-council-approves-moratorium-on-data-centers-members-address-citizens-petition-for-audit/,mo-palmyra-2026,false,false,2026-09-23,
nm-mo-peculiar-2024,city,City of Peculiar,MO,29037,2956756,38.71455,-94.46112,temporary moratorium,data center,replaced,2024-08-19,2024-11-27,100,false,"On 2024-10-21, the Board of Aldermen unanimously voted to remove the 'data center' land-use definition from the city's light-industrial zoning ordinance -- the same definition that had originally…",https://www.northcassherald.com/post/peculiar-places-100-day-moratorium-on-data-centers|https://www.kshb.com/news/local-news/peculiar-reverses-zoning-for-data-center-after-cries-from-neighbors,mo-peculiar-2024,false,false,2026-07-31,
nm-mo-ralls-county-2026,county,Ralls County,MO,29173,,39.55201,-91.54761,temporary moratorium,data center,active,2026-08-23,,,false,"Facing intense public pressure after residents learned of a possible data center land deal, the three Ralls County commissioners bypassed a planned September planning-and-zoning public hearing and…",https://www.wgem.com/2026/08/23/around-100-residents-voice-displeasure-with-potential-data-center-meeting-ralls-county/|https://muddyrivernews.com/top-stories/ralls-county-commissioners-place-moratorium-on-data-centers/20260825071455/|https://www.khqa.com/news/local/ralls-county-data-center-moratorium-in-place-commissioners-want-voters-to-have-their-say/article_dbd40b26-6978-48ef-9d04-15eb918d5b3c.html|https://muddyrivernews.com/noteworthy/ralls-county-mo-mulling-over-moratorium-on-data-centers/20260820175338/,mo-ralls-county-2026,false,false,2026-09-23,
nm-mo-st-charles-2025,city,City of St. Charles,MO,29183,2964082,38.79669,-90.50207,temporary moratorium,data center,replaced,2025-08-22,2026-08-22,365,false,"TA-2026-01 was ultimately approved: the City Council passed the permanent data-center ban 7-1 on 2026-05-20 (two members absent), defining data centers, excluding them from the warehouse-use…",https://www.stcharlescitymo.gov/AgendaCenter/Planning-and-Zoning-Commission-16/|https://www.sccmo.org/AgendaCenter/ViewFile/Item/16816?fileID=49725|https://www.sccmo.org/AgendaCenter/ViewFile/Agenda/_07132026-2191|https://www.firstalert4.com/2026/05/20/st-charles-city-council-votes-permanently-ban-data-centers/|https://www.firstalert4.com/2026/07/14/st-charles-county-approves-6-month-data-center-moratorium/?outputType=amp,mo-st-charles-2025,false,false,2026-07-31,
nm-mo-st-charles-county-2026,county,St. Charles County,MO,29183,,38.78778,-90.67474,temporary moratorium,data center,active,2026-07-13,2027-01-09,180,false,"County Council approved Bill No. 5505, imposing a six-month moratorium on large-scale data centers countywide (incorporated and unincorporated areas)",https://www.sccmo.org/AgendaCenter/ViewFile/Item/16816?fileID=49725|https://www.sccmo.org/AgendaCenter/ViewFile/Agenda/_07132026-2191|https://www.firstalert4.com/2026/07/14/st-charles-county-approves-6-month-data-center-moratorium/?outputType=amp,mo-st-charles-county-2026,false,false,2026-07-31,
nm-mo-stone-county-2026,county,Stone County,MO,29209,,36.73772,-93.45551,temporary moratorium,data center+solar+wind+battery storage,active,2026-06-04,2027-06-04,365,false,"The Stone County Commission signed an order and ordinance enacting a 12-month moratorium on the use of land for solar energy systems, wind energy conversion systems, battery energy storage systems,…",https://stonecountyclerk.com/media/uploads/downloads/Comm_Minutes_06-04-2026._docx_.pdf|https://www.news-leader.com/story/news/local/ozarks/2026/06/09/stone-county-missouri-places-moratorium-on-data-centers/90456624007/,mo-stone-county-2026,false,false,2026-09-23,
nm-mo-webster-county-2026,county,Webster County,MO,29225,,37.28952,-92.87921,temporary moratorium,data center+solar+wind+battery storage,active,2026-06-16,2026-12-13,180,false,"County Commission adopted Order 2026-03, a six-month moratorium on data centers, solar facilities, wind facilities, and battery energy storage systems in unincorporated Webster County",https://webstercountymo.gov/county-adopts-six-month-moratorium/|https://webstercountymo.gov/wp-content/uploads/2026/06/2026-03-Order-Data-Centers-Moratorium-2026-06-16.pdf,mo-webster-county-2026,false,false,2026-07-31,
nm-ms-city-of-jackson-2026,city,City of Jackson,MS,28049,2836000,32.29664,-90.18375,temporary moratorium,data center,active,2026-07-14,2027-02-12,183,false,"Enacted by council vote 5-2 on July 14, 2026; took legal effect approximately August 13, 2026 and runs 183 days from that date (to approximately February 12, 2027). A separate non-binding August 11,…",https://jacksonms.new.swagit.com/videos/393419|https://mississippitoday.org/2026/07/14/jackson-data-center-moratorium/|https://www.wlbt.com/2026/08/11/see-details-latest-council-resolution-regarding-data-centers-jackson/|https://www.wlbt.com/2026/07/14/not-ready-data-center-jackson-city-council-approves-moratorium-data-centers/,ms-city-of-jackson-2026,false,false,2026-09-23,
nm-mt-butte-silver-bow-undated,county,Butte-Silver Bow,MT,30093,,46.01315,-112.53651,temporary moratorium,data center,pending,,,,false,Council of Commissioners voted 11-0 to direct the county attorney to draft a temporary data center moratorium ordinance; not yet adopted as of this pass.,https://www.kbzk.com/news/butte-silver-bow-county-commission-votes-to-pursue-temporary-moratorium-on-data-centers|https://www.montanarightnow.com/butte/butte-commissioners-discuss-possibility-of-data-center-moratorium/article_1275f5cc-1531-42b3-8149-045a7e1509d5.html,mt-butte-silver-bow-undated,true,true,2026-09-23,
nm-mt-missoula-county-2026,county,Missoula County,MT,30063,,46.96539,-113.92326,temporary moratorium,data center,active,2026-07-09,2027-07-09,365,false,Enacted one-year interim zoning moratorium on new or expanded data centers in unincorporated Missoula County.,https://missoulacountyvoice.com/data-center-interim-zoning|https://montanafreepress.org/2026/07/09/missoula-county-adopts-temporary-moratorium-on-data-centers/,mt-missoula-county-2026,false,false,2026-07-31,
nm-nc-alamance-county-2026,county,Alamance County,NC,37001,,36.07027,-79.39925,temporary moratorium,data center,active,2026-08-17,2027-08-17,365,false,One-year moratorium adopted; regulations to be drafted.,https://pub-alamance-nc.escribemeetings.com/filestream.ashx?DocumentId=5981|https://alamancenews.com/breaking-mon-night-alamance-county-commissioners-vote-unanimously-for-one-year-moratorium-on-data-centers/|https://www.elonnewsnetwork.com/article/2026/08/alamance-county-commissioners-pass-one-year-data-center-moratorium,nc-alamance-county-2026,false,false,2026-09-23,
nm-nc-apex-2026,town,Town of Apex,NC,37183,3701520,35.72821,-78.82957,temporary moratorium,data center+cryptocurrency mining,active,2026-04-14,2027-04-14,365,false,Pending. Town will study and consider UDO and policy amendments.,https://mccmeetingspublic.blob.core.usgovcloudapi.net/apexnc-meet-a15ff460a2124bfc982fccec92075906/ITEM-Attachment-001-650e09b2c03349e3b8f1522c33213073.pdf|https://indyweek.com/news/apex-approves-one-year-moratorium-on-data-centers/,nc-apex-2026,false,false,2026-09-23,
nm-nc-beaufort-county-undated,county,Beaufort County,NC,37013,,35.46933,-76.89275,temporary moratorium,data center,active,2026-10-05,2027-10-05,365,false,"Commissioners voted 6-1 for a one-year moratorium; county will not accept, process or approve data center applications or permits while it drafts a zoning ordinance.",https://www.witn.com/2026/10/05/beaufort-county-commissioners-voted-1-year-pause-data-center-development/|https://www.publicradioeast.org/2026-10-07/beaufort-county-approves-one-year-moratorium-on-data-center-developments|https://www.wnct.com/news/beaufort-county-commissioners-pass-moratorium-on-data-centers/|https://www.einpresswire.com/article/942013829/update-on-data-center-moratorium-public-hearing-and-vote|https://www.witn.com/2026/09/13/beaufort-county-data-center-moratorium-hearing-postponed-officials-say/,nc-beaufort-county-undated,true,false,2026-10-07,
nm-nc-boone-2026,town,Town of Boone,NC,37189,3707080,36.20839,-81.65378,temporary moratorium,data center+cryptocurrency mining,active,2026-03-23,2027-03-23,365,false,Pending. Town planned to study environmental and economic impacts and develop regulations or prohibitions.,https://www.whqr.org/2026-03-23/boone-approves-data-center-development-moratorium,nc-boone-2026,false,false,2026-09-23,
nm-nc-brevard-2026,city,City of Brevard,NC,37175,3707720,35.25934,-82.70619,temporary moratorium,data center,replaced,2026-03-16,2026-06-14,90,false,"Resolved: Council adopted Ord. 2026-19 on 2026-05-18, restricting data centers to industrial zoning districts and requiring case-by-case conditional rezoning.",https://www.cityofbrevard.com/378/Ordinances-Resolutions-Proclamations|https://www.aol.com/news/ordinance-gives-brevard-more-power-171526005.html,nc-brevard-2026,false,false,2026-07-31,
nm-nc-camden-county-2026,county,Camden County,NC,37029,,36.31063,-76.11506,temporary moratorium,data center+cryptocurrency mining,active,2026-08-03,2027-01-03,153,false,Five-month moratorium adopted pending UDO amendments.,https://docs.google.com/spreadsheets/d/e/2PACX-1vT4JGttmpkxBKyEno_IPcAuu8elWLWWO4WdF6blrOLcX97bGE0vavOBOMOSUMEZY1GuaHBYI84KP800/pub?gid=420554186&single=true&output=csv|https://www.dailyadvance.com/news/local/camden-oks-one-year-moratorium-on-data-centers/article_d9157102-5e38-42bc-b612-c66882fe92b5.html,nc-camden-county-2026,false,false,2026-09-23,
nm-nc-canton-2026,town,Town of Canton,NC,37087,3710240,35.53288,-82.83736,temporary moratorium,data center+cryptocurrency mining,active,2026-02-11,2027-02-11,365,false,Pending. Town officials said the pause would allow longer-term local ordinance controls.,,nc-canton-2026,false,false,,
nm-nc-charlotte-2026,city,Charlotte,NC,37119,3712000,35.22721,-80.84308,temporary moratorium,data center,active,2026-06-08,2026-11-05,150,false,Council voted 2026-09-28 to set a 2026-10-12 public hearing on extending the moratorium that expires 2026-11-05.,https://thelightnc.com/12363006/charlotte-city-council-sets-oct-12-hearing-on-data-center-moratorium-extension/|https://www.wfae.org/2026-09-08/charlotte-could-extend-data-center-moratorium|https://ww.charmeck.org/docs/Charlotte%20Communication%20and%20Marketing/Data%20Center/Data-Center-Moratorium-Ordinance-updated.pdf|https://www.charlottenc.gov/City-News/Data-Centers-Moratorium-FAQs|https://www.pressureoftruth.com/story/nc-charlotte-data-center-moratorium-2026.html|https://www.wfae.org/politics/2026-06-08/charlotte-city-council-approves-150-day-data-center-moratorium,nc-charlotte-2026,true,false,2026-10-07,
nm-nc-chatham-county-2026,county,Chatham County,NC,37037,,35.71513,-79.25330,temporary moratorium,data center+cryptocurrency mining; exemptions noted,active,2026-02-11,2027-02-11,365,false,"Pending. Staff studying impacts and preparing zoning text amendments; the Eco TIP West project was held exempt by court order on 2026-09-17, with damages to be determined.",https://www.carolinajournal.com/wp-content/uploads/2026/09/chatham-data-center-091726.pdf|https://ncnewsline.com/2026/09/22/judge-rules-chatham-county-data-center-can-proceed-despite-moratorium/,nc-chatham-county-2026,false,false,2026-09-23,
nm-nc-cherokee-county-2023,county,Cherokee County (high-impact facilities; cryptocurrency mining; data-center-adjacent),NC,37039,,35.11841,-84.08862,temporary moratorium,cryptocurrency mining+data center,expired,2023-10-02,2024-10-01,365,false,No moratorium currently in force; planning board reconvened to develop possible ordinance without zoning.,https://www.cherokeecounty-nc.gov/DocumentCenter/View/2109/High-Impact-Facility-Moratorium-10-2-,nc-cherokee-county-2023,false,false,2026-09-23,
nm-nc-city-of-asheville-2026,city,City of Asheville,NC,37021,3702140,35.60835,-82.58801,temporary moratorium,data center,active,2026-06-23,2027-06-23,365,false,Active as of researched_as_of,https://www.ashevillenc.gov/news/actions-and-presentations-at-the-june-23-asheville-city-council-meeting/|https://docs.google.com/document/d/1fDKO0cyaG8SLhxNGc1DDX4JBaRwF44Wqw1ZoN42jyPQ/edit,nc-city-of-asheville-2026,false,false,2026-07-31,
nm-nc-city-of-boiling-spring-lakes-2026,city,City of Boiling Spring Lakes,NC,37019,3706760,34.03135,-78.06727,temporary moratorium,data center+cryptocurrency mining; exemptions noted,active,2026-06-02,2027-06-02,365,false,Active as of researched_as_of,https://www.cityofbsl.org/sites/default/files/uploads/ordinance-temporary-moratorium-data-centers-6.2.2026.pdf,nc-city-of-boiling-spring-lakes-2026,false,false,2026-07-31,
nm-nc-city-of-greensboro-2026,city,City of Greensboro,NC,37081,3728000,36.07659,-79.79165,temporary moratorium,data center; above 10 MW,active,2026-08-18,2027-02-14,180,false,180-day moratorium adopted.,"https://www.greensboro-nc.gov/Home/Components/News/News/22889/|https://peacemakeronline.com/stories/city-council-puts-six-month-pause-on-major-ai-data-centers,116381|https://www.wunc.org/2026-08-19/greensboro-data-center-moratorium-raises-questions-about-dream-center-project",nc-city-of-greensboro-2026,false,false,2026-09-23,
nm-nc-city-of-hendersonville-undated,city,City of Hendersonville,NC,37089,3730720,35.31873,-82.46095,temporary moratorium,data center,active,2026-09-03,2027-09-03,365,false,12-month moratorium adopted 2026-09-03; staff to study data centers and propose Zoning Ordinance text amendments.,https://mccmeetingspublic.blob.core.usgovcloudapi.net/hvlnc-meet-367f86a5a01442ae9c6e550a5792e6f2/ITEM-Attachment-001-fb7b13d6455443708e56c0d840075aa0.pdf|https://mccmeetings.blob.core.usgovcloudapi.net/hvlnc-pubu/MEET-Agenda-367f86a5a01442ae9c6e550a5792e6f2.pdf|https://www.blueridgenow.com/story/news/local/2026/09/10/hendersonville-latest-wnc-city-to-adopt-data-center-moratorium/91662255007/|https://ncdatacenters.substack.com/p/more-than-50-north-carolina-communities|https://www.yahoo.com/news/us/articles/hendersonville-moves-ahead-toward-one-173031771.html,nc-city-of-hendersonville-undated,false,false,2026-09-23,
nm-nc-city-of-mount-airy-2026,city,City of Mount Airy,NC,37171,3744800,36.49871,-80.60796,temporary moratorium,data center+cryptocurrency mining,extended,2026-07-16,2026-12-13,60,true,Extended 90 days while the Planning Board finalizes a data center text amendment (draft nearing completion in September 2026).,https://www.mountairy.org/AgendaCenter/ViewFile/Agenda/_09032026-821|https://www.mountairy.org/AgendaCenter/ViewFile/Agenda/_08202026-819|https://www.mountairy.org/AgendaCenter/ViewFile/Agenda/_07162026-815|https://www.reflector.com/apgstate/planning-board-finalizing-data-center-rules/article_1b20415a-5368-5803-a00e-44cefd11d1f2.html|https://ncdatacenters.substack.com/p/stokes-county-rejects-data-center|https://www.wunc.org/2026-07-16/mount-airy-joins-growing-list-of-communities-pausing-data-center-development,nc-city-of-mount-airy-2026,false,false,2026-09-23,
nm-nc-city-of-raleigh-undated,city,City of Raleigh,NC,37183,3755000,35.77766,-78.63975,temporary moratorium,"data center; >10,000 sq ft",active,2026-10-06,2027-04-06,180,false,City council voted 7-1 for a six-month moratorium on major data center applications while new rules are drafted; final council action projected 2027-04-06.,https://doraleigh.com/2026/10/07/raleigh-city-council-recap-october-6-2026/|https://www.cbs17.com/news/local-news/wake-county-news/raleigh-city-council-approves-6-month-moratorium-on-large-data-centers/|https://www.axios.com/local/raleigh/2026/10/07/raleigh-data-centers-six-month-moratorium-ai-zoning|https://www.wunc.org/environment/2026-09-16/raleigh-cary-data-center-moratorium|https://www.wral.com/news/local/raleigh-considers-data-center-pause-september-2026/,nc-city-of-raleigh-undated,true,false,2026-10-07,
nm-nc-city-of-southport-2026,city,City of Southport,NC,37019,3763400,33.91978,-78.01855,temporary moratorium,data center,active,2026-09-10,2027-12-10,456,false,15-month moratorium adopted.,https://portcitydaily.com/local-news/2026/09/14/temporary-moratorium-on-data-centers-pass-in-southport/|https://www.wwaytv3.com/southport-moratorium-adds-to-growing-debate-over-data-center-growth/|https://www.wect.com/2026/09/10/southport-leaders-unanimously-back-data-center-moratorium/,nc-city-of-southport-2026,false,false,2026-09-23,
nm-nc-city-of-statesville-2026,city,City of Statesville,NC,37097,3764740,35.78277,-80.88736,temporary moratorium,data center; exemptions noted,active,2026-09-14,2027-03-13,180,false,180-day moratorium adopted.,https://www.wbtv.com/2026/09/15/statesville-unanimously-approves-180-day-moratorium-data-centers-what-we-know/|https://hoodline.com/2026/08/statesville-extends-data-center-pause-to-180-days-but-existing-project-rolls-on/|https://www.wfae.org/politics/2026-09-15/statesville-blocks-new-data-centers-for-six-months|https://www.iredellfreenews.com/news-features/2026/statesville-city-council-approves-180-day-moratorium-on-data-centers/,nc-city-of-statesville-2026,false,false,2026-09-23,
nm-nc-city-of-whiteville-2026,city,City of Whiteville,NC,37047,3773660,34.32173,-78.70315,temporary moratorium,data center+cryptocurrency mining,active,2026-08-25,2027-08-25,365,false,12-month moratorium adopted.,https://www.wect.com/2026/08/26/whiteville-approves-12-month-moratorium-new-data-centers-crypto-mining/|https://nsjonline.com/article/2026/09/data-center-moratorium-count-rises-again/,nc-city-of-whiteville-2026,false,false,2026-09-23,
nm-nc-city-of-wilson-2026,city,City of Wilson,NC,37195,3774540,35.72417,-77.91152,temporary moratorium,data center+cryptocurrency mining+battery storage,active,2026-05-21,2027-05-21,365,false,"Active as of 2026-09-23; one-year moratorium adopted unanimously 2026-05-21 (to about 2027-05-21) on development approvals for data centers, data processing facilities, cryptocurrency mining…",https://www.wilsonnc.org/residents/all-departments/administration/agendas|https://docs.google.com/spreadsheets/d/e/2PACX-1vT4JGttmpkxBKyEno_IPcAuu8elWLWWO4WdF6blrOLcX97bGE0vavOBOMOSUMEZY1GuaHBYI84KP800/pub?gid=420554186&single=true&output=csv|https://classifieds.mcclatchy.com/marketplace/raleigh/advert/-Notices_227897|https://www.wilsontimes.com/news/city-council-approves-data-center-moratorium-25f2bcbd,nc-city-of-wilson-2026,true,false,2026-09-23,
nm-nc-clyde-2026,town,Town of Clyde,NC,37087,3713280,35.53344,-82.91069,temporary moratorium,data center,active,2026-04-16,2027-04-16,365,false,"Pending; town will study during 12-month period. Speakers urged longer-term measures, but Lay (an attorney) explained that case law and General Assembly guidance limit moratorium duration to roughly…",https://smokymountainnews.com/news/news-latest/clyde-enacts-moratorium-as-broader-data-center-fight-builds/,nc-clyde-2026,false,false,2026-09-23,
nm-nc-cumberland-county-2026,county,Cumberland County,NC,37051,,35.04617,-78.83943,temporary moratorium,data center+cryptocurrency mining,active,2026-06-15,2026-12-15,180,false,"Active as of 2026-09-23 through 2026-12-15; applies in the county's zoning jurisdiction. Proposed permanent data center regulations were presented to the Joint Planning Board in September 2026, with…",https://www.cityviewnc.com/wp-content/uploads/2026/06/enacted-cumberland-county-data-center-moratorium.pdf|https://www.cumberlandcountync.gov/home/2026/06/16/cumberland-county-commissioners-june-15-regular-meeting-wrap-up|https://www.cityviewnc.com/stories/cumberland-county-proposes-tight-restrictions-for-data-centers/,nc-cumberland-county-2026,false,false,2026-09-23,
nm-nc-davie-county-2026,county,Davie County,NC,37059,,35.93751,-80.54649,temporary moratorium,data center,active,2026-07-06,2027-07-05,365,false,Active as of 2026-09-23 through 2027-07-05; bars permits and rezonings for data centers countywide under county zoning jurisdiction. Adopted 5-0 on 2026-07-06 per the Board's minutes.,"https://davieconc.api.civicclerk.com/v1/Meetings/GetMeetingFileStream(fileId=4369,plainText=false)|https://davieconc.api.civicclerk.com/v1/Meetings/GetMeetingFileStream(fileId=4353,plainText=false)|https://www.daviecountync.gov/m/newsflash/Home/Detail/1592|https://www.wunc.org/2026-07-07/davie-county-passes-one-year-data-center-moratorium",nc-davie-county-2026,false,false,2026-09-23,
nm-nc-durham-2026,city,Durham,NC,37063,3719000,35.99665,-78.90180,temporary moratorium,data center+cryptocurrency mining,extended,2026-05-04,2027-05-03,60,true,"60-day moratorium on data centers, data processing facilities, and cryptocurrency mining operations, later extended",https://www.durhamnc.gov/AgendaCenter/ViewFile/Minutes/_06152026-3483|https://www.durhamnc.gov/AgendaCenter/ViewFile/Minutes/_05042026-3453|https://heydurham.com/civic/meeting/durham-city-council-june-15-2026|https://www.durhamnc.gov/CivicSend/ViewMessage/Message/298322|https://heydurham.com/news/durham-city-council-extends-data-center-and-crypto-mining-moratorium-through-may-2027|https://www.wral.com/news/local/durham-county-commission-considers-data-center-pause-june-2026/|https://indyweek.com/news/durham-passes-data-center-ban/|https://news.google.com/rss/search?q=Durham+City+Council+data+center+moratorium+extend,nc-durham-2026,false,false,2026-09-23,
nm-nc-durham-county-2026,county,Durham County,NC,37063,,36.01813,-78.87516,temporary moratorium,"data center+cryptocurrency mining; >100,000 sq ft; exemptions noted",active,2026-08-24,2027-05-18,267,false,Nine-month moratorium on large data centers adopted 2026-08-24; staff to draft UDO standards.,https://durhamcounty.legistar.com/View.ashx?M=F&ID=15795369&GUID=4FAF6BB1-6F45-4F25-B316-96F810F575F9|https://durhamcounty.legistar.com/LegislationDetail.aspx?ID=8174666&GUID=5E6DB9F3-2D32-432A-B649-F70E1E44EFA9&FullText=1|https://dukechronicle.com/article/duke-university-durham-county-passes-nine-month-data-center-moratorium-research-triangle-park-energy-environmental-impact-20260826|https://indyweek.com/news/durham-county-moves-toward-data-center-moratorium/|https://indyweek.com/news/durham-passes-data-center-ban/|https://news.google.com/rss/search?q=Durham+City+Council+data+center+moratorium+extend|https://news.google.com/rss/search?q=Durham+County+Commissioners+data+center+moratorium,nc-durham-county-2026,false,false,2026-09-23,
nm-nc-edgecombe-county-2026,county,Edgecombe County,NC,37065,,35.92138,-77.59717,temporary moratorium,data center,active,2026-08-03,2028-08-03,731,false,Two-year moratorium adopted.,https://docs.google.com/spreadsheets/d/e/2PACX-1vT4JGttmpkxBKyEno_IPcAuu8elWLWWO4WdF6blrOLcX97bGE0vavOBOMOSUMEZY1GuaHBYI84KP800/pub?gid=420554186&single=true&output=csv|https://www.rockymounttelegram.com/news/local/commissioners-approve-two-year-moratorium-on-data-centers/article_ef2eb274-4ab5-4534-b82a-1a20e8faaae9.html|https://nsjonline.com/article/2026/09/data-center-moratorium-count-rises-again/,nc-edgecombe-county-2026,false,false,2026-09-23,
nm-nc-gates-county-2025,county,Gates County,NC,37073,,36.44125,-76.69441,temporary moratorium,data center,active,2025-12-17,2026-12-17,365,false,"Pending. Ordinance sets a 12-month work plan for impact study, draft UDO amendments, public workshops, Planning Board review, and final hearings.",https://gatescounty.govoffice2.com/vertical/Sites/%7BC4993D33-7F3A-4388-B179-2EC1739C7E2E%7D/uploads/moratorium.adopted.12.17.2025.pdf,nc-gates-county-2025,false,false,2026-07-31,
nm-nc-guilford-county-undated,county,Guilford County,NC,37081,,36.08757,-79.78885,temporary moratorium,data center,pending,,,,false,Hearing scheduled.,https://www.rhinotimes.com/featured-article/guilford-commissioners-take-first-step-toward-data-center-moratorium/,nc-guilford-county-undated,false,true,2026-09-23,
nm-nc-halifax-county-undated,county,Halifax County,NC,37083,,36.24941,-77.66834,temporary moratorium,data center,pending,,,,false,Hearing scheduled.,https://rrspin.com/news/29352-legislative-hearing-set-to-consider-data-center-moratorium.html,nc-halifax-county-undated,true,true,2026-09-23,
nm-nc-harnett-county-2026,county,Harnett County,NC,37085,,35.38809,-78.86250,temporary moratorium,data center+cryptocurrency mining,active,2026-05-04,2027-05-04,365,false,One-year moratorium adopted to allow time to study how to regulate the data-center industry,https://treefree.harnett.org/WebLink/DocView.aspx?id=6585857&dbid=0&repo=HarnettCounty|https://sandhills.news/2026/05/05/harnett-county-commissioners-data-center-moratorium-110m-pfas-plan-social-media-comment-censorship-policy/|https://www.wunc.org/environment/2026-09-16/raleigh-cary-data-center-moratorium|https://news.google.com/rss/search?q=Harnett+County+data+center+moratorium,nc-harnett-county-2026,false,false,2026-09-23,
nm-nc-jackson-county-2026,county,Jackson County,NC,37099,,35.29624,-83.13881,temporary moratorium,data center,active,2026-08-18,2027-08-18,365,false,One-year moratorium with a work plan toward UDO data center regulations.,https://smokymountainnews.com/news/news-latest/jackson-implements-data-center-moratorium/|https://wlos.com/news/ask-13/ask-13-towns-counties-cities-asheville-temporary-zoning-regulations-moratoriums-data-centers-western-north-carolina-ai-artificial-intelligence|https://www.thesylvaherald.com/top_stories/article_0dcb3bf1-6b2a-4c45-9e5b-c3c38a62e9bf.html,nc-jackson-county-2026,false,false,2026-09-23,
nm-nc-kings-mountain-2026,city,City of Kings Mountain,NC,37045,3735880,35.24548,-81.34001,temporary moratorium,data center,extended,2026-02-24,2027-08-25,182,true,Extended 12 months on 2026-08-25; UDO text amendments for data centers still in preparation with the Planning and Zoning Board.,https://www.cityofkm.com/AgendaCenter/ViewFile/Agenda/_08252026-984|https://hoodline.com/2026/08/kings-mountain-extends-data-center-freeze-a-full-year-one-vote-against/|https://www.qcnews.com/news/u-s/north-carolina/cleveland-county/kings-mountain-votes-to-extend-data-center-moratorium/|https://nsjonline.com/article/2026/09/data-center-moratorium-count-rises-again/|https://www.shelbystar.com/story/news/local/2026/09/09/what-to-know-about-kings-mountains-data-center-moratorium/91650073007/,nc-kings-mountain-2026,false,false,2026-09-23,
nm-nc-lincolnton-2026,city,Lincolnton,NC,37109,3738320,35.47375,-81.25453,temporary moratorium,data center,active,2026-09-03,,,false,"City planning staff to return with a zoning text amendment after January 1, 2027",,nc-lincolnton-2026,false,false,2026-09-23,
nm-nc-madison-county-2023,county,Madison County (cryptocurrency mining; data-center-adjacent),NC,37115,,35.84820,-82.69311,temporary moratorium,data center+cryptocurrency mining,expired,2023-06-13,2024-06-12,365,false,Pending verification — county planned to study impacts and develop regulations; replacement text not located in captured fetches; the absence of a listed instrument on Madison County's Planning page…,,nc-madison-county-2023,false,false,,
nm-nc-mcdowell-county-2026-2,county,McDowell County,NC,37111,,35.66089,-82.04822,temporary moratorium,data center,active,2026-08-31,2027-02-28,181,false,Six-month moratorium adopted.,https://www.wcabnews.com/post/mcdowell-county-commissioners-approve-six-month-moratorium-on-data-centers|https://www.carolinajournal.com/mcdowell-joins-nc-data-center-pause/,nc-mcdowell-county-2026-2,false,false,2026-09-23,
nm-nc-nash-county-2026,county,Nash County,NC,37127,,35.99298,-77.97553,temporary moratorium,data center+cryptocurrency mining,active,2026-09-08,2027-06-30,295,false,"Moratorium adopted through June 30, 2027.",https://docs.google.com/spreadsheets/d/e/2PACX-1vT4JGttmpkxBKyEno_IPcAuu8elWLWWO4WdF6blrOLcX97bGE0vavOBOMOSUMEZY1GuaHBYI84KP800/pub?gid=420554186&single=true&output=csv|https://www.reflector.com/apgstate/nash-county-enacts-temporary-moratorium-on-data-centers-copy/article_762da64e-0da6-4e00-bc71-167b86a6757e.html|https://www.rockymounttelegram.com/news/local/nash-county-enacts-temporary-moratorium-on-data-centers/article_4d5364c9-c321-4c2a-8364-b516b4073cdc.html,nc-nash-county-2026,false,false,2026-09-23,
nm-nc-northampton-county-2026,county,Northampton County,NC,37131,,36.41681,-77.36422,temporary moratorium,data center+cryptocurrency mining,active,2026-05-04,2029-01-04,976,false,"Active as of researched_as_of; runs through January 4, 2029 unless amended",https://www.northamptonnc.com/ImageRepository/Document?documentID=1132|https://www.northamptonnc.com/ImageRepository/Document?documentID=1133|https://www.northamptonnc.com/ImageRepository/Document?documentID=1131|https://www.northcarolinahealthnews.org/2026/05/08/northampton-data-center-moratorium/,nc-northampton-county-2026,false,false,2026-07-31,
nm-nc-orange-county-2026,county,Orange County,NC,37135,,36.06051,-79.11727,temporary moratorium,data center+cryptocurrency mining,active,2026-04-21,2027-04-21,365,false,Pending. Staff directed to prepare UDO amendments defining and regulating large-scale data centers and related uses.,,nc-orange-county-2026,false,false,,
nm-nc-pasquotank-county-2026,county,Pasquotank County,NC,37139,,36.22808,-76.21496,temporary moratorium,data center+cryptocurrency mining,active,2026-05-18,2027-05-17,364,false,Active as of researched_as_of; covers unincorporated county territory outside municipal extraterritorial jurisdictions; incidental onsite server rooms exempt,https://www.pasquotankcountync.org/s/05-18-26-commissioner-minutes.pdf|https://www.pasquotankcountync.org/2026-board-meetings,nc-pasquotank-county-2026,false,false,2026-07-31,
nm-nc-rowan-county-2026,county,Rowan County,NC,37159,,35.63159,-80.51717,temporary moratorium,data center; exemptions noted,active,2026-04-20,2027-04-20,365,false,Pending UDO study.,,nc-rowan-county-2026,false,false,,
nm-nc-surry-county-2026,county,Surry County,NC,37171,,36.41356,-80.70137,temporary moratorium,data center,extended,2026-06-01,2028-07-20,60,true,"Extended; active as of 2026-09-23 and set to expire 2028-07-20. The county's Development Services moratorium page and the posted July 20, 2026 extension ordinance confirm the extension; a data…","https://www.co.surry.nc.us/document_center/Development Services/Ordinance Extending the Temporary Moratorium on Dev Approvals for Data Cetners July 20, 2026.pdf?t=202607211605340|https://www.co.surry.nc.us/document_center/Commissioners/Minutes/2026/Minutes%20June%201%202026.pdf?t=202606301557090|https://www.co.surry.nc.us/departments/development_services/data_centers_moratorium.php|https://www.wunc.org/2026-07-21/surry-county-enacts-two-year-data-center-development-moratorium|https://www.wunc.org/2026-06-03/surry-county-enacts-60-day-data-center-development-moratorium|https://www.wunc.org/2026-06-16/surry-county-considers-24-month-data-center-moratorium",nc-surry-county-2026,false,false,2026-09-23,
nm-nc-swain-county-2026,county,Swain County,NC,37173,,35.45819,-83.46627,temporary moratorium,data center,active,2026-04-21,2027-04-21,365,false,Pending. Commissioners voted to create two resident ad hoc committees to guide the research and ordinance process.,,nc-swain-county-2026,false,false,,
nm-nc-town-of-bailey-2026,town,Town of Bailey,NC,37127,3703020,35.77896,-78.11510,temporary moratorium,data center,active,2026-05-18,2027-03-14,300,false,Active as of researched_as_of,https://www.townofbaileync.org/_files/ugd/ffb36c_9172fcd2498c4510a84cfbd4175f2c0d.pdf,nc-town-of-bailey-2026,false,false,2026-07-31,
nm-nc-town-of-cary-2026,town,Town of Cary,NC,37183,3710740,35.79719,-78.80745,temporary moratorium,data center+cryptocurrency mining,active,2026-08-27,2028-02-27,549,false,18-month moratorium; ordinance hearing anticipated October 2027 and Council decision February 2028.,https://carync.iqm2.com/Citizens/FileOpen.aspx?Type=14&ID=2843&Inline=True|https://abc11.com/post/cary-approves-18-month-moratorium-data-centers-amid-growth-concerns/19748618/|https://www.wunc.org/environment/2026-09-16/raleigh-cary-data-center-moratorium,nc-town-of-cary-2026,false,false,2026-09-23,
nm-nc-town-of-elizabethtown-undated,town,Town of Elizabethtown,NC,37017,3720600,34.62934,-78.60529,temporary moratorium,data center,pending,,,,false,Outcome of the June 15 consideration unknown.,https://elizabethtownnc.org/wp-content/uploads/2026/07/Agenda-June-2026-Rescheduled-Town-Council-Meeting-6.15.2026.pdf|https://elizabethtownnc.org/2026/06/03/notice-of-public-hearing-2/|https://cdn.townweb.com/elizabethtownnc.org/wp-content/uploads/2026/06/Data-Center-Moratorium-Draft.pdf,nc-town-of-elizabethtown-undated,true,true,2026-09-23,
nm-nc-town-of-farmville-2026,town,Town of Farmville,NC,37147,3722820,35.59544,-77.58525,temporary moratorium,data center,active,2026-08-03,2027-08-03,365,false,12-month moratorium; staff reviewing ordinance language.,https://docs.google.com/spreadsheets/d/e/2PACX-1vT4JGttmpkxBKyEno_IPcAuu8elWLWWO4WdF6blrOLcX97bGE0vavOBOMOSUMEZY1GuaHBYI84KP800/pub?gid=420554186&single=true&output=csv|https://www.witn.com/2026/08/04/farmville-board-adopts-12-month-moratorium-potential-data-center-after-residents-voice-opposition/|https://www.wral.com/news/state/farmville-temporarily-stops-data-center-for-a-year-following-community-opposition-august-2026/,nc-town-of-farmville-2026,false,false,2026-09-23,
nm-nc-town-of-franklin-2026,town,Town of Franklin,NC,37113,3724640,35.17774,-83.38284,temporary moratorium,data center,active,2026-07-06,2027-07-06,365,false,"Active as of researched_as_of; suspends acceptance, processing, review, approval, and issuance of development approvals for new data centers within town limits and extraterritorial jurisdiction",https://www.franklinnc.com/Documents/Government/Agenda%20and%20Minutes/Agenda%20Packet%20-%20July%206%202026.pdf?t=202607021042520|https://smokymountainnews.com/news/news-latest/franklin-approves-data-center-moratorium/,nc-town-of-franklin-2026,false,false,2026-07-31,
nm-nc-town-of-garner-2026,town,Town of Garner,NC,37183,3725480,35.71126,-78.61417,temporary moratorium,data center+cryptocurrency mining,active,2026-05-19,2027-05-18,364,false,12-month moratorium; staff to study impacts for 4-6 months then propose UDO text amendments.,https://pub-townofgarner.escribemeetings.com/FileStream.ashx?DocumentId=2439|https://docs.google.com/spreadsheets/d/e/2PACX-1vT4JGttmpkxBKyEno_IPcAuu8elWLWWO4WdF6blrOLcX97bGE0vavOBOMOSUMEZY1GuaHBYI84KP800/pub?gid=420554186&single=true&output=csv|https://www.thegarnernews.com/the-garner-news/town-of-garner-issues-reminder-about-data-center-moratorium-passed-in-may-2026,nc-town-of-garner-2026,false,false,2026-09-23,
nm-nc-town-of-highlands-2026,town,Town of Highlands,NC,37113,3731360,35.05259,-83.19682,temporary moratorium,data center+cryptocurrency mining,active,2026-08-20,2027-08-20,365,false,Temporary moratorium adopted; planning board review under way.,https://docs.google.com/spreadsheets/d/e/2PACX-1vT4JGttmpkxBKyEno_IPcAuu8elWLWWO4WdF6blrOLcX97bGE0vavOBOMOSUMEZY1GuaHBYI84KP800/pub?gid=420554186&single=true&output=csv|https://highlandsnews.com/news/337107/town-board-approves-data-center-moratorium/|https://maconsense.com/2026/09/14/commissioners-tackle-rural-phone-service-data-centers-and-transit-funding/|https://smokymountainnews.com/news/news-latest/highlands-considers-data-center-moratorium/,nc-town-of-highlands-2026,false,false,2026-09-23,
nm-nc-town-of-hildebran-2026,town,Town of Hildebran,NC,37023,3731500,35.71391,-81.42279,temporary moratorium,data center; 150 MW,active,2026-08-24,2027-08-24,365,false,12-month moratorium adopted despite earlier zoning rules.,https://www.thepaper.media/news/hildebran-imposes-12-month-data-center-moratorium-after-months-of-public-concern/article_0c0e576a-2807-4d44-9d14-bb95761c9189.html|https://ncdatacenters.substack.com/p/more-than-50-north-carolina-communities,nc-town-of-hildebran-2026,false,false,2026-09-23,
nm-nc-town-of-hillsborough-2026,town,Town of Hillsborough,NC,37135,3731620,36.07538,-79.09940,temporary moratorium,data center+cryptocurrency mining,extended,2026-05-27,2027-05-27,60,true,"Extended; active as of 2026-09-23 through 2027-05-27 (or earlier adoption of UDO data center rules). Applies in town limits, the extraterritorial jurisdiction and the future planning area;…",https://mccmeetings.blob.core.usgovcloudapi.net/hillsbronc-pubu/MEET-Minutes-36caa332171b4152bb40fd7e4b873a9b.pdf|https://mccmeetingspublic.blob.core.usgovcloudapi.net/hillsbronc-meet-010ac9061d25490dbc9b72e204d71b08/ITEM-Attachment-002-06b925fc2afa4f01969192f8bc95bb2c.pdf|https://mccmeetings.blob.core.usgovcloudapi.net/hillsbronc-pubu/MEET-Minutes-010ac9061d25490dbc9b72e204d71b08.pdf|https://mccmeetings.blob.core.usgovcloudapi.net/hillsbronc-pubu/MEET-Packet-36caa332171b4152bb40fd7e4b873a9b.pdf,nc-town-of-hillsborough-2026,false,false,2026-09-23,
nm-nc-town-of-holly-springs-2026,town,Town of Holly Springs,NC,37183,3732260,35.65127,-78.83362,temporary moratorium,data center+cryptocurrency mining,active,2026-06-16,2027-06-16,365,false,Active as of 2026-09-23 through 2027-06-16 (or earlier UDO amendments); applies in town and extraterritorial jurisdiction. The Land Use Advisory Committee is reviewing staff research toward UDO…,"https://hollyspringsnc.api.civicclerk.com/v1/Meetings/GetMeetingFileStream(fileId=3212,plainText=false)|https://hollyspringsnc.api.civicclerk.com/v1/Meetings/GetMeetingFileStream(fileId=2197,plainText=false)|https://www.hollyspringsnc.gov/m/newsflash/home/detail/1728",nc-town-of-holly-springs-2026,false,false,2026-09-23,
nm-nc-town-of-hot-springs-2026,town,Town of Hot Springs,NC,37115,3732840,35.89232,-82.82903,temporary moratorium,data center+cryptocurrency mining,active,2026-07-13,2027-07-13,365,false,One-year moratorium while the town reviews its zoning ordinance.,https://docs.google.com/spreadsheets/d/e/2PACX-1vT4JGttmpkxBKyEno_IPcAuu8elWLWWO4WdF6blrOLcX97bGE0vavOBOMOSUMEZY1GuaHBYI84KP800/pub?gid=420554186&single=true&output=csv|https://www.aol.com/articles/hot-springs-enacts-data-center-090929000.html,nc-town-of-hot-springs-2026,false,false,2026-09-23,
nm-nc-town-of-mayodan-2026,town,Town of Mayodan,NC,37157,3742060,36.41236,-79.96699,temporary moratorium,data center+cryptocurrency mining+solar,replaced,2026-05-11,2026-07-10,60,false,Replaced by zoning text amendments TA-002-2026 and TA-003-2026 adopted 2026-06-08.,https://irp.cdn-website.com/815bdd17/files/uploaded/June+packet.pdf|https://irp.cdn-website.com/815bdd17/files/uploaded/July+packet.pdf|https://irp.cdn-website.com/815bdd17/files/uploaded/May+packet+2.pdf|https://docs.google.com/spreadsheets/d/e/2PACX-1vT4JGttmpkxBKyEno_IPcAuu8elWLWWO4WdF6blrOLcX97bGE0vavOBOMOSUMEZY1GuaHBYI84KP800/pub?gid=420554186&single=true&output=csv|https://www.bizjournals.com/triad/news/2026/06/10/mayodan-nc-data-centers-zoning-rules-moratorium.html,nc-town-of-mayodan-2026,false,false,2026-09-23,
nm-nc-town-of-nashville-2026,town,Town of Nashville,NC,37127,3746000,35.97460,-77.96554,temporary moratorium,data center+cryptocurrency mining,active,2026-08-04,2027-08-04,365,false,12-month moratorium adopted.,https://www.townofnashville.com/files/assets/town/v/1/administration/documents/ordinances/2026-23-data-center-moratorium.pdf|https://www.rockymounttelegram.com/news/local/county-to-hold-hearing-on-data-centers/article_47888712-c1d2-4236-8cf8-9bc2ae7d9e1b.html,nc-town-of-nashville-2026,false,false,2026-09-23,
nm-nc-town-of-newport-2026,town,Town of Newport,NC,37031,3746860,34.78655,-76.85911,temporary moratorium,data center+cryptocurrency mining,active,2026-09,,365,false,One-year moratorium adopted.,https://www.publicradioeast.org/2026-09-17/newport-approves-one-year-freeze-on-new-data-centers-and-crypto-mining|https://wcti12.com/news/local/newport-approves-one-year-moratorium-on-data-center-development|https://www.witn.com/2026/09/16/residents-voice-support-newports-moratorium-approval-data-center/?outputType=amp,nc-town-of-newport-2026,false,true,2026-09-23,
nm-nc-town-of-spring-hope-2026,town,Town of Spring Hope,NC,37127,3764160,35.94515,-78.11194,temporary moratorium,data center,active,2026-05-04,2027-05-04,365,false,Active as of researched_as_of,https://www.springhope.net/_files/ugd/39a162_649e69c39d0d44f68ffd662add4a1eab.pdf,nc-town-of-spring-hope-2026,false,false,2026-07-31,
nm-nc-town-of-waxhaw-2026,town,Town of Waxhaw,NC,37179,3771460,34.94639,-80.77393,temporary moratorium,data center+cryptocurrency mining,active,2026-08-11,2027-08-10,364,false,12-month moratorium while the town drafts land development code amendments.,https://waxhaw.civicweb.net/document/248629/_p__strong__span%20style=_text-decoration_underli.pdf?handle=71B239B68E7441698879E6780B87FC76|https://www.wbtv.com/2026/08/13/town-waxhaw-unanimously-approved-12-month-moratorium-data-centers/|https://nsjonline.com/article/2026/09/data-center-moratorium-count-rises-again/,nc-town-of-waxhaw-2026,false,false,2026-09-23,
nm-nc-town-of-whitakers-undated,town,Town of Whitakers,NC,37065,3773160,36.10557,-77.71261,temporary moratorium,data center,active,2026-06-01,,,false,Moratorium reported.,https://www.rockymounttelegram.com/news/local/county-to-hold-hearing-on-data-centers/article_47888712-c1d2-4236-8cf8-9bc2ae7d9e1b.html|https://www.rockymounttelegram.com/news/local/nash-county-enacts-temporary-moratorium-on-data-centers/article_4d5364c9-c321-4c2a-8364-b516b4073cdc.html,nc-town-of-whitakers-undated,true,true,2026-09-23,
nm-nc-town-of-woodfin-2026,town,Town of Woodfin,NC,37021,3775280,35.63344,-82.58207,temporary moratorium,data center,active,2026-05-19,2027-05-19,365,false,Active as of researched_as_of; official minutes record no public comments at the hearing,https://www.woodfin-nc.gov/Document%20Center/Government/Agenda/2026/2026.05.19/F.1.b%20Ordinance%20No.%202026-04.pdf?t=202605151218260|https://www.woodfin-nc.gov/government/agenda2026May19.php,nc-town-of-woodfin-2026,false,false,2026-07-31,
nm-nc-vance-county-2026,county,Vance County,NC,37181,,36.37474,-78.41410,temporary moratorium,data center; 900 MW,active,2026-09-14,2026-11-13,60,false,60-day moratorium pending UDO text amendment.,https://wizs.com/towntalk-vance-county-commissioners-adopt-60-day-moratorium/,nc-vance-county-2026,false,false,2026-09-23,
nm-nc-warren-county-2026,county,Warren County,NC,37185,,36.39017,-78.10521,temporary moratorium,data center,active,2026-08-19,2027-08-19,365,false,12-month moratorium adopted.,https://docs.google.com/spreadsheets/d/e/2PACX-1vT4JGttmpkxBKyEno_IPcAuu8elWLWWO4WdF6blrOLcX97bGE0vavOBOMOSUMEZY1GuaHBYI84KP800/pub?gid=420554186&single=true&output=csv|https://www.warrenrecord.com/news/article_ed6cc94d-a087-4574-ae12-af7e6147aa78.html,nc-warren-county-2026,false,false,2026-09-23,
nm-nc-watauga-county-2026,county,Watauga County,NC,37189,,36.22281,-81.68638,temporary moratorium,data center,active,2026-04-21,2027-04-21,365,false,Pending UDO process; commissioners directed staff to develop comprehensive regulations within the moratorium year.,https://www.wataugademocrat.com/news/county-commissioners-pass-a-one-year-data-center-moratorium-for-watauga-county/article_012ca886-b088-4aee-8321-6b0f851fcdca.html,nc-watauga-county-2026,false,true,2026-09-23,
nm-nc-wendell-2026,town,Town of Wendell,NC,37183,3771860,35.78099,-78.36972,temporary moratorium,data center+cryptocurrency mining,active,2026-04-13,2026-12-31,,false,Pending. Town will study impacts and prepare regulations.,https://townofwendellnc.gov/departments/planning/data_center_moratorium.php|https://www.wakeweekly.com/news/no-projects-yet-wendell-adopts-temporary-data-center-moratorium-through-years-end-f1d21063|https://www.wunc.org/environment/2026-09-16/raleigh-cary-data-center-moratorium|https://www.springhopeenterprise.com/news/wendell-adopts-data-center-moratorium-through-years-end-b8a1e693,nc-wendell-2026,false,false,2026-09-23,
nm-nc-yadkin-county-2026,county,Yadkin County,NC,37197,,36.14971,-80.67623,temporary moratorium,data center,active,2026-08-17,2028-08-17,731,false,Two-year moratorium adopted.,https://www.yadkincountync.gov/AgendaCenter/ViewFile/Agenda/_08172026-1186|https://www.elkintribune.com/news/moratorium-approved-for-yadkin-county-as-potential-yadkinville-data-center-project-announced/article_03225b12-2d04-5e90-9a16-66e30e2a9165.html|https://nsjonline.com/article/2026/09/data-center-moratorium-count-rises-again/,nc-yadkin-county-2026,false,false,2026-09-23,
nm-nd-barnes-county-2026,county,Barnes County,ND,38003,,46.93105,-98.06789,temporary moratorium,data center,active,2026-05-19,2026-11-15,180,false,Commission unanimously approved a six-month moratorium on new data center building permits/applications countywide effective 2026-05-19.,https://www.barnescounty.us/wp-content/uploads/2026/06/May-19-2026-Commission-Minutes.pdf|https://www.grandforksherald.com/opinion/letters/letter-special-session-needed-to-address-data-centers-in-north-dakota,nd-barnes-county-2026,false,false,2026-07-31,
nm-nd-dunn-county-2026,county,Dunn County,ND,38025,,47.30612,-102.61123,temporary moratorium,data center+solar+battery storage,active,2026-03-18,2027-03-18,365,false,Pending. County staff are working on permitting ordinances; wind ordinances are also under development.,https://dunncountynd.gov/vertical/sites/%7B565AA8FB-A7E9-4453-8706-895E3925615D%7D/uploads/3_March_18_2026_Official_Minutes_(Signed).pdf|https://dunncountynd.gov/vertical/sites/%7B565AA8FB-A7E9-4453-8706-895E3925615D%7D/uploads/03-10-2026_Minutes.pdf,nd-dunn-county-2026,false,false,2026-07-31,
nm-nd-harmony-township-undated,township,Harmony Township,ND,38017,3801735580,46.92729,-97.11548,temporary moratorium,data center+battery storage+solar+wind+general,pending,,,,false,Board voted to schedule a public hearing on a proposed two-year moratorium and to seek a legal review of recent zoning amendments and pending conditional use permits before further action; no…,https://www.inforum.com/news/north-dakota/harmony-township-board-to-consider-2-year-data-center-moratorium,nd-harmony-township-undated,false,true,2026-09-23,
nm-nd-mercer-county-2026,county,Mercer County,ND,38057,,47.33477,-101.86500,temporary moratorium,"data center+cryptocurrency mining; 1,450 MW",replaced,2026-03-03,2026-08-05,365,false,Data center zoning ordinance (with wind and solar ordinances) adopted on second reading 2026-07-15; moratorium lifted effective on the ordinance's publication (about 2026-08-05).,https://www.centralnordak.com/articles/data-center-moratorium-lifted-in-mercer-county/|https://www.ndenergy.org/Newsletter/Finger-Lickin-Good/Mercer-Co-Lifts-Data-Center-Moratorium|https://bismarcktribune.com/news/state-regional/article_fc2c1a76-637d-4b7e-9dd5-b0ae39eeabbf.html|https://www.centralnordak.com/articles/split-commission-approves-one-year-data-center-moratorium/,nd-mercer-county-2026,false,false,2026-09-23,
nm-nd-morton-county-2024,county,Morton County,ND,38059,,46.72447,-101.16445,temporary moratorium,data center+cryptocurrency mining,replaced,2024-09-12,,,false,"Following P&Z review at five 2026 meetings (Feb. 25, March 25, April 22, May 27, July 22), a subcommittee process (June-August 2026), and a P&Z recommendation of approval (Aug. 26, 2026), the County…",https://www.mortonnd.gov/?SEC=1E3E56EB-551B-4CE1-B5D6-A9165291C20C&Type=B_BASIC|https://www.kfyrtv.com/2026/09/11/morton-county-approves-new-rules-future-data-centers/|https://bismarcktribune.com/news/local/article_0d0f734f-dedc-4e8e-9b21-91c913b99d46.html|https://www.kfyrtv.com/2026/08/28/morton-county-data-center-ordinance-advances-commission/,nd-morton-county-2024,false,false,2026-09-23,
nm-nd-oliver-county-2024-p1,county,Oliver County (Phase 1),ND,38065,,47.10777,-101.35245,temporary moratorium,data center+cryptocurrency mining+solar,lifted,2024-12-12,,,false,"March 13, 2025 Commission unanimously (Husfloen, Berger, Schmidt all aye) voted to lift the data center and solar moratoria after States Attorney Patrick Waters recommended the lift, in connection…",https://olivercountynd.org/index.asp?SEC=D256975C-FAE3-4E9C-8F18-8D8CBF337279,nd-oliver-county-2024-p1,false,false,2026-07-31,
nm-nd-oliver-county-2025-p2,county,Oliver County (Phase 2),ND,38065,,47.10777,-101.35245,temporary moratorium,data center+cryptocurrency mining,expired,2025-05-06,2025-08-04,90,false,"No final county data center ordinance was adopted between Phase 2's expiration (on or about 2025-08-04) and the process that led to Phase 3. Per the Oliver County Commission's own Feb. 10, 2026…",https://olivercountynd.org/index.asp?SEC=8E176E67-9D63-44A3-B205-D8004958F1F3|https://olivercountynd.org/index.asp?SEC=6D3F2AEE-42C8-46D8-BC4E-89A9E9ECB2CE|https://olivercountynd.org/index.asp?SEC=0B02160B-6DEF-492E-A8AE-C0F130AF8790|https://olivercountynd.org/index.asp?SEC=B1B18045-A2A7-4C31-8160-D9E9D255E81C|https://www.kxnet.com/news/top-stories/oliver-county-data-center-moratorium/,nd-oliver-county-2025-p2,false,false,2026-09-23,
nm-nd-oliver-county-2026-p3,county,Oliver County (Phase 3),ND,38065,,47.10777,-101.35245,temporary moratorium,data center+cryptocurrency mining,lifted,2026-03-13,2026-09-09,180,false,Pending. February 2026 minutes recommended looking to Stutsman County and McLean County language for local ordinance drafting.,https://olivercountynd.org/index.asp?SEC=227AD67B-A719-4DFE-8789-8464C7889A48|https://olivercountynd.org/?SEC=A112429C-2BAA-47E2-905B-53541A91C504|https://www.kfyrtv.com/2026/05/01/oliver-county-commissioners-repeal-moratorium-data-centers/,nd-oliver-county-2026-p3,false,false,2026-09-23,
nm-nd-williams-county-2023,county,Williams County,ND,38105,,48.36299,-103.49584,temporary moratorium,data center,replaced,2023-06-20,2023-12-17,180,false,"Chapter 6-16 of the Williams County Zoning Ordinance now allows data centers only by conditional use permit in Heavy Industrial and Agricultural districts, with a 1 mile setback from dwellings,…",https://williamsnd.civicweb.net/document/163858/Signed%20AMENDED%202015%20ORDINANCE%20ADDING%20REGULATIONS%20F.pdf?handle=5FF37F2D1A6D4207864A45D508E34D8A|https://williamsnd.civicweb.net/document/163758/Williams%20County%20Zoning%20Ordinance%20and%20Subdivisio.pdf?handle=4766A89FF8304B71BCF049C5C518DE6D|https://kfgo.com/2023/06/20/williams-co-commission-votes-to-cut-power-to-crypto-data-center-project/|https://www.constructiondive.com/news/north-dakota-county-cuts-power-19-billion-data-center-project-fx-solutions-atlas-power/653772/,nd-williams-county-2023,true,false,2026-09-23,
nm-ne-box-butte-county-2026,county,Box Butte County,NE,31013,,42.21303,-103.07002,temporary moratorium,data center,active,2026,,,false,Reported to have a data center moratorium in place; primary source not located,,ne-box-butte-county-2026,true,true,,
nm-ne-broken-bow-2026,city,Broken Bow,NE,31041,3106610,41.40181,-99.63933,temporary moratorium,data center+cryptocurrency mining,active,2026-07-14,2027-01-10,180,false,City drafting data center zoning regulations,,ne-broken-bow-2026,false,false,2026-09-23,
nm-ne-butler-county-2026,county,Butler County,NE,31023,,41.21424,-97.13841,temporary moratorium,wind+solar+battery storage+data center+general; exemptions noted,active,2026-03-16,2026-12-15,274,false,"9-month countywide land-use moratorium adopted covering wind, solar, data centers, battery storage, and landfills, later amended to exempt an in-progress solar project.",https://butlercountyne.gov/wp-content/uploads/sites/29/2026/03/BOS-Minutes-03.16.26-Public-Hearing-Special-Mtg.pdf|https://flatwaterfreepress.org/amid-renewable-energy-backlash-some-nebraska-communities-are-making-millions/,ne-butler-county-2026,false,false,2026-09-23,
nm-ne-cass-county-2026,county,Cass County,NE,31025,,40.90173,-96.19221,temporary moratorium,data center,active,2026-08-11,2027-08-11,365,false,"12-month moratorium on data center permits adopted after extensive public hearings; proposed implementing zoning regulations tabled to Sept. 22, 2026 for further board discussion.",https://couriernebraska.com/news/environment/cass-county-data-centers-mori/|https://www.klkntv.com/cass-county-board-of-commissioners-unanimously-vote-for-data-center-moratorium/|https://journalstar.com/news/local/business/article_ca198825-f825-44c7-b685-6843997be21e.html,ne-cass-county-2026,false,false,2026-09-23,
nm-ne-cherry-county-2026,county,Cherry County,NE,31031,,42.55602,-101.15030,temporary moratorium,data center+general,active,2026-07-14,2027-01-10,180,false,Active as of 2026-07-31; six-month pause on all conditional use permits effective 2026-07-14.,https://cherrycountyne.gov/wp-content/uploads/sites/51/2026/07/07.14.2026-CC-MINUTES.pdf|https://metro.newschannelnebraska.com/story/327638961/how-to-prevent-a-data-center-cherry-county-approves-six-month-moratorium-on-conditional-use-permits,ne-cherry-county-2026,false,false,2026-07-31,
nm-ne-custer-county-2026,county,Custer County,NE,31041,,41.40222,-99.72722,temporary moratorium,data center,expired,2026-03-31,2026-09-30,183,false,Planning Commission developing permanent data center zoning regulations; public hearing 2026-09-23,,ne-custer-county-2026,false,false,2026-09-23,
nm-ne-dundy-county-2025,county,Dundy County,NE,31057,,40.18499,-101.69594,temporary moratorium,data center+general,extended,2025-06,,,true,County continuing to require CUP moratorium while updating comprehensive plan/zoning,,ne-dundy-county-2025,false,true,2026-09-23,
nm-ne-gage-county-2026,county,Gage County,NE,31067,,40.24694,-96.70213,temporary moratorium,data center,active,2026-09-16,2027-09-16,365,true,12-month data center permit moratorium adopted to allow time to develop county-specific data center regulations; supersedes the county's prior 8-month moratorium from August 2026.,https://www.klkntv.com/gage-county-approves-12-month-data-center-moratorium/|https://beatricedailysun.com/news/local/government-politics/article_00ada8f4-0b3a-4f12-bc8d-42b0c231655f.html,ne-gage-county-2026,false,false,2026-09-23,
nm-ne-garfield-county-undated,county,Garfield County,NE,31071,,41.89574,-99.00980,temporary moratorium,data center,pending,,,,false,Awaiting County Board vote,,ne-garfield-county-undated,true,true,2026-09-23,
nm-ne-harlan-county-2026,county,Harlan County,NE,31083,,40.16174,-99.43494,temporary moratorium,data center,active,2026,,,false,Reported to have a data center moratorium in place; primary source not located,,ne-harlan-county-2026,true,true,,
nm-ne-hayes-county-2026,county,Hayes County,NE,31085,,40.53356,-101.06060,temporary moratorium,data center,active,2026,,,false,Reported to have a data center moratorium in place; primary source not located,,ne-hayes-county-2026,true,true,,
nm-ne-hitchcock-county-2025,county,Hitchcock County,NE,31087,,40.16596,-101.03875,temporary moratorium,data center+cryptocurrency mining,replaced,2025-02-03,2026-02-03,365,false,Resolution #25-9 amended county zoning after a 2025-03-17 public hearing. The framework allows data centers and crypto mining through conditional use in AG-G and RCI districts and addresses I…,https://hitchcockcounty.ne.gov/posting_files/pdfs/board/minutes/2025/20251009_113725_board_minutes.pdf|https://hitchcockcounty.ne.gov/posting_files/pdfs/board/minutes/2025/20251020_135158_board_minutes.pdf|https://hitchcockcounty.ne.gov/posting_files/pdfs/board/minutes/2025/20251006_130535_board_minutes.pdf|https://hitchcockcounty.ne.gov/posting_files/pdfs/zoning/agenda/2025/20250611_130334_zoning_agenda.pdf|https://hitchcockcounty.ne.gov/posting_files/pdfs/board/agenda/2026/20260908_144836_board_agenda.pdf|https://hitchcockcounty.ne.gov/posting_files/pdfs/board/minutes/2026/20260908_140819_board_minutes.pdf|https://hitchcockcounty.ne.gov/posting_files/pdfs/board/minutes/2026/20260921_113028_board_minutes.pdf|https://www.datacenter.fyi/public-record/evergeen-technologies-ef9a2f11,ne-hitchcock-county-2025,true,false,2026-09-23,
nm-ne-hitchcock-county-undated,county,Hitchcock County,NE,31087,,40.16596,-101.03875,temporary moratorium,wind+solar+battery storage+cryptocurrency mining+data center+general,pending,,,,false,"Broader successor moratorium proposal (covering wind, solar, battery storage, crypto mining, data centers, AI facilities, CO2 pipeline infrastructure, and high-voltage transmission) remains under…",https://hitchcockcounty.ne.gov/posting_files/pdfs/board/agenda/2026/20260908_144836_board_agenda.pdf|https://hitchcockcounty.ne.gov/posting_files/pdfs/board/minutes/2026/20260908_140819_board_minutes.pdf|https://hitchcockcounty.ne.gov/posting_files/pdfs/board/minutes/2026/20260921_113028_board_minutes.pdf,ne-hitchcock-county-undated,true,true,2026-09-23,
nm-ne-johnson-county-2026,county,Johnson County,NE,31097,,40.39156,-96.27962,temporary moratorium,data center,active,2026,,,false,Reported to have a data center moratorium in place; primary source not located,,ne-johnson-county-2026,true,true,,
nm-ne-kearney-county-2026,county,Kearney County,NE,31099,,40.49062,-98.94723,temporary moratorium,data center,active,2026,,,false,Reported to have a data center moratorium on unincorporated land; primary source not located,,ne-kearney-county-2026,true,true,,
nm-ne-logan-county-2026,county,Logan County,NE,31113,,41.55901,-100.50306,temporary moratorium,data center+cryptocurrency mining+wind+solar+battery storage,active,2026-07-15,2027-07-15,365,false,Active as of 2026-07-31; 12-month moratorium effective 2026-07-15.,https://logancounty.ne.gov/wp-content/uploads/sites/21/2026/07/July-Mins.pdf|https://nebraskapublicmedia.org/en/news/news-articles/twelfth-nebraska-county-temporarily-bans-data-centers/,ne-logan-county-2026,false,false,2026-07-31,
nm-ne-mcpherson-county-2026,county,McPherson County,NE,31117,,41.56217,-101.08243,temporary moratorium,wind+solar+battery storage+cryptocurrency mining+data center+general,active,2026-06-10,2027-06-10,365,false,"12-month moratorium adopted covering a broad set of utility-scale and specialized technology facility types, consolidating and superseding the county's prior 2025 moratorium resolutions.",https://citizenportal.ai/articles/8288607/nebraska/mcpherson-county/mcpherson-county-adopts-12-month-moratorium-on-utility-scale-and-specialized-technology-facilities,ne-mcpherson-county-2026,false,false,2026-09-23,
nm-ne-otoe-county-2026,county,Otoe County,NE,31131,,40.65669,-96.14446,temporary moratorium,data center,active,2026-05-19,2027-05-19,365,false,"No enacted moratorium or replacement zoning action identified in captured sources. Otoe County's 2025 zoning draft defines ""Data Center"" but the captured text did not surface a complete use-matrix…",https://cms2.revize.com/revize/otoecounty/Documents/Government/Board%20of%20Commissioners/Agendas%20Minutes/2026/Agenda/5-19-26%20Comm.%20Minutes.pdf|https://www.1011now.com/2026/05/20/otoe-county-commissioners-pass-moratorium-data-center-or-not/|https://nebraskapublicmedia.org/en/news/news-articles/a-nebraska-county-just-banned-new-data-centers-for-up-to-a-year-more-could-follow/,ne-otoe-county-2026,false,false,2026-07-31,
nm-ne-red-willow-county-2025,county,Red Willow County,NE,31145,,40.16862,-100.45509,temporary moratorium,data center,extended,2025-09-22,2027-09-22,365,true,"Extended for an additional 12 months by Resolution No. 1612 (adopted 2026-08-24), two days ahead of the original 2026-09-22 expiration; the Board's Comprehensive Plan/zoning-update contractor (West…",https://redwillowcountyne.gov/wp-content/uploads/sites/38/2026/08/official-8-24-2026.pdf|https://redwillowcountyne.gov/wp-content/uploads/sites/38/2026/03/boc-2025-minutes.pdf|https://mccooknewsnow.com/red-willow-county-commissioners-approve-pipeline-data-center-moratoriums-review-budget-and-co2-pipeline-proposal/|https://www.mccookgazette.com/news/appointments-recommendations-and-resolutions-901ca14b|https://mccooknewsnow.com/red-willow-county-commissioners-discuss-zoning-moratoriums-public-defender-retirement-and-rising-budget-requests/|https://citizenportal.ai/articles/9590001/Nebraska/Red-Willow-County/Red-Willow-County-adopts-12-month-moratorium-on-pipelines-extends-moratorium-on-data-centers,ne-red-willow-county-2025,false,false,2026-09-23,
nm-ne-seward-county-2026,county,Seward County,NE,31159,,40.86955,-97.17067,permit pause,data center,active,2026-06-30,2027-06-30,365,false,"Active as of 2026-07-31; up-to-12-month moratorium effective 2026-06-30, or earlier upon adoption of new zoning regulations.","https://sewardcountyne.gov/wp-content/uploads/sites/50/2026/06/jun3026.pdf|https://sewardcountyne.gov/wp-content/uploads/sites/50/2025/12/jan0626.pdf|https://citizenportal.ai/articles/9648182/nebraska/seward-county/seward-county-extends-moratorium-on-commercial-renewable-projects-for-six-months|https://www.1011now.com/2026/06/30/seward-county-approves-one-year-pause-data-center-permits-construction/|https://www.sewardindependent.com/stories/board-extends-renewable-energy-moratorium,209927",ne-seward-county-2026,false,false,2026-09-23,
nm-nh-bow-2026,town,Bow,NH,33013,3301306500,43.13306,-71.54915,temporary moratorium,data center,active,2026-09-17,2027-09-17,365,false,Not fully confirmed from a primary town document,https://www.nhpr.org/nh-news/2026-09-01/bow-in-talks-to-become-site-of-new-data-center,nh-bow-2026,true,false,2026-09-23,
nm-nh-town-of-nottingham-undated,town,Town of Nottingham,NH,33015,3301557460,43.11502,-71.10008,temporary moratorium,data center,active,2026-09-08,2027-09-08,365,false,"Not yet enacted; awaiting a September 8, 2026 town legislative-body vote.",https://www.nottingham-nh.gov/sites/g/files/vyhlif3611/f/news/nottingham_temporary_moratorium_on_data_centers_ordinance_final_signed.pdf|https://www.nottingham-nh.gov/sites/g/files/vyhlif3611/f/minutes/nottingham_planning_board_minutes_7-1-26_approved.pdf|https://www.nottingham-nh.gov/sites/g/files/vyhlif3611/f/minutes/07062026_bos_approved_minutes.pdf|https://www.nottingham-nh.gov/sites/g/files/vyhlif3611/f/news/2026_nottingham_special_town_election_results.pdf|https://www.nhpr.org/politics/2026-09-09/nottingham-voters-approve-moratorium-data-centers-nh-newhampshire|https://www.fosters.com/story/news/local/2026/09/10/nottingham-data-centers-moratorium-approved-voters/91688887007/,nh-town-of-nottingham-undated,false,false,2026-09-23,
nm-nj-asbury-park-2026,city,Asbury Park,NJ,34025,3401960,40.22039,-74.01208,temporary moratorium,data center,active,2026-06-10,,,false,"Active as of 2026-09-23. On 2026-06-10 the City Council unanimously adopted Resolution 2026-264, which (a) urges Gov. Sherrill and the legislature to enact a statewide data-center moratorium, and…",https://www.wbjb.org/local-news/2026-06-19/asbury-park-calls-for-moratorium-on-ai-data-centers,nj-asbury-park-2026,true,false,2026-09-23,
nm-nj-galloway-township-2026,township,Galloway Township,NJ,34001,3400125560,39.46461,-74.49861,temporary moratorium,data center,active,2026-07-14,2027-01-10,180,false,"Active as of 2026-09-23. Ordinance 2172-2026 was introduced June 16, 2026 and finally passed at the Council's July 14, 2026 meeting (notice published July 15, 2026), establishing a six-month…",https://ww.gtnj.org/index.php/i-want-to/find-council-meeting-agendas/2026-1/2884-7-14-2026-agenda?format=html|https://ww.gtnj.org/index.php/i-want-to/find-council-meeting-agendas/2026-1/2860-6-16-2026-revised-agenda/file|https://www.gtnj.org/index.php/i-want-to/find-council-meeting-agendas/2026-1/2815-5-12-26-agenda/file|https://www.gtnj.org/index.php/i-want-to/find-a-form-or-document/public-notices-1/municipal-clerk-notices/2871-introduction-ordinance-2172-2026-data-centers/file|https://www.gtnj.org/index.php/departments/public-notices|https://111things.com/local-headlines/galloway-township-gives-final-passage-to-temporary-data-center-moratorium/,nj-galloway-township-2026,false,false,2026-09-23,
nm-nj-mullica-township-undated,township,Mullica Township,NJ,34001,3400149410,39.57774,-74.71727,temporary moratorium,data center,pending,,,180,false,"Township Committee introduced a six-month moratorium ordinance on data centers August 25, 2026 and referred it to the Planning Board and Environmental Commission; not yet finally adopted as of…",https://www.mullicatownship.org/ordinance-no-09-2026-establishing-a-temporary-six-6-month-moratorium-on-the-approval-development-construction-expansion-and-operation-of-data-centers-within-the-township-of-mullica-pending-furt/|https://mullicatownship.org/wp-content/uploads/2026/09/9.22.26-Regular-Meeting-Agenda.pdf|https://www.hammontongazette.com/news/neighbors/mullica-twp-introduces-data-center-ban-ordinance/article_242f0876-7864-4805-8f58-fe922b551ad8.html,nj-mullica-township-undated,false,true,2026-09-23,
nm-nj-sayreville-2026,town,Sayreville,NJ,34023,3465790,40.46354,-74.36185,temporary moratorium,data center,active,2026-07-20,2028-01-11,540,false,Enacted per the borough's official adoption notice; active as of 2026-07-31,https://www.sayreville.com/uppages/ORD%5F%2015%2D26%20BANNING%20DATA%20CENTERS%20FOR%2018%20MONTHS%281%29%2EPDF|https://www.sayreville.com/documents/07-20-26%20Agenda.pdf|https://www.sayreville.com/documents/Ad-adoption-15-26.pdf,nj-sayreville-2026,false,false,2026-07-31,
nm-nm-colfax-county-2026,county,Colfax County,NM,35007,,36.55718,-104.61189,temporary moratorium,data center,active,2026-08-25,,365,false,Colfax County Commission unanimously adopted a one-year moratorium on new or expanded data centers in unincorporated county territory.,https://krtnradio.com/2026/08/06/colfax-county-notice-of-public-hearing-and-proposed-ordinance-no-2026-02/|https://www.cpr.org/2026/09/03/colfax-county-data-centers-moratorium/|https://worldjournalnewspaper.com/colfax-county-advances-data-center-moratorium-as-drought-deepens/,nm-colfax-county-2026,false,true,2026-09-23,
nm-nm-grant-county-undated,county,Grant County,NM,35017,,32.75488,-108.36341,temporary moratorium,data center,pending,,,,false,"Pending as of 2026-09-23. Commissioner Nancy Stephens is sponsoring Resolution R-26-54 (Notice of Intent to Consider an Ordinance Establishing a one-year data-center moratorium), scheduled for the…",https://www.grantcountybeat.com/legals/grant-county-board-of-commissioners-regular-meeting-september-24-2026|https://searchlightnm.org/grant-county-residents-raise-alarm-over-secretive-proposed-data-center/,nm-grant-county-undated,true,true,2026-09-23,
nm-nm-rio-communities-2026,city,Rio Communities,NM,35061,3563145,34.65033,-106.73385,temporary moratorium,"data center+general; >20,000 sq ft",active,2026-08-26,2027-08-26,365,false,Staff drafting data center zoning definitions.,https://www.news-bulletin.com/news/rio-communities-council-moves-to-tighten-development-rules-approves-one-year-moratorium/3109125,nm-rio-communities-2026,false,false,2026-09-23,
nm-nm-santa-fe-county-2026,county,Santa Fe County,NM,35049,,35.48597,-106.01355,temporary moratorium,data center; 100 MW,active,2026-06-30,2027-12-22,540,false,Active as of 2026-07-31; the county stated no data center proposal was then pending in Santa Fe County,https://www.santafecountynm.gov/documents/ordinances/Ordinance_2026-06.pdf|https://www.santafecountynm.gov/documents/agendas/meetings/BCC_Summary_06-30-2026.pdf|https://www.santafecountynm.gov/news/detail/santa-fe-county-approves-18-month-moratorium-on-data-centers,nm-santa-fe-county-2026,false,false,2026-07-31,
nm-nm-sierra-county-2026,county,Sierra County,NM,35051,,33.11659,-107.25694,temporary moratorium,data center,active,2026-07-21,2028-01-21,540,false,"Active as of 2026-09-23. Sierra County Commissioners unanimously amended and adopted Resolution No. 2026-51 at their July 21, 2026 meeting, imposing an 18-month moratorium on new data centers in the…",https://www.sierraco.org/wp-content/uploads/county-commission-agenda-2026-07-21.pdf|https://www.sierraco.org/wp-content/uploads/commission-meeting-packet-2026-07-21.pdf|https://www.sierraco.org/department/clerk/|https://www.krqe.com/news/new-mexico/sierra-county-implements-18-month-moratorium-on-data-centers/|https://www.gpkmedia.com/news/county-says-no-to-data-centers-for-now/article_d384459c-8045-4f27-b046-7155c5aa6ed6.html|https://sourcenm.com/2026/09/03/new-mexico-land-commissioner-shoots-down-canadian-data-center-companys-pitch-at-spaceport-america/|https://www.abqjournal.com/news/in-secretly-recorded-meeting-tech-ceo-and-investor-push-officials-on-spaceport-data-center/3112984|https://sourcenm.com/2026/07/22/new-mexico-county-adopts-data-center-moratorium-as-residents-protest-spaceport-proposal/,nm-sierra-county-2026,false,false,2026-09-23,
nm-nm-socorro-county-2026,county,Socorro County,NM,35053,,33.99047,-106.92208,temporary moratorium,data center,active,2026-06-09,2027-06-09,365,false,County commission unanimously adopted a one-year moratorium on data centers and their direct supporting infrastructure; a fact-finding Blue Ribbon Committee was subsequently appointed to advise the…,https://www.abqjournal.com/news/socorro-county-approves-data-center-moratorium-amid-opposition/3060408|https://sourcenm.com/2026/06/10/new-mexico-county-adopts-yearlong-data-center-moratorium/|https://www.dchieftain.com/article/3086190|https://www.dchieftain.com/article/3091650|https://html.duckduckgo.com/html/?q=Socorro+County+New+Mexico+data+center+moratorium+resolution+number+ordinance,nm-socorro-county-2026,false,false,2026-09-23,
nm-nv-humboldt-county-2026,county,Humboldt County,NV,32013,,41.42939,-118.20248,temporary moratorium,data center,active,2026-07-06,,,false,"Active as of 2026-09-23; set to expire 2027-07-13 absent further action or extension. Continued force confirmed by the Nevada Independent's statewide roundup (last updated Aug. 26, 2026) and by the…","https://hcnv.granicus.com/AgendaViewer.php?event_id=1995&view_id=1|https://d3n9y02raazwpg.cloudfront.net/hcnv/b561547b-6677-11f1-9494-005056a89546-675e0d9f-5b34-459d-bc6e-a5d71dae3f5a-1782830278.pdf|https://www.whitepinecounty.net/DocumentCenter/View/13924/Resolution-2026-18|https://www.greatbasinsun.com/article/954,nevada-communities-weigh-data-center-development|https://thenevadaindependent.com/article/how-has-your-city-or-county-regulated-data-centers-heres-the-latest-in-nevada|https://www.thehumboldtsun.com/article/619%2Ccommission-approves-temporary-data-center-moratorium-through-july-2027",nv-humboldt-county-2026,false,false,2026-09-23,
nm-nv-nye-county-2026,county,Nye County,NV,32023,,38.35448,-116.40696,temporary moratorium,data center+cryptocurrency mining,active,2026-06-02,,,false,Countywide moratorium on new data center applications adopted 2026-06-02 and still in force outside Hydrographic Basin 162 as of 2026-09-23; a separate permanent ban on data centers within Basin 162…,https://www.nyecountynv.gov/DocumentCenter/View/51409/Item18|https://nevadacurrent.com/2026/08/20/nye-county-totally-bans-data-centers-in-over-appropriated-water-basin/|https://pvtimes.com/news/special-meeting-on-data-center-regulations-canceled-190135/|https://www.ktnv.com/news/local-news/data-vs-desert/what-steps-are-southern-nevada-leaders-taking-or-not-taking-to-regulate-the-growing-data-center-industry|https://pvtimes.com/news/nye-county-approves-data-center-moratorium-186722/|https://nevadacurrent.com/2026/05/27/nye-county-water-board-pushes-data-center-moratorium/,nv-nye-county-2026,false,false,2026-09-23,
nm-nv-reno-2026,city,Reno,NV,32031,3260600,39.52618,-119.81266,temporary moratorium,data center,extended,2026-06-01,2027-08-31,,true,Moratorium on new data center special-use permits extended through August 2027,https://www.reno.gov/business-development/development-services/initiatives-and-updates.php|https://thebarberbrief.substack.com/p/read-by-june-1-reno-city-council|https://www.rgj.com/story/news/2026/06/01/reno-to-accept-no-new-data-center-applications-until-2027-council-says/90362117007/|https://nevadacurrent.com/2026/06/03/reno-city-council-extends-data-center-moratorium-promises-effort-is-not-political/|https://news.google.com/rss/search?q=Reno%20City%20Council%20data%20center%20moratorium%20%22August%202027%22&hl=en-US&gl=US&ceid=US:en|https://html.duckduckgo.com/html/?q=Reno+Nevada+data+center+moratorium+ordinance+city+council,nv-reno-2026,true,true,2026-09-23,
nm-nv-wells-2026,city,Wells,NV,32007,3283000,41.11073,-114.96314,temporary moratorium,data center+cryptocurrency mining,active,2026-06-23,2027-06-23,365,true,"Wells City Council adopted a 12-month moratorium on data center land use applications, business licenses, and building permits, directing staff to work with Elko County and neighboring jurisdictions…",https://bloximages.chicago2.vip.townnews.com/elkodaily.com/content/tncms/assets/v3/editorial/2/fe/2fe5cdef-9ea9-4c4f-855b-616da45e833a/6a7521a676bda.pdf.pdf|https://elkodaily.com/news/local/article_469250a1-b14b-4ddf-b2a3-5824807b2674.html|https://thenevadaindependent.com/article/how-has-your-city-or-county-regulated-data-centers-heres-the-latest-in-nevada,nv-wells-2026,false,false,2026-09-23,
nm-nv-white-pine-county-2026,county,White Pine County,NV,32033,,39.52982,-114.88996,temporary moratorium,data center,active,2026-07-22,2027-01-18,180,false,"White Pine County Board of Commissioners adopted Resolution 2026-18, a 180-day moratorium on data center land use applications, directing staff to study water, power, and infrastructure impacts and…",https://www.whitepinecounty.net/DocumentCenter/View/13924/Resolution-2026-18|https://www.whitepinecounty.net/DocumentCenter/View/13919/3a1d|https://elynews.com/2026/07/30/joint-white-pine-county-commission-road-commission-and-liquor-board-meeting/,nv-white-pine-county-2026,false,false,2026-09-23,
nm-ny-bethlehem-2026,town,Bethlehem,NY,36001,3600106354,42.60000,-73.83333,temporary moratorium,data center,active,2026-06-24,2027-06-24,365,false,Town Board passed a 12-month moratorium on new data center development or construction.,https://cbs6albany.com/news/local/hochul-signs-executive-order-creating-nations-first-moratorium-on-new-data-centers|https://www.dailygazette.com/spotlightnews/news/government/no-data-centers-approves-seqra-zoning/article_a71aa37e-576d-4aa3-aa75-05e06a7f7275.html|https://www.dailygazette.com/spotlightnews/town-board-sets-data-center-moratorium-law-for-public-hearing-on-june-10/article_0b693d02-61c1-4914-9c34-adf530c7d05c.html,ny-bethlehem-2026,false,false,2026-09-23,
nm-ny-buffalo-undated,city,Buffalo,NY,36029,3611000,42.88642,-78.87815,temporary moratorium,data center+cryptocurrency mining,pending,,,730,false,Common Council approved a resolution backing a two-year pause and creating a nine-member task force; the enabling local law has not yet been voted.,https://spectrumlocalnews.com/nys/buffalo/news/2026/09/30/buffalo-data-center-moratorium|https://www.audacy.com/wben/news/local/why-buffalo-has-a-two-year-data-center-moratorium|https://spectrumlocalnews.com/nys/buffalo/politics/2026/09/22/buffalo-common-council-moving-forward-with-proposed-2-year-data-center-moratorium,ny-buffalo-undated,true,true,2026-10-07,
nm-ny-canton-2026,town,Canton,NY,36089,3612331,44.59562,-75.16909,temporary moratorium,data center,active,2026-07-08,,,false,Adopted; town forming a committee to draft permanent regulations,"https://northcountrynow.com/stories/canton-to-hold-hearing-on-data-center-moratorium,376330|https://www.northcountrynow.com/stories/canton-data-center-committee-gathering-information-after-town-enacted-moratorium,390708",ny-canton-2026,false,false,2026-09-23,
nm-ny-clay-2026,town,Clay,NY,36067,3606716067,43.18662,-76.20654,temporary moratorium,data center+cryptocurrency mining,active,2026-06-29,2027-06-29,365,false,"Town Board approved a one-year moratorium on new data centers, AI computing facilities, cryptocurrency mining operations, and similar developments.",https://clayny.news/document/752|https://www.syracuse.com/business/2026/06/clay-passes-battery-storage-law-and-halts-data-centers-for-one-year.html|https://cnycentral.com/news/local/clay-approves-one-year-data-center-moratorium-adopts-battery-storage-law,ny-clay-2026,false,false,2026-09-23,
nm-ny-dryden-2024,town,Town of Dryden (Tompkins County),NY,36109,3620951,42.49062,-76.29767,temporary moratorium,"data center+cryptocurrency mining; >3,000 square feet",replaced,2024-07-31,2026-01-30,548,false,"Town adopted a 2026 zoning law defining data centers, accessory data centers, cryptocurrency, and cryptocurrency data mines, while taking no action to add data centers or cryptocurrency facilities…",https://ecode360.com/DR3901/laws/LF2566760.pdf|https://www.townofdrydenny.gov/sites/g/files/vyhlif13211/files/media/planning-code-enforcement/file/8901/2026_extending_moritorium_local_law_-_data_centers_and_cryptocurrency_mining.pdf|https://www.courtlistener.com/api/rest/v4/search/?q=Bartolini%20v.%20Town%20of%20Dryden&type=r|https://case-law.vlex.com/vid/bartolini-v-town-of-1080592449|https://www.tompkinsweekly.com/news/a-look-back-at-drydens-historic-ban-on-data-centers-as-governor-mulls-moratorium-19b5de25,ny-dryden-2024,false,false,2026-09-23,
nm-ny-east-greenbush-2026,town,East Greenbush,NY,36083,3622106,42.59091,-73.70179,temporary moratorium,data center,active,2026-07-15,2027-01-11,180,false,Town Board unanimously passed a six-month moratorium (extendable to one year) on all data center development and operation within the town.,https://cms2.revize.com/revize/eastgreenbushny/Documents/Departments/Planning%20&%20Zoning/2%20-Draft%20Local%20Law%203%20of%202026%20-%20Data%20Center%20Moratorium.pdf?t=202606181008550|https://cbs6albany.com/news/local/ourour-own-layer-of-protection-east-greenbush-passes-its-own-data-center-moratorium,ny-east-greenbush-2026,false,false,2026-09-23,
nm-ny-enfield-undated,town,Enfield,NY,36109,3610924548,42.43591,-76.63134,temporary moratorium,data center,pending,,,365,false,"As of this pass, Enfield has directed its Planning Board/Town Attorney to draft a one-year data center moratorium local law, but the Town Board postponed setting a public hearing at its August 12,…",https://bob-lynch-enfield.com/index.php/enfield-renews-call-for-expanded-ida-as-agency-grants-southworks-pilot/|https://bob-lynch-enfield.com/index.php/enfield-readies-newfield-adopts-data-center-moratorium/,ny-enfield-undated,true,true,2026-09-23,
nm-ny-islip-2026,town,Islip,NY,36103,3637869,40.73007,-73.21073,temporary moratorium,data center,active,2026-08-11,2028-02-10,548,false,Adopted,"https://carina.energy/bess-moratoriums/new-york/|https://suffolkcountyny.gov/Portals/0/formsdocs/planning/scplanningcommission/2024/Z-1%20-%20Staff-Report-Town%20of%20IslipMoratorium-BESS-rev5.pdf|https://suffolkcountyny.gov/Portals/0/formsdocs/planning/scplanningcommission/2024/Z-4_-_Staff-Report-Town_of_IslipMoratoriumExtension-BESS.pdf|https://www.islipbulletin.net/stories/islip-passes-18-month-data-center-moratorium,127806",ny-islip-2026,false,false,2026-09-23,
nm-ny-leray-2026,town,LeRay,NY,36045,3604542015,44.04988,-75.76265,temporary moratorium,data center,active,2026-08-13,2027-08-13,365,false,Adopted,https://savrn.com/data-center-moratorium-tracker|https://www.wwnytv.com/2026/07/17/leray-residents-push-town-board-ban-data-centers/,ny-leray-2026,false,false,2026-09-23,
nm-ny-lewiston-2026,town,"Town of Lewiston (Niagara County) - proposed, public hearing held",NY,36063,,43.17256,-79.03588,temporary moratorium,data center+cryptocurrency mining,active,2026-04-13,2027-10-13,548,false,"Adopted. The Town Board approved Local Law No. 3 of 2026 by a 5-0 vote at its April 13, 2026 work session, alongside a related zoning-code update (Local Law No. 2 of 2026, also 5-0); the signed law…",https://www.townoflewistonny.gov/documents/2026 Local Laws/Local Law 3-2026.pdf|https://www.townoflewistonny.gov/documents/2026%20Local%20Laws/Local%20Law%203-2026.pdf|http://cms-direct.wnypapers.com/news/article/featured/2026/04/17/165838/town-of-lewiston-adopts-new-laws-votes-to-support-village-projects,ny-lewiston-2026,false,false,2026-09-23,
nm-ny-lysander-2026,town,Town of Lysander (Onondaga County) - drafting authorized,NY,36067,,43.20646,-76.45910,temporary moratorium,data center; 300 MW,active,2026-05-07,2026-11-07,180,false,"Local Law #4 of 2026 was adopted at the Town Board's May 7, 2026 public hearing by unanimous vote, imposing a six-month moratorium (through 2026-11-07) on applications for data storage facilities.…",https://townoflysander.org/sites/default/files/2026-04/data_storage_moratorium_ll_no._4_docx_0.pdf|https://lysanderny.gov/sites/default/files/2026-09/dcac_agenda09-11-26.pdf|https://lysanderny.gov/sites/default/files/2026-06/tol_data_center_info_updates_6-1-26.pdf|https://lysanderny.gov/sites/default/files/2026-05/data_center_moratorium_updates.pdf|https://www.syracuse.com/news/2026/05/lysander-town-board-approves-6-month-moratorium-on-data-centers-amid-public-concern.html,ny-lysander-2026,false,false,2026-09-23,
nm-ny-mamakating-undated,town,Mamakating,NY,36105,3610544809,41.58444,-74.48750,temporary moratorium,data center,pending,,,,false,"Following an August 18, 2026 initial discussion and a September 15, 2026 public information session, the Town Board voted unanimously to direct the Town Attorney to draft a proposed data center…","https://www.scdemocratonline.com/stories/we-dont-want-it,252082|https://radiocatskill.org/mamakating-weighs-data-center-moratorium-ahead-of-september-15-public-hearing/",ny-mamakating-undated,true,true,2026-09-23,
nm-ny-manlius-2026,town,Manlius,NY,36067,3645018,43.00201,-75.97686,temporary moratorium,data center+cryptocurrency mining,active,2026-07-09,2027-07-09,365,false,The Manlius Town Board unanimously (7-0) approved a one-year moratorium on data processing centers and commercial cryptocurrency mining operations.,https://cnycentral.com/news/local/manlius-board-approves-1-year-moratorium-on-data-centers-crypto-mining-battery-town-ai-water-supply-environment-utility-bills-outages-power-grid-pollution,ny-manlius-2026,false,false,2026-07-31,
nm-ny-mohawk-montgomery-county-2026,town,Mohawk (Montgomery County),NY,36057,3605747834,42.95771,-74.39583,temporary moratorium,data center,active,2026-08-13,,180,false,Adopted,https://www.dailygazette.com/the_recorder/news/govt_politics/mohawk-adopts-data-center-moratorium/article_4aca1a21-13bc-4ca1-8170-8101857aa84d.html,ny-mohawk-montgomery-county-2026,true,true,2026-09-23,
nm-ny-newfield-2026,town,Newfield,NY,36109,3650243,42.35770,-76.59124,temporary moratorium,data center+cryptocurrency mining,active,2026-07-09,2027-07-09,365,false,Town Board unanimously adopted a one-year moratorium on data processing centers and cryptocurrency mining operations.,https://bob-lynch-enfield.com/index.php/enfield-readies-newfield-adopts-data-center-moratorium/|https://www.tompkinsweekly.com/events/newfield-approves-one-year-moratorium-on-data-centers-fdcffc41,ny-newfield-2026,false,false,2026-09-23,
nm-ny-north-tonawanda-2024,city,North Tonawanda,NY,36063,3653682,43.04077,-78.86605,temporary moratorium,data center+cryptocurrency mining,extended,2024-07-16,2027-07-16,730,true,The Common Council extended the city's existing 2024 cryptocurrency mining/data processing center moratorium for an additional 12 months as its Comprehensive Plan-driven zoning amendments remained…,https://www.northtonawanda.gov/documents/Website/2026/Local%20Law%202026%20-%20Moratorium%20Extension%20and%20SUP.pdf|https://www.wkbw.com/news/local-news/northtowns/north-tonawanda-approves-one-year-moratorium-extension-amid-ai-facility-concerns|https://www.wivb.com/news/local-news/niagara-county/north-tonawanda/north-tonawanda-extends-moratorium-on-ai-data-centers/|https://111things.com/local-headlines/north-tonawanda-extends-moratorium-on-cryptocurrency-mining-and-data-processing-centers/,ny-north-tonawanda-2024,false,false,2026-09-23,
nm-ny-oneonta-2026,town,"Town of Oneonta (Otsego County) - proposed, pending",NY,36077,,42.47222,-75.07444,temporary moratorium,data center+cryptocurrency mining; exemptions noted,active,2026-05-15,2027-05-15,365,false,"Draft local law would stop town-level approvals and use of land or structures for data centers and commercial cryptocurrency mining during the moratorium, with exemptions for specified public,…",https://www.wbng.com/2026/05/15/oneonta-town-board-approves-12-month-moratorium-ai-data-centers-crypto-mining-facilities/,ny-oneonta-2026,false,false,2026-07-31,
nm-ny-perth-2026,town,Perth,NY,36035,3603557353,43.01752,-74.19398,temporary moratorium,data center,active,2026-06-04,2027-06-04,365,false,Town Board passed a one-year moratorium on the development of any data centers within the town.,https://www.rockinst.org/blog/updates-on-the-cloud-more-moratoriums-on-data-centers/|https://www.dailygazette.com/leader_herald/data-center-moratorium/article_28560f58-b336-4cae-8773-f0a04cd3001b.html|https://www.dailygazette.com/leader_herald/news/govt_politics/fulton-county-ny-data-centers/article_6e398e34-174a-4e94-893f-c9a816037ef3.html,ny-perth-2026,true,false,2026-09-23,
nm-ny-potsdam-undated,town,Potsdam,NY,36089,3659564,44.66980,-74.98134,temporary moratorium,data center,pending,,,,false,Proposed only; not adopted,"https://northcountrynow.com/stories/town-of-potsdam-eyes-local-moratorium-on-data-centers,381464",ny-potsdam-undated,true,true,2026-09-23,
nm-ny-tonawanda-2026,town,Tonawanda,NY,36029,3674166,43.02068,-78.87838,temporary moratorium,data center; 20 MW,active,2026-08-03,2027-08-03,365,false,Town Board unanimously approved a one-year moratorium on new data center applications of 20 MW or more.,https://www.rockinst.org/blog/updates-on-the-cloud-more-moratoriums-on-data-centers/|https://www.btpm.org/local/2026-08-04/tonawanda-town-board-passes-data-center-moratorium,ny-tonawanda-2026,false,false,2026-09-23,
nm-ny-town-of-brookhaven-2026,town,Town of Brookhaven,NY,36103,3609000,40.77927,-72.91538,temporary moratorium,"data center; 176.6 MW; >550,000 square feet",active,2026-07-16,2027-12-31,545,false,Town Board unanimously approved an 18-month moratorium on all new data-center applications following a five-hour hearing with about 300 attendees and 60 speakers opposed,"https://brookhavenny.api.civicclerk.com/v1/Meetings/GetMeetingFileStream(fileId=8357,plainText=false)|https://suffolkcountyny.gov/Portals/0/formsdocs/planning/scplanningcommission/2026/Z-1%20Staff%20Report%20BR-26-28%20Brookhaven%20Data%20Center%20Moratorium.pdf|https://www.brookhavenny.gov/CivicAlerts.aspx?AID=4898&ARC=6491|https://liparks.com/articles/brookhaven-data-center-moratorium-yaphank-2026/_11735/|https://www.datacenterdynamics.com/en/news/local-and-state-moratoria-puts-1bn-long-island-data-center-project-in-limbo/",ny-town-of-brookhaven-2026,false,false,2026-09-23,
nm-ny-town-of-clifton-park-2026,town,Town of Clifton Park,NY,36091,3609116353,42.86304,-73.77476,temporary moratorium,data center,active,2026-07-07,2027-07-07,365,false,"Town Board enacted Local Law No. 9 of 2026, a 12-month moratorium",https://cliftonparkny.gov/document-center/agendas/town-board-agendas/2026-1/5998-07-07-2026-town-board-meeting-packet|https://cliftonparkny.gov/document-center/town-clerk-documents/town-clerk-bulletin-board-documents/5536-ll-5-01-1-local-law-battery-energy-storage-systems|https://cliftonparkny.gov/notice-of-adoption-local-law-no-3-of-2026-prohibiting-battery-energy-storage-systems-facilities-within-the-town-of-clifton-park|https://cliftonparkny.gov/document-center/town-clerk-documents/town-clerk-bulletin-board-documents/6003-notice-of-adoption-data-center,ny-town-of-clifton-park-2026,false,false,2026-09-23,
nm-ny-town-of-east-fishkill-2026,town,Town of East Fishkill,NY,36027,3602721996,41.55333,-73.79562,temporary moratorium,data center; over 20 MW,active,2026-06-25,2029-07-01,,false,"Town Board unanimously adopted a moratorium under which data centers over 20 MW would not be permitted or considered until July 1, 2029",https://ecode360.com/EA0495/laws/LF2734380.pdf|https://d3n9y02raazwpg.cloudfront.net/eastfishkillny/c8359074-c585-11f0-a7da-005056a89546-3b29b4d7-9d7f-469c-825f-6a7fa6cbefaa-1782341848.pdf|https://www.wamc.org/2026-06-26/east-fishkill-passes-3-year-data-center-freeze,ny-town-of-east-fishkill-2026,false,false,2026-09-23,
nm-ny-town-of-highland-2026,town,Town of Highland,NY,36105,3610534473,41.52972,-74.89722,temporary moratorium,data center,active,2026-06-09,2027-06-09,365,false,"Town published notice that it enacted Local Law 1-2026, a 12-month moratorium on large-scale data centers","https://townofhighlandny.gov/notice-of-public-hearing-4/|https://townofhighlandny.gov/local-law-no-1-of-2026-notice/|https://www.scdemocratonline.com/stories/package-plants-data-centers-nixed,238697|https://www.riverreporter.com/stories/highland-issues-12-month-moratoriums-for-data-centers-sewage-package-plants,263183",ny-town-of-highland-2026,false,false,2026-09-23,
nm-ny-town-of-orangetown-2026,town,Town of Orangetown,NY,36087,3608755211,41.05861,-73.96167,temporary moratorium,battery storage+data center,active,2026-08-25,2027-02-21,180,false,Adopted,https://www.orangetown.com/local-law-5-2026-temporary-town-wide-moratorium-battery-energy-storage-systems-and-data-storage-facilities-data-centers-adopted-8-25-2026/|https://www.orangetown.com/establishing-a-temporary-moratorium-on-data-centers/,ny-town-of-orangetown-2026,false,false,2026-09-23,
nm-ny-town-of-salina-2026,town,Town of Salina,NY,36067,3606764815,43.10229,-76.17673,temporary moratorium,data center+cryptocurrency mining,active,2026-05-27,2027-05-27,365,false,"Town Board adopted Local Law No. 5 of 2026, a 12-month moratorium",https://ecode360.com/SA0325/laws/LF2697892.pdf,ny-town-of-salina-2026,false,false,2026-07-31,
nm-ny-town-of-southeast-2026,town,Town of Southeast,NY,36079,3607968924,41.40000,-73.60000,temporary moratorium,data center,active,2026-05-21,2026-11-17,180,true,"Town Board adopted Local Law No. 3 of 2026, a six-month moratorium",https://ecode360.com/documents/SO1053/public/753262178.pdf,ny-town-of-southeast-2026,false,false,2026-07-31,
nm-ny-town-of-thurston-2026,town,Town of Thurston,NY,36101,3610173836,42.22285,-77.26414,temporary moratorium,data center+cryptocurrency mining,active,2026-05-20,2028-05-19,730,false,"Town Board adopted Resolution 20 and Local Law No. 5 of 2026 by a 5-0 roll-call vote, imposing a two-year moratorium",https://townofthurstonny.gov/wp-content/uploads/2026/04/2026_LL5_Data_Processing_Centers.pdf|https://townofthurstonny.gov/wp-content/uploads/2026/06/05_20_2026_Public_Hearing_LL5_Data_Processing_Centers-1.pdf|https://townofthurstonny.gov/wp-content/uploads/2026/06/05-20-26_Board_Meeting_Minutes_FINAL.pdf,ny-town-of-thurston-2026,false,false,2026-07-31,
nm-ny-town-of-tyre-2026,town,Town of Tyre,NY,36099,3609975902,42.99118,-76.80218,temporary moratorium,data center,active,2026-07-22,,365,false,Adopted,https://tyreny.gov/public-notice-public-hearing-july-22-2026-630-pm/|https://tyreny.gov/wp-content/uploads/2026/09/LL2-of-2026-Moratorium-on-Data-Centers.pdf,ny-town-of-tyre-2026,false,true,2026-09-23,
nm-ny-town-of-van-buren-2026,town,Town of Van Buren,NY,36067,3606776760,43.11388,-76.30193,temporary moratorium,data center+cryptocurrency mining; exemptions noted,active,2026-06-03,2027-06-03,365,false,"Town Board unanimously enacted Local Law 2-2026, a 12-month moratorium, and formed a committee to work on battery-storage and data-center rules",https://vanburenny.gov/wp-content/uploads/2026/06/June-3-2026.pdf,ny-town-of-van-buren-2026,false,false,2026-07-31,
nm-oh-ada-2026,village,Ada,OH,39065,3900198,40.76536,-83.82877,temporary moratorium,data center+cryptocurrency mining,extended,2026-04-07,2027-09-01,,true,"Village pursuing permanent legislation that would prohibit data centers (Planning Commission hearing Sept. 29, 2026).",https://www.adaoh.gov/sites/default/files/2026-04/approved_minutes_4.7.26.pdf#page=2|https://www.adaoh.gov/sites/default/files/2026-09/approved_minutes_9.1.26.pdf|https://www.adaoh.gov/sites/default/files/2026-08/combined_9.1.26.pdf|https://www.adaicon.com/news/202604/april-7-council-recap-6-month-moratorium-data-and-crypto-mining-centers-approved-0|https://www.adaicon.com/news/202609/letter-background-regarding-public-meeting-data-center-moratorium|https://ohiocapitaljournal.com/2026/09/18/ohio-now-has-over-125-active-moratoriums-on-data-centers-see-where-they-are/,oh-ada-2026,false,false,2026-09-23,
nm-oh-alliance-2026,city,Alliance,OH,39151,3901420,40.91534,-81.10593,temporary moratorium,data center,active,2026-07-06,2028-01-05,548,false,Pending; sub-committee formed to develop conditional-use standards for the existing I-2 industrial-district restriction adopted in mid-June 2026.,https://web.archive.org/web/20260711230550/https://www.cantonrep.com/story/news/local/alliance/2026/07/07/alliance-council-data-center-moratorium-18-months/90825229007/,oh-alliance-2026,false,false,2026-07-31,
nm-oh-amherst-undated,city,Amherst,OH,39093,3901798,41.39782,-82.22238,temporary moratorium,data center; 2.5 MW,pending,,,,false,Pause on data centers above 2.5 MW while the industrial zoning code review committee updates regulations.,https://chroniclet.com/news/475896/amherst-committee-advances-data-center-moratorium/,oh-amherst-undated,true,true,2026-09-23,
nm-oh-archbold-2026,village,Archbold,OH,39051,3902344,41.52113,-84.30655,temporary moratorium,data center,extended,2026-04-06,2027-04-06,180,true,"Council adopted the moratorium unanimously (5 of 6 members present, Council President Karla Ball absent) on 2026-04-06, despite the Village Law Director advising it was unnecessary (no pending…",https://thevillagereporter.com/archbold-village-council-moratorium-on-data-centers-extended-to-april-202/|https://www.crescent-news.com/news/local_news/archbold-council-extends-data-center-moratorium-by-six-months/article_888d48e1-eb48-43ef-8fb9-035b56704ce3.html|https://www.thevillagereporter.com/archbold-village-council-council-approves-six-month-data-center-moratorium-despite-legal-hesitation/,oh-archbold-2026,false,false,2026-09-23,
nm-oh-ashtabula-township-2026,township,Ashtabula Township,OH,39007,3900702652,41.87773,-80.76133,temporary moratorium,data center,active,2026-06-10,2027-06-10,365,false,Township will not issue data center permits during the moratorium; trustees plan to study and hold a resident input meeting.,https://www.ashtabulagrowth.com/data-center-projects-faq|https://www.starbeacon.com/news/ashtabula-township-places-one-year-moratorium-on-data-centers/article_b025e3b4-52f2-4817-b6eb-a901e4befc79.html|https://www.yahoo.com/news/articles/data-centers-continue-hot-topic-035900444.html,oh-ashtabula-township-2026,true,false,2026-09-23,
nm-oh-ashville-2025,village,Village of Ashville,OH,39129,3902680,39.71562,-82.95296,temporary moratorium,data center,extended,2025-12-22,2027-01-02,180,true,"Resolution 06-2026 authorized a development/consultant-funding agreement (Term Summary, Exhibit A) with EdgeConneX/PowerConneX, allocating $39,300 for GAI Consultants' independent technical review…","https://ballotpedia.org/Ashville,_Ohio,_Data_Center_EdgeConneX_Development_Term_Summary_Referendum_(November_2026)|https://ocj.com/2026/09/what-did-the-supreme-court-rule-about-the-ashville-data-center/|https://www.circlevilleherald.com/news/village-of-ashville-s-resolution-06-2026-up-for-repeal/article_4721f2e1-828c-429f-aeef-536f7f7fe8ff.html|https://www.circlevilleherald.com/news/referendum-petition-language-on-board-of-elections-ballot-proofs/article_d7981670-c993-4566-a261-e15ead5dd172.html|https://www.sciotopost.com/ashville-moves-to-repeal-edgeconnex-agreement-following-supreme-court-order-and-citizen-petition/|http://www.circlevilleherald.com/community/ashville-village-council-extends-data-center-moratorium/article_eeb8945a-5940-4c11-abf4-f5f8d84c9208.html|https://www.sciotopost.com/ashville-council-approves-180-day-moratorium-as-data-center-opposition-grows/",oh-ashville-2025,false,true,2026-09-23,
nm-oh-athens-2026,city,Athens,OH,39009,3902736,39.32295,-82.11332,temporary moratorium,data center,active,2026-08-03,2027-08-03,365,false,City to hire a consultant to assess data center impacts and amend the zoning code.,https://athensoh.portal.civicclerk.com/event/5489/files/attachment/2149|https://athensindependent.com/acc-08032026-data-centers/|https://woub.org/2026/08/04/athens-city-council-one-year-moratorium-data-centers/,oh-athens-2026,false,false,2026-09-23,
nm-oh-athens-township-athens-county-2026,township,Athens Township (Athens County),OH,39009,3900902750,39.31843,-82.12456,temporary moratorium,data center,active,2026-08-01,2027-08-01,365,false,"Zoning Commission directed to study and draft data center amendments (districts, setbacks, noise, water, electrical, generators, decommissioning).",https://athenstwp.com/wp-content/uploads/2026/08/Athens-Township-Trustees-Resolution-for-data-centers-clean.pdf|https://athenstwp.com/athens-township-trustees-adopt-data-center-moritorium-resolution/|https://athensindependent.com/data-center-trustees-resolution/,oh-athens-township-athens-county-2026,false,false,2026-09-23,
nm-oh-aurora-2026,city,Aurora,OH,39133,3903086,41.31755,-81.34539,temporary moratorium,data center,active,2026-06-30,2027-06-30,365,false,City to study and possibly adopt data center regulations as part of its zoning code review.,"https://cms9files.revize.com/aurora/2026-117%20Moratorium%20on%20Data%20Centers%20Not%20To%20Exceed%2012-months.pdf?t=202607011357020|https://www.auroraoh.com/2026, 6-30 DRAFT City Council Meeting Minutes.pdf?t=202607021416190|https://theportager.com/county-roundup-data-centers-still-center-of-conversation-in-aurora-plus-news-from-mantua-ravenna-shalersville-and-streetsboro|https://ohiocapitaljournal.com/2026/09/18/ohio-now-has-over-125-active-moratoriums-on-data-centers-see-where-they-are/",oh-aurora-2026,false,false,2026-09-23,
nm-oh-avon-2026,city,Avon,OH,39093,3903352,41.45165,-82.03506,temporary moratorium,data center,active,2026-04-14,2027-04-14,,false,Planning Commission directed to begin data center regulatory study at next regular meeting,https://www.cityofavon.com/AgendaCenter/ViewFile/Minutes/_04132026-1605|https://www.cityofavon.com/DocumentCenter/View/12257/Ordinance-No-37-26---Certified|https://flo.uri.sh/visualisation/30091302/embed?auto=1,oh-avon-2026,false,false,2026-09-23,
nm-oh-avon-lake-2026,city,Avon Lake,OH,39093,3903464,41.51003,-82.01859,temporary moratorium,data center,active,2026-06-22,2027-06-22,365,false,"Study, plan and draft data center regulations, possibly making data centers a conditional use needing Planning Commission and council review; build an economic development strategy.",https://www.avonlake.org/files/documents/2026/06/26-60_Data_Center_Moratorium.pdf|https://www.cleveland.com/community/2026/06/avon-lake-council-meeting-leads-to-moratorium-on-data-centers.html|https://medina-gazette.com/news/469645/avon-lake-passes-1-year-data-center-moratorium/|https://www.westlifenews.com/news/avon-lake-council-tackles-data-center-moratorium-tax-credit-proposal/article_a8343e81-802a-4831-8cac-3a7e8ea057c7.html|https://ohiocapitaljournal.com/2026/09/18/ohio-now-has-over-125-active-moratoriums-on-data-centers-see-where-they-are/,oh-avon-lake-2026,false,false,2026-09-23,
nm-oh-barberton-2025,city,Barberton,OH,39153,3903828,41.01283,-81.60512,temporary moratorium,data center,active,2025-11-10,,,false,"Council imposed an indefinite moratorium, intending to add data center regulations to its new development code and then cancel the moratorium; in April 2026 folded data centers into its broader…",https://www.cityofbarberton.com/wp-content/uploads/2025/11/157-2025-PLANNING-MORATORIUM-DATA-CENTERS.pdf|https://www.cityofbarberton.com/wp-content/uploads/2026/04/50-2026-PLANNING-MORATORIUM-VARIOUS-BUSINESSESS.pdf|https://www.akron.com/articles/barberton-approves-open-ended-moratorium-on-data-centers/|https://ohiocapitaljournal.com/2026/09/18/ohio-now-has-over-125-active-moratoriums-on-data-centers-see-where-they-are/,oh-barberton-2025,false,false,2026-09-23,
nm-oh-bazetta-township-2026,township,Bazetta Township,OH,39155,3915504444,41.30831,-80.74218,temporary moratorium,data center,active,2026-05-12,2026-11-08,180,false,Trustees adopted a 180-day moratorium while the zoning commission drafts data center zoning requirements.,https://www.bazettatwp.org/wp-content/uploads/2026/07/Bazetta-Township-Trustees-Regular-Meeting-Minutes-May-12-2026-Signed0001.pdf|https://www.tribtoday.com/news/local-news/2026/05/bazetta-trustees-ok-180-day-moratorium-on-data-centers/|https://www.tribtoday.com/news/local-news/2026/08/on-the-record-bazetta-83/|https://ohiocapitaljournal.com/2026/09/18/ohio-now-has-over-125-active-moratoriums-on-data-centers-see-where-they-are/,oh-bazetta-township-2026,false,false,2026-09-23,
nm-oh-bellevue-2026,city,Bellevue,OH,39143,3905228,41.27421,-82.84098,temporary moratorium,data center,active,2026-06-08,2027-06-08,365,false,"Council adopted a 12-month moratorium on establishing, converting, developing or constructing data centers while it reviews applicable law and its code.",https://www.bellevueohio.gov/Documents/Government/City%20Council/Agenda%20and%20Minutes/2026/6-8-26%20Minutes.pdf?t=202606171510150|https://ohiocapitaljournal.com/2026/09/18/ohio-now-has-over-125-active-moratoriums-on-data-centers-see-where-they-are/,oh-bellevue-2026,false,false,2026-09-23,
nm-oh-berea-2026,city,Berea,OH,39035,3905690,41.36616,-81.85430,temporary moratorium,data center,active,2026-06-15,2027-06-15,365,false,"Council approved Ordinance 6-6, an emergency measure imposing a moratorium of up to one year on permits and permit applications for data centers",https://cityofberea.org/DocumentCenter/View/5594/Ord-6-6-Moratorium-Data-Centers,oh-berea-2026,false,false,2026-07-31,
nm-oh-blanchester-2026,village,Blanchester,OH,39027,3906908,39.29312,-83.98882,temporary moratorium,data center,active,2026-03-12,2028-03-12,731,false,"No data-center-related zoning or council action has followed the March 12, 2026 adoption; council minutes for April 9, May 14, and June 11, 2026 (the most recent available) contain no further…",https://www.blanvillage.com/_files/ugd/06e39b_12d5f04dc599499cb342df0366771c23.pdf|https://www.blanvillage.com/copy-of-2025-documents-1,oh-blanchester-2026,false,false,2026-07-31,
nm-oh-boardman-township-2026,township,Boardman Township,OH,39099,3909907468,41.02445,-80.66498,temporary moratorium,data center,active,2026-04-28,2027-04-28,365,false,Trustees will spend the year studying zoning options to regulate or keep data centers out of residential areas.,https://www.boardmantwp.com/2026/04/28/information-for-april-28-trustee-meeting/|https://www.wkbn.com/news/local-news/boardman-news/boardman-places-moratorium-on-data-centers/|https://www.vindy.com/news/local-news/2026/05/boardman-oks-1-year-data-center-moratorium/|https://ohiocapitaljournal.com/2026/09/18/ohio-now-has-over-125-active-moratoriums-on-data-centers-see-where-they-are/,oh-boardman-township-2026,false,false,2026-09-23,
nm-oh-boston-heights-2025,village,Boston Heights,OH,39153,3907790,41.26478,-81.51317,temporary moratorium,data center,active,2025-11-12,2026-11-12,365,true,Council adopted a 12-month moratorium on new data center applications.,https://irp.cdn-website.com/41b5a2e4/files/uploaded/11.12.2025+Council+Meeting+Minutes-+signed.pdf|https://ohiocapitaljournal.com/2026/09/18/ohio-now-has-over-125-active-moratoriums-on-data-centers-see-where-they-are/,oh-boston-heights-2025,false,false,2026-09-23,
nm-oh-braceville-township-2026,township,Braceville Township,OH,39155,3915508056,41.23624,-80.97592,temporary moratorium,data center,active,2026-06-02,2026-11-29,180,false,Trustees unanimously approved an immediately effective six-month moratorium on data center permits and applications,https://flo.uri.sh/visualisation/30091302/embed?auto=1|https://www.tribtoday.com/news/local-news/2026/06/braceville-enacts-6-month-moratorium-on-data-centers/,oh-braceville-township-2026,true,false,2026-09-23,
nm-oh-bridgewater-township-williams-county-2026,township,Bridgewater Township (Williams County),OH,39171,3917108630,41.65988,-84.63104,temporary moratorium,data center,active,2026-09,,365,false,12-month data center moratorium approved by township trustees.,https://thevillagereporter.com/bridgewater-township-trustees-12-month-moratorium-on-data-centers-approved/,oh-bridgewater-township-williams-county-2026,true,true,2026-09-23,
nm-oh-brimfield-township-2026,township,Brimfield Township,OH,39133,3913308840,41.09900,-81.34690,temporary moratorium,data center,active,2026-04-20,2026-10-17,180,false,Zoning Commission drafting data center restrictions and siting rules; extension request expected.,https://brimfieldohio.gov/wp-content/uploads/2026/05/April-20-2026-Regular-Meeting.pdf|https://theportager.com/county-roundup-brimfield-drafts-data-center-restrictions-atwater-mogadore-randolph-and-suffield-news|https://ohiocapitaljournal.com/2026/09/18/ohio-now-has-over-125-active-moratoriums-on-data-centers-see-where-they-are/,oh-brimfield-township-2026,false,false,2026-09-23,
nm-oh-broadview-heights-2026,city,Broadview Heights,OH,39035,3909064,41.31394,-81.68513,temporary moratorium,data center+cryptocurrency mining,active,2026-06-22,2026-12-19,180,false,City attorneys reviewing the zoning code to add data center and crypto-mining standards.,https://www.scriptype.com/2026/07/20/remove-his-reference-to-june-22/|https://www.cleveland.com/community/2026/08/broadview-heights-north-royalton-adopt-moratoriums-on-data-centers.html,oh-broadview-heights-2026,false,false,2026-09-23,
nm-oh-brooklyn-2026,city,Brooklyn,OH,39035,3909246,41.43975,-81.74056,temporary moratorium,data center,active,2026-06,,180,false,Council passed a 180-day pause on permits/certificates of occupancy for data centers while the city drafts zoning legislation.,https://citizenportal.ai/articles/8308448/ohio/cuyahoga-county/brooklyn/brooklyn-city-council/brooklyn-finance-committee-recommends-180-day-moratorium-on-data-center-permits|https://www.cleveland.com/community/2026/06/brooklyn-passes-six-month-data-center-moratorium.html|https://ohiocapitaljournal.com/2026/09/18/ohio-now-has-over-125-active-moratoriums-on-data-centers-see-where-they-are/,oh-brooklyn-2026,true,true,2026-09-23,
nm-oh-buckeye-lake-2026,village,Buckeye Lake,OH,39089,3909890,39.93347,-82.48256,temporary moratorium,data center,active,2026-07-27,2027-07-27,365,false,Council to consider whether data centers are appropriate in the village. Social media reports voters may decide the issue (unverified).,https://buckeyelakevillage.com/documents/334/July_27__2026_-_Council_Meeting_Minutes.pdf|https://buckeyelakevillage.com/documents/334/Resolution_2026-13_-_Moratorium_-_Data_Centers.pdf|https://ohiocapitaljournal.com/2026/09/18/ohio-now-has-over-125-active-moratoriums-on-data-centers-see-where-they-are/,oh-buckeye-lake-2026,false,false,2026-09-23,
nm-oh-bucyrus-2026,city,Bucyrus,OH,39033,3910030,40.80839,-82.97546,temporary moratorium,data center; exemptions noted,active,2026-05-04,2028-05-03,730,false,"Administration directed to study impacts (power, gas, telecom, water, wastewater, noise, brownfields, revenue) and recommend regulation and zoning.",https://www.cityofbucyrusoh.us/sites/default/files/2026-05/may_4_council_minutes.pdf|https://www.cityofbucyrusoh.us/sites/default/files/2026-05/may_4_council_agenda.pdf|https://www.cityofbucyrusoh.us/passed-legislation,oh-bucyrus-2026,false,false,2026-09-23,
nm-oh-butler-county-2026,county,Butler County,OH,39017,,39.42330,-84.59369,temporary moratorium,data center,active,2026-06-16,2026-12-13,180,false,"Commissioners unanimously adopted Resolution 26-06-00963, immediately imposing a six-month moratorium barring county acceptance or processing of applications and issuance of zoning or building…",https://butlercountyoh.iqm2.com/Citizens/Detail_LegiFile.aspx?Frame=&MeetingID=2797&MediaPosition=&ID=24632&CssClass=|https://www.wvxu.org/environment/2026-06-17/butler-county-approves-data-center-moratorium,oh-butler-county-2026,false,false,2026-07-31,
nm-oh-canton-township-2026,township,Canton Township,OH,39151,3915112014,40.75812,-81.33794,temporary moratorium,data center,active,2026-04-09,2027-04-09,365,false,Township awaits more state/federal guidance and studies,https://www.cantontwp-oh.gov/_files/ugd/4e001a_48d8666b955c4b0db84d935eee664ff8.pdf|https://web.archive.org/web/20260413111505/https://www.cantonrep.com/story/news/local/stark-county/2026/04/11/canton-township-prohibits-building-of-data-centers-for-one-year/89562020007/,oh-canton-township-2026,false,false,2026-07-31,
nm-oh-carrollton-2026,village,Carrollton,OH,39019,3912280,40.57284,-81.08565,temporary moratorium,data center,active,2026-05-27,,,false,Indefinite moratorium on data centers within village corporate limits; no study period or sunset specified.,https://3a13dff1-cccc-480e-ba60-c11342b751fd.filesusr.com/ugd/3cf3a6_2d2972427dce4ab0a15a9a812d7493e4.pdf|https://flo.uri.sh/visualisation/30091302/embed?auto=1,oh-carrollton-2026,false,false,2026-09-23,
nm-oh-chillicothe-2026,city,Chillicothe,OH,39141,3914184,39.33312,-82.98240,temporary moratorium,data center,lifted,2026-08-24,2026-10-23,60,false,Moratorium repealed 2026-09-14; city still expected to update its Unified Development Code to set data center standards.,https://www.sciotopost.com/data-center-moratorium-passed-by-chillicothe-council/|https://sciotovalleyguardian.com/2026/09/18/chillicothe-council-adopts-emergency-data-center-zoning-moratorium/|https://www.sciotopost.com/chillicothe-city-council-reverses-course-lifts-moratorium-on-data-centers/|https://www.sciotopost.com/why-did-chillicothe-council-reverse-the-data-center-moratorium/,oh-chillicothe-2026,false,false,2026-09-23,
nm-oh-cincinnati-2026,city,Cincinnati,OH,39061,3915000,39.10145,-84.51246,temporary moratorium,data center,extended,2026-02,2027-02-11,,true,"Zoning study and Planning Commission review based on neighborhood compatibility, water and utility use, adverse effects, and public benefits",https://www.cincinnati-oh.gov/sites/planning/assets/2025 - Special/IDC 89/Signed-Emergency-ORD-IDC-89---Data-Centers.pdf|https://www.cincinnati-oh.gov/planning/projects/active/interim-development-control-overlay-89-data-centers-and-zoning-study/|https://www.wvxu.org/politics/2026-03-06/planning-commission-data-center-regulations|https://dundeeomaha.org/2026/04/cincinnati-extends-data-center-rules-through-2026/,oh-cincinnati-2026,false,true,2026-09-23,
nm-oh-city-of-hubbard-2026,city,City of Hubbard,OH,39155,3936582,41.15681,-80.57347,temporary moratorium,data center,active,2026-06-01,2027-06-01,365,false,"City Council approved an emergency 12-month moratorium on construction, placement, or operation of data centers, following a May 18 request by Councilwoman Robin Zambrini",https://www.vindy.com/news/local-news/2026/06/hubbard-passes-data-center-moratorium/|https://ohiocapitaljournal.com/2026/09/14/data-centers-are-on-the-november-ballot-in-these-18-ohio-communities/|https://www.vindy.com/uncategorized/2026/05/hubbard-plans-data-center-moratorium/,oh-city-of-hubbard-2026,true,false,2026-09-23,
nm-oh-clay-township-montgomery-county-2026,township,Clay Township (Montgomery County),OH,39113,3911315518,39.87564,-84.42638,temporary moratorium,data center,active,2026-04-07,2027-04-07,365,false,Zoning commission directed to review the zoning resolution and recommend data center regulations during the moratorium.,https://irp.cdn-website.com/b671b9b1/files/uploaded/04.07.26+Regular+meeting+minutes.pdf|https://www.registerherald.com/2026/04/20/trustees-place-moratorium-on-data-centers/|https://ohiocapitaljournal.com/2026/09/18/ohio-now-has-over-125-active-moratoriums-on-data-centers-see-where-they-are/,oh-clay-township-montgomery-county-2026,false,false,2026-09-23,
nm-oh-clayton-2026,city,Clayton,OH,39113,3915644,39.86311,-84.36050,temporary moratorium,data center+cryptocurrency mining,active,2026-07-16,2027-07-16,365,false,"Staff directed to study impacts and prepare zoning text amendments, use classifications and standards for data processing centers.",https://www.clayton.oh.us/DocumentCenter/View/7254/R-07-26-46|https://www.clayton.oh.us/DocumentCenter/View/7246/Legislation-07-16-2026|https://www.registerherald.com/2026/07/27/clayton-enacts-data-center-moratorium/|https://ohiocapitaljournal.com/2026/09/18/ohio-now-has-over-125-active-moratoriums-on-data-centers-see-where-they-are/,oh-clayton-2026,false,false,2026-09-23,
nm-oh-clearcreek-township-warren-county-2026,township,Clearcreek Township (Warren County),OH,39165,3916515700,39.52286,-84.19761,temporary moratorium,data center,active,2026-07-27,2027-07-27,365,false,Township to study data centers and future regulation during the pause.,https://www.daytondailynews.com/local/clearcreek-twp-puts-the-brakes-on-data-center-developments/article_9ebe067a-cdec-5411-991e-932f48d8cdec.html|https://www.wdtn.com/news/miami-valley-data-centers/clearcreek-township-passes-data-center-permit-moratorium/,oh-clearcreek-township-warren-county-2026,false,false,2026-09-23,
nm-oh-cleveland-2026,city,Cleveland,OH,39035,3916000,41.49966,-81.69368,temporary moratorium,data center,active,2026-07-15,2026-10-16,93,false,"Adopted. A Data Center working group is developing zoning/regulatory recommendations addressing land use, power needs, environmental standards, jobs, and community benefits, with policy reforms…",https://www.clevelandohio.gov/news/cleveland-city-council-approves-temporary-pause-new-standalone-data-centers|https://www.clevelandcitycouncil.gov/council-meeting-highlights-7-15-2026|https://www.news5cleveland.com/news/local-news/cleveland-city-council-advances-three-month-pause-on-new-standalone-data-center-projects,oh-cleveland-2026,false,false,2026-07-31,
nm-oh-clinton-2026,village,Clinton,OH,39153,3916182,40.92739,-81.63044,temporary moratorium,data center,active,2026-06-16,2026-12-13,180,false,"Council adopted a six-month, renewable moratorium on issuing permits for data center development while it works on permanent legislation.",https://clintonoh.gov/wp-content/uploads/2026/07/June-16-2026.pdf|https://ohiocapitaljournal.com/2026/09/18/ohio-now-has-over-125-active-moratoriums-on-data-centers-see-where-they-are/,oh-clinton-2026,false,false,2026-09-23,
nm-oh-commercial-point-2026,village,Commercial Point,OH,39129,3918070,39.76840,-83.05713,temporary moratorium,data center,active,2026-05-04,2027-11-03,548,false,"Village suspended review of the K-Nova application and offered to refund its $534,121.85 fee; developer refused and sued.",https://www.circlevilleherald.com/community/5-1-the-18-month-moratorium-ordinance-passes/article_10ba228d-bc8f-4844-b3c0-e469c657ff62.html|https://www.sciotopost.com/data-center-developer-k-nova-sues-commercial-point-in-ohio-supreme-court-over-18-month-moratorium/|https://www.sciotopost.com/the-complete-story-the-high-stakes-battle-over-project-cosmos-data-center-in-commerical-point/|https://ohiocapitaljournal.com/2026/09/18/ohio-now-has-over-125-active-moratoriums-on-data-centers-see-where-they-are/,oh-commercial-point-2026,false,false,2026-09-23,
nm-oh-cortland-2026,city,Cortland,OH,39155,3918812,41.33014,-80.72524,temporary moratorium,data center,active,2026-06-01,2027-06-01,365,false,Council gave emergency passage to a one-year moratorium stopping applications and zoning permits for data centers,https://flo.uri.sh/visualisation/30091302/embed?auto=1|https://www.tribtoday.com/news/local-news/2026/06/cortland-enacts-1-year-ban-on-data-centers/,oh-cortland-2026,true,false,2026-09-23,
nm-oh-defiance-undated,city,Defiance,OH,39039,3921308,41.27812,-84.37709,temporary moratorium,data center; over 25 MW,active,2026-09-01,2027-02-28,180,false,"Council adopted a six-month moratorium (after a procedural re-vote, 7-0 with emergency clause) and put a charter-amendment ban on the November 3, 2026 ballot; a public hearing on data…",https://mytownview.com/ohio/defiance/defiance/meetings/1993-amended-city-of-defiance-oh-council-2026-09-01|https://flo.uri.sh/visualisation/30091302/embed?auto=1|https://www.crescent-news.com/news/local_news/city-council-oks-two-data-center-matters-including-nov-3-ballot-issue/article_4b7f474c-e0ab-4a3e-b09f-2a16e605b362.html|https://wbnowqct.com/defiance-city-council-approves-two-ordinances-pertaining-to-data-center/|https://www.crescent-news.com/news/local_news/city-council-amends-proposed-ordinance-on-data-center-moratorium/article_2999d7cc-f3b3-4232-8a00-3ad98bf7c89d.html|https://www.crescent-news.com/news/local_news/defiance-council-quickly-postpones-meeting-on-data-center-matters/article_e4dec65e-9f65-45c0-8e03-2201516d5f92.html,oh-defiance-undated,false,false,2026-09-23,
nm-oh-eastlake-2025,city,Eastlake,OH,39085,3923618,41.64903,-81.43790,temporary moratorium,data center,active,2025-11-25,2030-11-24,1825,false,Long-term pause on data center permits. Residents urged the city to zone data centers out entirely.,https://eastlakeohio.com/wp-content/uploads/2025/12/2025-M-11-25.pdf|https://www.lakeshoreviews.com/wickliffe-to-review-possible-moratorium-on-hyperscale-data-centers/|https://ohiocapitaljournal.com/2026/09/18/ohio-now-has-over-125-active-moratoriums-on-data-centers-see-where-they-are/,oh-eastlake-2025,false,false,2026-09-23,
nm-oh-ellsworth-township-2026,township,Ellsworth Township,OH,39099,3909925088,41.02500,-80.85753,temporary moratorium,data center,active,2026-06-10,2027-06-10,365,false,Pause while officials review zoning and research data centers.,https://www.wfmj.com/news/local-news/ellsworth-township-becomes-latest-community-to-enact-data-center-moratorium/article_bea66566-8047-437a-a897-5acbba9d48e1.html|https://ohiocapitaljournal.com/2026/09/18/ohio-now-has-over-125-active-moratoriums-on-data-centers-see-where-they-are/,oh-ellsworth-township-2026,true,false,2026-09-23,
nm-oh-fairborn-2022,city,Fairborn,OH,39057,3925914,39.82090,-84.01939,temporary moratorium,data center+cryptocurrency mining,expired,2022-09-06,2023-03-05,180,false,Lapsed without a documented extension or replacement ordinance; Fairborn later adopted a new 12-month data center moratorium on 2026-08-17.,https://www.fairborndailyherald.com/2026/08/21/council-approves-1-year-moratorium-on-data-centers/|https://ohiocapitaljournal.com/2026/09/18/ohio-now-has-over-125-active-moratoriums-on-data-centers-see-where-they-are/,oh-fairborn-2022,false,false,2026-09-23,
nm-oh-fairborn-2026,city,Fairborn,OH,39057,3925914,39.82090,-84.01939,temporary moratorium,data center+general,active,2026-08-17,2027-08-17,365,false,Planning Board and Council to review and recommend zoning amendments for these uses.,https://mytownview.com/ohio/greene/fairborn/meetings/2077-city-council-2026-08-17|https://www.fairborndailyherald.com/2026/08/21/council-approves-1-year-moratorium-on-data-centers/|https://flo.uri.sh/visualisation/30091302/embed?auto=1|https://ohiocapitaljournal.com/2026/09/18/ohio-now-has-over-125-active-moratoriums-on-data-centers-see-where-they-are/,oh-fairborn-2026,false,false,2026-09-23,
nm-oh-fairfield-township-butler-county-2026,township,Fairfield Township (Butler County),OH,39017,3901725984,39.39190,-84.50454,temporary moratorium,data center,active,2026-09-08,2027-03-07,180,false,Study of impacts and preparation of data center regulations and siting rules.,https://www.fairfieldtwp.org/media/meetings-and-minutes/Trustee%20Meeting%20-%209-8-2026.pdf|https://www.journal-news.com/local/fairfield-twp-imposes-6-month-moratorium-on-data-centers/article_52840840-cec0-5f93-8ed2-6349ac59f61c.html,oh-fairfield-township-butler-county-2026,false,false,2026-09-23,
nm-oh-fayette-county-2026,county,Fayette County,OH,39047,,39.58399,-83.44011,temporary moratorium,data center,active,2026-09-21,2027-06-01,,false,Moratorium adopted pending the Fayette County Land Use Plan expected to take effect in mid-2027.,https://www.fayette-co-oh.com/AgendaCenter/ViewFile/Agenda/_09142026-381|https://www.recordherald.com/2026/09/22/fayette-co-commissioners-approve-temporary-data-center-moratorium/|https://ohiocapitaljournal.com/2026/09/18/ohio-now-has-over-125-active-moratoriums-on-data-centers-see-where-they-are/,oh-fayette-county-2026,false,false,2026-09-23,
nm-oh-findlay-2026,city,Findlay,OH,39063,3927048,41.04139,-83.65040,temporary moratorium,data center,active,2026-04-21,2027-04-21,365,false,"City study of federal, state, and local codes and possible zoning language; Findlay Ordinance 2026-042 passed 9-1 with third reading waived (per 1063thefox.com 2026-04-22 reporting)",https://theohioroundtable.substack.com/p/findlay-city-council-passes-data-center-moratorium|https://web.archive.org/web/20260416053314/https://thecourier.com/news/883037/shady-grove-zoning-clears-the-first-tee/,oh-findlay-2026,false,false,2026-07-31,
nm-oh-freedom-township-portage-county-2026,township,Freedom Township (Portage County),OH,39133,3913328742,41.23930,-81.14543,temporary moratorium,data center,active,2026-03-19,2027-03-19,365,false,Zoning commission to draft data center zoning conditions during the year.,https://drive.google.com/uc?export=download&id=1mZfH5UVUfyEUtTGpvqfs294B0ghbv_Om|https://ohiocapitaljournal.com/2026/09/18/ohio-now-has-over-125-active-moratoriums-on-data-centers-see-where-they-are/,oh-freedom-township-portage-county-2026,false,false,2026-09-23,
nm-oh-freedom-township-wood-county-2026,township,Freedom Township (Wood County),OH,39173,3917328756,41.38473,-83.45509,temporary moratorium,data center,active,2026-01,,,false,Trustees adopted a temporary moratorium on data centers to allow time to research impacts and consider zoning.,https://www.freedomtownship.net/|https://bgindependentmedia.org/temporary-moratoriums-on-data-centers-7-townships-in-wood-county-have-adopted-8-have-discussed/,oh-freedom-township-wood-county-2026,true,true,2026-09-23,
nm-oh-garrettsville-2026,village,Garrettsville,OH,39133,3929442,41.28422,-81.09649,temporary moratorium,data center,active,2026-08-12,2027-08-12,365,false,"Village council adopted a 12-month moratorium on accepting, processing or approving data center zoning applications, permits and approvals while it considers data center zoning regulations; hardship…",https://files-backend.assets.thrillshare.com/documents/asset/uploaded_file/4423/Garrettsville/c61915eb-564e-4797-92ae-57cc4266d810/8.12.26-Council-Minutes.pdf?disposition=inline|https://www.garrettsville.org/article/3073323|https://weeklyvillager.com/garrettsville-council-weighsdata-center-pause-approves-budget-measure/|https://ohiocapitaljournal.com/2026/09/18/ohio-now-has-over-125-active-moratoriums-on-data-centers-see-where-they-are/,oh-garrettsville-2026,false,false,2026-09-23,
nm-oh-geneva-2026,city,Geneva,OH,39007,3929610,41.80525,-80.94762,temporary moratorium,data center,active,2026-06-08,2027-06-08,365,false,Pause while the planning committee and planning commission develop data center regulations.,https://www.starbeacon.com/news/geneva-council-approves-moratoriums-on-data-centers-cannabis-operations/article_8386900f-df2c-4b8e-88da-759945f54183.html|https://gazettenews.com/data-center-moratorium-ordinance-tabled-in-geneva/|https://www.yahoo.com/news/articles/data-centers-continue-hot-topic-035900444.html,oh-geneva-2026,false,false,2026-09-23,
nm-oh-girard-undated,city,Girard,OH,39155,3930198,41.15404,-80.70094,temporary moratorium,data center,active,2026-07-13,2027-07-13,365,false,Council passed a one-year data center moratorium on 2026-07-13 to review zoning and the general development plan; council members plan to tour a data center.,https://www.wfmj.com/news/local-news/girard/girard-council-enacts-12-month-data-center-moratorium/article_e24789a7-49c3-4d58-ab08-702876e6f8cd.html|https://www.tribtoday.com/news/local-news/2026/07/girard-enacts-one-year-ban-on-data-centers/|https://www.tribtoday.com/news/local-news/2026/06/girard-advances-data-center-moratorium/,oh-girard-undated,true,false,2026-09-23,
nm-oh-grafton-2026,village,Grafton,OH,39093,3931150,41.27255,-82.05459,temporary moratorium,data center,active,2026-05-19,2031-05-18,1825,false,Council enacted an emergency ordinance establishing a temporary moratorium on data center development; Spectrum News reported a five-year term,https://villageofgrafton.org/wp-content/uploads/2026/05/5.19.2026-Meeting-Agenda.pdf|https://spectrumnews1.com/oh/columbus/news/2026/05/21/grafton-data-center-development,oh-grafton-2026,true,false,2026-09-23,
nm-oh-green-township-harrison-county-2026,township,Green Township (Harrison County),OH,39067,3906731766,40.30046,-80.92299,temporary moratorium,data center+general; exemptions noted,active,2026-07-14,2027-07-14,365,false,"Trustees paused all new development and began creating a township zoning commission to draft zoning (subject to voter approval) that would bar or restrict data centers (noise, water/cooling rules).",https://wtov9.com/news/local/green-township-moves-to-establish-zoning-amid-concerns-over-data-center-development-green-township-zoning-data-centers-moratorium-land-use-zoning-commission-land-development-township-trustees|https://wtov9.com/news/local/green-township-trustees-approve-moratorium-on-new-development-amid-data-centers-push-green-township-moratorium-data-centers-ai-zoning-commission-zoning-resolutions-water-cooling-noise-limitations|https://ohiocapitaljournal.com/2026/09/18/ohio-now-has-over-125-active-moratoriums-on-data-centers-see-where-they-are/,oh-green-township-harrison-county-2026,false,false,2026-09-23,
nm-oh-grove-city-2026,city,Grove City,OH,39049,3932592,39.88145,-83.09296,temporary moratorium,data center,active,2026-06-01,2027-06-01,365,false,"Adopted 6-1 as an emergency measure; imposes a 12-month moratorium on establishment, development, processing, review, and approval of high-density computing facilities",https://www.grovecityohio.gov/DocumentCenter/View/4327/Legal-Notice-06-01-26?bidId=|https://spectrumnews1.com/oh/columbus/sports/2026/06/02/grove-city-data-center,oh-grove-city-2026,false,false,2026-07-31,
nm-oh-hamilton-township-warren-county-2026,township,Hamilton Township (Warren County),OH,39165,3916533068,39.31710,-84.20287,temporary moratorium,data center; exemptions noted,active,2026-05-20,2027-05-20,365,false,Township staff directed to investigate impacts and possible zoning text amendments; auxiliary (accessory) data centers excluded.,https://www.hamilton-township.org/media/Resolutions/26-0520B%20Data%20Center%20Moratorium.pdf,oh-hamilton-township-warren-county-2026,false,false,2026-09-23,
nm-oh-henry-township-wood-county-2026,township,Henry Township (Wood County),OH,39173,3917334986,41.21160,-83.70761,temporary moratorium,data center,active,2026,,,false,Trustees adopted a temporary moratorium on data centers to allow time to research impacts and consider zoning.,https://bgindependentmedia.org/temporary-moratoriums-on-data-centers-7-townships-in-wood-county-have-adopted-8-have-discussed/,oh-henry-township-wood-county-2026,true,true,2026-09-23,
nm-oh-howland-township-2026,township,Howland Township,OH,39155,3915536554,41.23968,-80.74070,temporary moratorium,data center,active,2026-06-10,2026-12-07,180,false,"Trustees approved a six-month moratorium covering new applications for zoning certificates, conditional use permits, variances, rezonings, and other data center approvals in all township zoning…",https://flo.uri.sh/visualisation/30091302/embed?auto=1|https://www.tribtoday.com/news/local-news/2026/06/howland-oks-data-center-moratorium/,oh-howland-township-2026,true,false,2026-09-23,
nm-oh-hubbard-township-2026,township,Hubbard Township,OH,39155,3915536596,41.16885,-80.60049,temporary moratorium,data center,active,2026-02-10,2027-02-10,365,false,Reported intent to use moratorium period for zoning work and public process; committee may also weigh pros/cons,https://flo.uri.sh/visualisation/30091302/embed?auto=1|https://www.tribtoday.com/news/local-news/2026/02/hubbard-township-oks-moratorium-on-data-centers/|https://www.vindy.com/news/local-news/2026/02/hubbard-township-places-moratorium-on-data-centers/|https://www.vindy.com/uncategorized/2026/05/hubbard-plans-data-center-moratorium/|https://www.vindy.com/news/local-news/2026/06/hubbard-passes-data-center-moratorium/,oh-hubbard-township-2026,false,false,2026-09-23,
nm-oh-hudson-2026,city,Hudson,OH,39153,3936651,41.24006,-81.44067,temporary moratorium,data center,active,2026-07-14,2027-01-10,180,false,Council paused new data center applications for six months while staff study impacts and draft zoning/regulatory standards.,https://www.cleveland.com/summit-county/2026/07/hudson-approves-six-month-freeze-on-new-data-center-development.html|https://111things.com/local-headlines/hudson-council-approves-school-police-agreement-and-six-month-data-center-application-stay/|https://ohiocapitaljournal.com/2026/09/18/ohio-now-has-over-125-active-moratoriums-on-data-centers-see-where-they-are/,oh-hudson-2026,false,false,2026-09-23,
nm-oh-ironton-2026,city,Ironton,OH,39087,3937464,38.53675,-82.68294,temporary moratorium,data center,active,2026-02-12,,,false,City Council working on companion data center zoning ordinance (26-09),,oh-ironton-2026,false,false,2026-09-23,
nm-oh-jackson-2026,city,Jackson,OH,39079,3937842,39.03833,-82.69350,temporary moratorium,data center,active,2026-07-13,2027-07-13,365,false,City administration directed to study codes and regulations. Council created a Data Center Committee of the whole (chair Megan Wiseman).,https://www.jacksonohio.us/Minutes 7-13-26.pdf|https://www.jacksonohio.us/Resolution 19-2026.pdf|https://www.thetelegramnews.com/articles/jackson-city-council-forms-data-center-committee/|https://ohiocapitaljournal.com/2026/09/18/ohio-now-has-over-125-active-moratoriums-on-data-centers-see-where-they-are/,oh-jackson-2026,false,false,2026-09-23,
nm-oh-jackson-township-clermont-county-2026,township,Jackson Township (Clermont County),OH,39025,3902537716,39.13776,-84.04817,temporary moratorium,data center,active,2026-03-02,2027-03-02,365,false,Pause to review impacts and plan zoning treatment of data centers.,https://www.facebook.com/jacksontwpclermont/posts/the-jackson-township-board-of-trustees-enacted-a-resolution-establishing-a-12-mo/975300311826137/|https://www.jacksontwpclermontoh.gov/index.html,oh-jackson-township-clermont-county-2026,false,false,2026-09-23,
nm-oh-jackson-township-franklin-county-2026,township,Jackson Township (Franklin County),OH,39049,3904937772,39.85848,-83.06902,temporary moratorium,data center,active,2026-05-12,2027-05-12,365,false,One-year moratorium on new data centers adopted by resolution,https://jacksontwpfranklinoh.gov/cdn/Agenda-May-12-2026.pdf|https://news.google.com/rss/search?q=Jackson+Township+Franklin+County+Ohio+data+center+moratorium+one+year,oh-jackson-township-franklin-county-2026,false,false,2026-07-31,
nm-oh-jefferson-2026,village,Jefferson,OH,39007,3938500,41.74266,-80.76426,temporary moratorium,data center,active,2026-08-17,2027-08-17,365,false,"Village administration and council to study whether to allow, limit or keep prohibiting data centers as a principal use and prepare regulations.",https://gazettenews.com/jefferson-village-council-passes-12-month-moratorium-on-data-centers/|https://www.starbeacon.com/news/jefferson-council-approves-one-year-moratorium-on-data-centers/article_91072498-4630-4f9e-b358-44c015ebc4dd.html|https://flo.uri.sh/visualisation/30091302/embed?auto=1,oh-jefferson-2026,false,false,2026-09-23,
nm-oh-jerome-township-2025,township,Jerome Township,OH,39159,3915939046,40.15264,-83.23595,temporary moratorium,data center,replaced,2025-09-03,2026-05-31,270,false,"Zoning Resolution amended 2026-03-17 by Resolution 26-021 (Case ZT25-002): data centers conditional in districts where previously permitted, 300-ft setbacks from residential, 10-ft mounding and…",https://www.jerometownship.com/home/showpublisheddocument/5480/639125278931000000|https://ohiocapitaljournal.com/2026/09/18/ohio-now-has-over-125-active-moratoriums-on-data-centers-see-where-they-are/|https://www.yahoo.com/news/articles/data-centers-approved-jerome-township-110109909.html|https://www.marysvillejt.com/2026/03/19/jerome-clamps-data-centers/,oh-jerome-township-2025,false,false,2026-09-23,
nm-oh-kent-2026,city,Kent,OH,39133,3939872,41.15131,-81.35780,temporary moratorium,data center,active,2026-04-15,2027-04-15,365,false,"Community Development, Planning Commission, and Council review of data center impacts and zoning",,oh-kent-2026,false,false,,
nm-oh-lake-township-2026,township,Lake Township (Wood County),OH,39173,3917341328,41.58000,-83.49000,temporary moratorium,data center,active,2026-03-03,2027-03-03,365,false,No replacement zoning captured,"https://bgindependentmedia.org/temporary-moratoriums-on-data-centers-7-townships-in-wood-county-have-adopted-8-have-discussed/|https://www.presspublications.com/stories/lake-township-trustees-issue-data-center-moratorium-in-response-to-facebook-post,95415",oh-lake-township-2026,false,false,2026-09-23,
nm-oh-lake-township-stark-county-2026,township,Lake Township (Stark County),OH,39151,3915141314,40.94320,-81.36029,temporary moratorium,data center,active,2026-04-27,2026-10-24,180,true,Trustees to consider adding a dedicated data center section to the Lake Township Zoning Code during the moratorium.,https://www.laketwpstarkco.com/documents/Minutes/2026/04-27-2026.pdf|https://www.yourohionews.com/hartville/lake-township-sets-moratorium-on-new-data-centers/1034113,oh-lake-township-stark-county-2026,false,false,2026-09-23,
nm-oh-lakeview-2026,village,Lakeview,OH,39091,3941608,40.48477,-83.92300,temporary moratorium,data center,active,2026-05-04,2027-05-04,365,false,Pause while the village updates zoning ordinances.,https://www.lakeviewohio.org/ordinance-and-resolutions|https://www.peakofohio.com/local-news/lakeview-council-mulls-changes-to-parking-on-west-lake-drive-passes-moratorium-on-data-centers/,oh-lakeview-2026,false,false,2026-09-23,
nm-oh-liberty-township-wood-county-2026,township,Liberty Township (Wood County),OH,39173,3917343400,41.29811,-83.70847,temporary moratorium,data center,active,2026,,,false,Trustees adopted a temporary moratorium on data centers to allow time to research impacts and consider zoning.,https://www.woodcountytownships.com/liberty|https://bgindependentmedia.org/temporary-moratoriums-on-data-centers-7-townships-in-wood-county-have-adopted-8-have-discussed/|https://ohiocapitaljournal.com/2026/09/18/ohio-now-has-over-125-active-moratoriums-on-data-centers-see-where-they-are/,oh-liberty-township-wood-county-2026,true,true,2026-09-23,
nm-oh-lima-2026,city,Lima,OH,39003,3943554,40.73998,-84.10501,temporary moratorium,data center,active,2026-09-14,2028-03-15,548,false,"City departments to study land use, setbacks, electric demand, water capacity, community benefits and infrastructure cost allocation, then recommend standards to council.",https://limaoh.new.swagit.com/videos/400918|https://www.limaohio.com/top-stories/2026/09/15/lima-council-passes-18-month-data-center-moratorium/|https://www.hometownstations.com/2026/09/15/lima-puts-pause-future-data-center-projects-city-evaluates-standards/,oh-lima-2026,false,false,2026-09-23,
nm-oh-lordstown-2026,village,Village of Lordstown,OH,39155,3944912,41.16598,-80.85743,temporary moratorium,data center,extended,2026-01-05,2027-01-01,180,true,Moratorium committee gathering information; consultant and outside counsel discussed,https://www.lordstown.com/wp-content/uploads/38-2026.pdf|https://www.lordstown.com/wp-content/uploads/37-2026.pdf|https://www.tribtoday.com/news/local-news/2026/06/lordstown-extends-data-center-moratorium/|https://www.wfmj.com/news/local-news/lordstown/lordstown-council-approves-extension-of-data-center-moratorium/article_2695b8e2-8772-480c-96ab-3ad135749e46.html|https://www.wkbn.com/news/local-news/lordstown-news/lordstown-data-center-case-still-pending-in-ohio-supco/|https://www.wfmj.com/news/local-news/lordstown-data-center-moratorium-committee-proposes-zoning-changes/article_467a3c69-e752-4450-b0fe-28ba4bec673f.html|https://www.wfmj.com/news/local-news/lordstown/lordstown-council-members-vote-on-moratoriums-concerning-data-centers/article_d3ae04a1-b7a7-48f4-b611-6fb377f06d5b.html|https://www.vindy.com/news/local-news/2026/06/lordstown-extends-data-center-moratorium/,oh-lordstown-2026,false,false,2026-09-23,
nm-oh-madison-township-lake-county-2026,township,Madison Township (Lake County),OH,39085,3908546494,41.76894,-81.05324,temporary moratorium,data center,active,2026-05-28,2027-05-28,365,false,Study whether to limit or prohibit data centers. The solicitor advised the board to adopt a follow-up resolution (policy or prohibition) within the 12 months.,https://www.madisontownship.net/_files/ugd/a25612_bb64f2133a1044e1bed1be54f9d02cf3.pdf|https://www.news-herald.com/2026/06/01/madison-township-trustees-approve-data-center-moratorium/|https://ohiocapitaljournal.com/2026/09/18/ohio-now-has-over-125-active-moratoriums-on-data-centers-see-where-they-are/,oh-madison-township-lake-county-2026,false,false,2026-09-23,
nm-oh-massillon-2026,city,Massillon,OH,39151,3948244,40.79651,-81.52316,temporary moratorium,data center,replaced,2026-04-06,2026-08-14,180,false,"Permanent zoning adopted 2026-08-03 limiting data centers to I-2 districts with setbacks, utility and noise requirements.",https://massillonohio.gov/wp-content/uploads/06-15-2026-Council-Mtg.pdf|https://www.news5cleveland.com/news/local-news/we-follow-through/massillon-puts-limits-on-future-data-centers-with-new-zoning-rules|https://ohiocapitaljournal.com/2026/09/18/ohio-now-has-over-125-active-moratoriums-on-data-centers-see-where-they-are/,oh-massillon-2026,false,false,2026-09-23,
nm-oh-maumee-2026,city,Maumee,OH,39095,3948342,41.56283,-83.65382,temporary moratorium,"data center; >5,000 sq ft",active,2026-02-02,2027-02-02,365,false,"Ordinance No. 036-2025 (passed 2026-01-05, 7-0), enacted before the moratorium, amended Maumee Codified Ordinances Section 1125.10 to add 'Data Centers' as a Conditional Use in the C-4 Office,…",https://www.maumee.org/DocumentCenter/View/276/ORD-036-2025-signed-PDF|https://www.maumee.org/DocumentCenter/View/286/RES-005-2026-signed-PDF|https://flo.uri.sh/visualisation/30091302/embed?auto=1,oh-maumee-2026,false,false,2026-09-23,
nm-oh-mayfield-village-2026,village,Mayfield Village,OH,39035,3948468,41.55954,-81.44393,temporary moratorium,data center,active,2026-06-22,2027-06-22,365,false,"Village is studying data center size, acreage, noise, employment and zoning with a plan to report findings to residents.",https://mayfieldvillage.com/event/council-meeting-6/|https://mayfieldvillage.com/wp-content/uploads/2026/01/Ord2026-12_draft.pdf|https://www.news-herald.com/2026/06/26/mayfield-village-puts-one-year-moratorium-on-new-data-centers/|https://ohiocapitaljournal.com/2026/09/18/ohio-now-has-over-125-active-moratoriums-on-data-centers-see-where-they-are/,oh-mayfield-village-2026,false,false,2026-09-23,
nm-oh-mcdonald-2026,village,McDonald,OH,39155,3945934,41.16367,-80.72424,temporary moratorium,data center,active,2026-09-16,2027-09-16,365,false,"Village will not accept, process or consider data center applications for up to 12 months while planning commission, council and administration review data centers and update zoning for the mill…",https://www.wkbn.com/news/local-news/mcdonald-news/mcdonald-council-places-moratorium-on-allowing-data-centers-in-village/|https://www.tribtoday.com/news/local-news/2026/09/mcdonald-passes-1-year-moratorium-on-data-centers/|https://www.wfmj.com/news/local-news/12-month-data-center-pause-passed-in-mcdonald/article_45991887-58ba-4fad-b0c8-d79e43285301.html,oh-mcdonald-2026,false,false,2026-09-23,
nm-oh-miamisburg-2026,city,Miamisburg,OH,39113,3949434,39.64284,-84.28661,temporary moratorium,data center,active,2026-09-01,2027-05-29,270,false,City to evaluate data center impacts and develop regulations and development standards during the pause.,https://cityofmiamisburg.com/city-council-approves-nine-month-moratorium-on-data-centers/|https://www.wdtn.com/news/local-news/miamisburg-imposes-9-month-moratorium-on-data-centers/|https://www.whio.com/news/local/miamisburg-joins-growing-list-ohio-towns-pausing-data-center-growth/7ILJWDRNZ5G5TJFYITY3C4HMLY/|https://ohiocapitaljournal.com/2026/09/18/ohio-now-has-over-125-active-moratoriums-on-data-centers-see-where-they-are/,oh-miamisburg-2026,false,false,2026-09-23,
nm-oh-middleburg-heights-2026,city,Middleburg Heights,OH,39035,3949644,41.36144,-81.81291,temporary moratorium,data center,active,2026-06-23,2027-06-23,365,false,"Administration, Planning Commission and Council to study and draft data center regulations.",https://middleburgheights.com/MBH_2020/wp-content/uploads/2026/06/Ordinance-No-2026-42.pdf|https://middleburgheights.com/2026/06/25/an-ordinance-establishing-a-moratorium-on-accepting-for-filing-and-consideration-and-or-issuing-zoning-and-or-occupancy-permits-for-any-building-structure-use-or-change-of-use-involving-data-center/|https://flo.uri.sh/visualisation/30091302/embed?auto=1|https://ohiocapitaljournal.com/2026/09/18/ohio-now-has-over-125-active-moratoriums-on-data-centers-see-where-they-are/,oh-middleburg-heights-2026,false,false,2026-09-23,
nm-oh-middlefield-2026,village,Middlefield,OH,39055,3949700,41.46382,-81.07352,temporary moratorium,data center,active,2026-07-09,2027-07-09,365,false,"Village to decide during the 12 months whether to regulate, permit or prohibit data centers; extension possible.",https://www.middlefieldohio.com/wp-content/uploads/2026/08/07.09.2026.pdf|https://www.middlefieldohio.com/wp-content/uploads/2026/07/06.11.2026-edited.pdf|https://www.geaugamapleleaf.com/news/legal-notices/legal-notices-7-16-26/|https://www.geaugamapleleaf.com/news/data-center-debate-continues-in-middlefield-as-state-legislation-stalls/|https://ohiocapitaljournal.com/2026/09/18/ohio-now-has-over-125-active-moratoriums-on-data-centers-see-where-they-are/,oh-middlefield-2026,false,false,2026-09-23,
nm-oh-monclova-township-2026,township,Monclova Township,OH,39095,3909551156,41.55960,-83.73738,temporary moratorium,data center,active,2026-02-17,2027-02-17,365,false,Residents and zoning officials studying model standards and possible zoning amendments,https://monclovatwp.org/wp-content/uploads/2026/02/Data-Center-Reso-Intro-and-Motion.pdf,oh-monclova-township-2026,false,false,2026-07-31,
nm-oh-monroe-township-adams-county-2026,township,Monroe Township (Adams County),OH,39001,3900151268,38.71761,-83.51424,temporary moratorium,data center+general,active,2026-03,,365,false,Trustees paused data center and small modular reactor proposals for 12 months while the township starts a zoning process (trustees also created a zoning commission).,https://www.foodandwaterwatch.org/2026/03/09/monroe-township-oh-unanimously-passes-data-center-moratorium/|https://www.wcpo.com/news/local-news/i-team/adams-county-data-center-gets-federal-permit-as-voters-sign-petitions-to-block-it|https://www.wlwt.com/article/how-greater-cincinnati-preparing-for-ohio-data-center-boom/71724722|https://www.foodandwaterwatch.org/2026/05/28/inside-the-fight-to-stop-a-data-center-in-ohio/|https://www.peoplesdefender.com/2026/03/04/calls-for-clarity-grow-after-commissioners-decline-county-wide-moratorium/|https://flo.uri.sh/visualisation/30091302/embed?auto=1,oh-monroe-township-adams-county-2026,true,true,2026-09-23,
nm-oh-monroeville-2026,village,Monroeville,OH,39077,3951618,41.24422,-82.69629,temporary moratorium,data center,active,2026-02-24,2027-02-24,365,false,"Review of federal/state codes and village ordinances; council work sessions on zoning (overlay district or conditional use), FAQ, possible advisory ballot.",https://www.monroevilleohio.com/pics/COUNCIL%20SPECIAL%20MTG%20AGENDA%202-24-2026.pdf|https://norwalkreflector.com/news/783962/village-oks-immediate-pause-on-data-centers/|https://norwalkreflector.com/news/937140/monroeville-experience-fuels-new-data-center-debates/|https://sanduskyregister.com/news/1144567/receiver-addresses-crypto-site-fallout/|https://ohiocapitaljournal.com/2026/09/18/ohio-now-has-over-125-active-moratoriums-on-data-centers-see-where-they-are/,oh-monroeville-2026,false,false,2026-09-23,
nm-oh-montgomery-township-2026,township,Montgomery Township (Ashland County),OH,39005,3900551688,40.85762,-82.23606,temporary moratorium,data center; above 25 MW,active,2026-06-17,2028-06-16,730,false,"Trustees unanimously approved a two-year prohibition on data center construction, prohibiting construction of data centers with aggregate monthly demand or peak load above 25 MW while the township…",https://flo.uri.sh/visualisation/30091302/embed?auto=1|https://montgomerytwpohio.com/|https://www.ashlandsource.com/wp-content/uploads/2026/06/MORATORIUM-Montgomery-Final-copy.pdf|https://www.ashlandsource.com/2026/06/18/montgomery-township-approves-data-center-moratorium/,oh-montgomery-township-2026,true,false,2026-09-23,
nm-oh-morgan-township-butler-county-2026,township,Morgan Township (Butler County),OH,39017,3901752080,39.34817,-84.76100,temporary moratorium,data center,active,2026-03,,365,false,Township zoning staff are drafting data center regulations; trustees scheduled a data center review for October 2026.,https://citizenportal.ai/articles/8361485/ohio/butler-county/morgan-township/morgan-township-trustee/morgan-township-trustees-review-draft-zoning-rules-for-data-centers-bridges-and-telecom|https://www.journal-news.com/local/can-butler-county-issue-a-county-wide-data-centers-moratorium/article_9ef5b504-1ef3-5747-b310-703ac81f488d.html|https://www.wlwt.com/article/how-greater-cincinnati-preparing-for-ohio-data-center-boom/71724722|https://flo.uri.sh/visualisation/30091302/embed?auto=1,oh-morgan-township-butler-county-2026,true,true,2026-09-23,
nm-oh-mount-gilead-2026,village,Mount Gilead,OH,39117,3952738,40.54923,-82.82740,temporary moratorium,data center,active,2026-08-17,2027-08-17,365,false,Pause on data center permits while the village reviews zoning.,https://www.mountgilead.net/Council-August-17-2026-minutes.pdf|https://www.mountgilead.net/Council-July-20-2026-minutes.pdf|https://ohiocapitaljournal.com/2026/09/18/ohio-now-has-over-125-active-moratoriums-on-data-centers-see-where-they-are/,oh-mount-gilead-2026,false,false,2026-09-23,
nm-oh-mount-orab-2026,village,Mount Orab,OH,39015,3952906,39.02757,-83.91965,temporary moratorium,data center,expired,2026-03-03,2026-08-30,180,true,"Moratorium renewed for 180 days in August 2026 (per OCJ map); Planning Commission drafting a High Tech Overlay district to regulate data centers on the mega-site (public hearing 2026-09-16, no…",https://flo.uri.sh/visualisation/30091302/embed?auto=1|https://savrn.com/data-center-moratorium-tracker/ohio|https://stopohiodatacenters.org/brown-county|https://ohiocapitaljournal.com/2026/09/18/ohio-now-has-over-125-active-moratoriums-on-data-centers-see-where-they-are/|https://www.wcpo.com/news/local-news/mt-orab-data-center-debate-reignites-as-commissioners-consider-new-guidelines-for-construction|https://local12.com/news/local/villages-residents-show-large-numbers-voice-concern-opposition-data-center-mount-orab-brown-county-high-tech-overlay-zoning-proposal-cincinnati-local-12-wkrc-news,oh-mount-orab-2026,false,false,2026-09-23,
nm-oh-muhlenberg-township-pickaway-county-2026,township,Muhlenberg Township (Pickaway County),OH,39129,3912953256,39.69270,-83.11189,temporary moratorium,data center,active,2026-02-02,2027-02-02,365,false,Pause to update township zoning and await state action (HB 646 study commission).,https://www.circlevilleherald.com/community/muhlenberg-trustees-pass-12-month-moratorium-on-data-centers/article_1669c51d-3606-432b-b2c5-633b7e5a25fb.html|https://www.datacenterdynamics.com/en/news/muhlenberg-ohio-introduces-year-long-moratorium-on-new-data-centers/|https://ohiocapitaljournal.com/2026/09/18/ohio-now-has-over-125-active-moratoriums-on-data-centers-see-where-they-are/,oh-muhlenberg-township-pickaway-county-2026,false,false,2026-09-23,
nm-oh-new-carlisle-2026,city,City of New Carlisle,OH,39023,3954334,39.93617,-84.02549,temporary moratorium,data center,active,2026-02-17,2027-02-17,365,false,"Study period for planning, zoning, and business regulation decisions",,oh-new-carlisle-2026,false,false,,
nm-oh-new-franklin-2026,city,New Franklin,OH,39153,3954562,40.95269,-81.56594,temporary moratorium,data center,active,2026-05-20,2026-11-16,180,false,Council adopted a six-month stay on new data center applications.,https://www.newfranklin.org/AgendaCenter/ViewFile/Minutes/_05202026-164|https://www.akron.com/articles/new-franklin-council-oks-halt-on-data-center-permits-in-city/|https://ohiocapitaljournal.com/2026/09/18/ohio-now-has-over-125-active-moratoriums-on-data-centers-see-where-they-are/,oh-new-franklin-2026,false,false,2026-09-23,
nm-oh-newton-falls-2026,village,Newton Falls,OH,39155,3955650,41.18839,-80.97815,temporary moratorium,data center,active,2026-09-02,2027-09-02,365,false,"Zoning department and village/city manager to research zoning, infrastructure and utilities needs; one council member favors a later outright ban.",https://www.tribtoday.com/news/local-news/2026/09/newton-falls-enacts-1-year-moratorium-on-data-centers/|https://www.wfmj.com/news/local-news/newton-falls-passes-year-long-moratorium-on-data-centers/article_5b0d57bc-de60-4b25-b6a9-45101fd72a10.html,oh-newton-falls-2026,false,false,2026-09-23,
nm-oh-niles-2026,city,Niles,OH,39155,3955916,41.18084,-80.76538,temporary moratorium,data center,active,2026-05-20,2026-11-16,180,false,City hired consultant CodeCraft Planning Studio (May 6) to draft data center zoning language during the pause.,https://www.tribtoday.com/news/local-news/2026/05/niles-oks-data-center-moratorium/|https://www.wfmj.com/news/local-news/niles/niles-city-council-okays-six-month-pause-on-data-centers/article_cd67ba43-ac69-4936-b804-4881560ec245.html|https://www.wkbn.com/news/local-news/niles-news/niles-places-6-month-moratorium-on-data-centers/,oh-niles-2026,false,false,2026-09-23,
nm-oh-north-perry-2026,village,North Perry,OH,39085,3956910,41.79961,-81.12590,temporary moratorium,data center,active,2026-06-04,2027-06-04,365,false,The Planning Commission will review and update the zoning code to regulate data center construction and operation. The mayor suggested hiring an independent expert.,https://www.news-herald.com/2026/06/08/north-perry-village-approves-one-year-ban-on-data-centers/|https://www.news-herald.com/2026/09/23/officials-from-perry-area-leroy-township-discuss-ongoing-projects/|https://ohiocapitaljournal.com/2026/09/18/ohio-now-has-over-125-active-moratoriums-on-data-centers-see-where-they-are/,oh-north-perry-2026,true,false,2026-09-23,
nm-oh-north-ridgeville-2026,city,North Ridgeville,OH,39093,3956966,41.38949,-82.01903,temporary moratorium,data center+cryptocurrency mining,active,2026-05-18,2027-05-18,365,false,"Administration to analyze infrastructure capacity and zoning approaches and recommend code changes, with public hearings, before the pause ends.",https://www.cleveland.com/lorain-county/2026/06/north-ridgeville-residents-weigh-in-on-data-center-moratorium.html|https://hoodline.com/2026/06/neighbors-pack-north-ridgeville-hall-as-city-slams-brakes-on-data-centers/|https://ohiocapitaljournal.com/2026/09/18/ohio-now-has-over-125-active-moratoriums-on-data-centers-see-where-they-are/,oh-north-ridgeville-2026,false,false,2026-09-23,
nm-oh-north-royalton-2026,city,North Royalton,OH,39035,3957008,41.31366,-81.72457,temporary moratorium,data center,active,2026-07-21,2027-07-21,365,false,"Administration, Council and Planning Commission to review and possibly amend the zoning code for data centers.",https://cms7files.revize.com/northroyalton/Government/Legislation/2026/26-118%20TEMPORARY%20MORATORIUM%20ON%20DATA%20CENTERS%20FOR%20ONE%20YEAR.pdf?t=202607221231330|https://ohiocapitaljournal.com/2026/09/18/ohio-now-has-over-125-active-moratoriums-on-data-centers-see-where-they-are/,oh-north-royalton-2026,false,false,2026-09-23,
nm-oh-northfield-center-township-2026,township,Northfield Center Township,OH,39153,3915356490,41.29971,-81.52911,temporary moratorium,data center,active,2026-09-08,2027-09-08,365,false,Trustees adopted a 12-month moratorium on data center zoning permits while zoning staff gather sample regulations; also adopted a separate 12-month moratorium on horizontal directional drilling in…,https://northfieldcenter.com/wp-content/uploads/2026/09/2026-09-08-Trustee-Regular-Meeting.pdf|https://nordoniahills.news/northfield-center-weighs-road-levy-as-data-center-pause-grass-complaints-dominate-fall-agenda/|https://nordoniahills.news/northfield-center-trustees-weigh-road-levy-increase-data-center-rules-after-busy-meeting-stretch/|https://ohiocapitaljournal.com/2026/09/18/ohio-now-has-over-125-active-moratoriums-on-data-centers-see-where-they-are/,oh-northfield-center-township-2026,false,false,2026-09-23,
nm-oh-northwest-township-williams-county-2026,township,Northwest Township (Williams County),OH,39171,3917157162,41.65907,-84.74761,temporary moratorium,data center,active,2026-09,,365,false,Unknown beyond the moratorium approval.,https://thevillagereporter.com/northwest-township-trustees-township-approves-data-center-moratorium/|https://flo.uri.sh/visualisation/30091302/embed?auto=1,oh-northwest-township-williams-county-2026,true,true,2026-09-23,
nm-oh-norton-2025,city,City of Norton,OH,39153,3957260,41.02546,-81.64741,temporary moratorium,data center,replaced,2025-12-01,2026-08-28,180,false,"Permanent zoning adopted: Ord. 60-2026 (Section 1282.03, Special Industrial Use Permits, large-scale data centers) and Ord. 61-2026 (Section 1298, Conditional Uses), both 2026-07-06; Amended Ord.…",https://www.cityofnorton.org/AgendaCenter/ViewFile/Minutes/_05182026-912|https://www.cityofnorton.org/AgendaCenter/ViewFile/Minutes/_07062026-923|https://www.cityofnorton.org/AgendaCenter/ViewFile/Minutes/_09082026-939|https://www.cityofnorton.org/AgendaCenter/ViewFile/Minutes/_08172026-935|https://cityofnorton.org/AgendaCenter/ViewFile/Minutes/_05182026-912|https://cityofnorton.org/AgendaCenter/ViewFile/Minutes/_07062026-923|https://cityofnorton.org/AgendaCenter/ViewFile/Minutes/_05042026-909,oh-norton-2025,false,false,2026-09-23,
nm-oh-ontario-2026,city,Ontario,OH,39139,3958520,40.75954,-82.59017,temporary moratorium,data center,active,2026-05-06,2026-11-02,180,false,Council adopted a six-month moratorium on AI data center applications; can be revisited/renewed.,https://ontarioohio.org/wp-content/uploads/2026/05/05-06-2026-Council.pdf|https://www.richlandsource.com/2026/05/07/ontario-city-council-passes-data-center-moratorium-alongside-sewer-improvements-and-more/|https://ohiocapitaljournal.com/2026/09/18/ohio-now-has-over-125-active-moratoriums-on-data-centers-see-where-they-are/,oh-ontario-2026,false,false,2026-09-23,
nm-oh-painesville-township-2026,township,Painesville Township,OH,39085,3908559430,41.74061,-81.21128,temporary moratorium,data center,active,2026-05-12,2027-05-12,365,false,Township to draft zoning resolution text to define and regulate data centers during the moratorium.,https://painesvilletwp.com/wp-content/uploads/2026/06/05.12.2026.pdf|https://www.news-herald.com/2026/05/16/painesville-township-passes-one-year-ban-on-data-centers/|https://www.cleveland.com/lake-county/2026/05/painesville-township-approves-temporary-moratorium-on-data-centers.html|https://ohiocapitaljournal.com/2026/09/18/ohio-now-has-over-125-active-moratoriums-on-data-centers-see-where-they-are/,oh-painesville-township-2026,false,false,2026-09-23,
nm-oh-paris-township-union-county-2026,township,Paris Township (Union County),OH,39159,3915959864,40.24022,-83.37405,temporary moratorium,data center,replaced,2026-02,,365,false,"Replaced by permanent zoning: amendments adopted 2026-04-07 (recorded 2026-05-07) define 'Data Center' with no permitted or conditional use in any district, effectively prohibiting data centers in…",https://www.lucplanning.com/_files/ugd/540e57_498de8a70159455bb287c85b57fe1b6e.pdf|https://www.lucplanning.com/zoning-and-subdivision-committee-minutes|https://marysvillematters.substack.com/p/paris-twp-adopts-1-year-data-center|https://flo.uri.sh/visualisation/30091302/embed?auto=1,oh-paris-township-union-county-2026,true,true,2026-09-23,
nm-oh-perry-township-lake-county-2026,township,Perry Township (Lake County),OH,39085,3908561896,41.76360,-81.14730,temporary moratorium,data center,active,2026-07-28,2027-07-28,365,false,Zoning moratorium on data center uses township-wide except the Champion Farm site.,https://www.perrytownship-lake.com/_files/ugd/7241ab_18c7f32800f34518b9af05acc02178ea.pdf|https://www.news-herald.com/2026/09/23/officials-from-perry-area-leroy-township-discuss-ongoing-projects/,oh-perry-township-lake-county-2026,false,false,2026-09-23,
nm-oh-perry-undated,village,Perry,OH,39085,3961882,41.76407,-81.14548,temporary moratorium,data center; exemptions noted,pending,,,365,false,"If adopted, a one-year pause on data center applications village-wide (except Champion Farm) to study whether zoning changes are needed.",https://perryvillageohio.com/web/wp-content/uploads/2026/09/PV-Regular-Council-Meeting-Final-Agenda-9.10.2026.pdf|https://perryvillageohio.com/web/wp-content/uploads/2026/09/Sep-2026-Agenda-with-All-Attachments.pdf|https://perryvillageohio.com/village-ordinances/|https://www.news-herald.com/2026/09/23/officials-from-perry-area-leroy-township-discuss-ongoing-projects/|https://www.lakeshoreviews.com/perry-village-moves-toward-data-center-moratorium-after-rejecting-tax-abatement/|https://ohiocapitaljournal.com/2026/09/18/ohio-now-has-over-125-active-moratoriums-on-data-centers-see-where-they-are/,oh-perry-undated,false,true,2026-09-23,
nm-oh-pierce-township-2026,township,Pierce Township,OH,39025,3902562540,39.02023,-84.26261,temporary moratorium,data center,extended,2026-02-11,2027-05-31,240,true,Township staff and Zoning Commission directed to develop text or map amendments,https://flo.uri.sh/visualisation/30091302/embed?auto=1|https://www.wvxu.org/local-news/2026-09-09/pierce-township-data-center-moratorium-surprise-pitch,oh-pierce-township-2026,false,false,2026-09-23,
nm-oh-pioneer-2026,village,Pioneer,OH,39171,3962834,41.68005,-84.55301,temporary moratorium,data center; 20 MW,active,2026-09-14,2027-03-13,180,false,Council to conduct studies (including an electrical study); zoning not changed; planning commission and council approvals still required.,https://thevillagereporter.com/pioneer-village-council-council-places-moratorium-on-data-centers/|https://www.bryantimes.com/news/local/pioneer-puts-moratorium-on-data-centers/article_f14922d9-103d-4cfc-b85c-2eab332e41f8.html|https://www.13abc.com/2026/09/17/pioneer-council-passes-moratorium-possible-data-center-former-aquabounty-site/,oh-pioneer-2026,false,false,2026-09-23,
nm-oh-plain-city-undated,village,Plain City,OH,39097,3963030,40.10788,-83.26697,temporary moratorium,data center,active,2026-08-10,2027-08-10,365,false,Council enacted a one-year moratorium (Ord. 37-2026) to research and develop data center zoning regulations.,https://cms3.revize.com/revize/plaincityoh/Government/Council%20Packets/2026/08.10.2026%20Council%20Regular%20Meeting%20Packet.pdf?t=202608071449380|https://www.dispatch.com/story/news/local/communities/2026/08/11/plain-city-becomes-latest-community-to-pass-data-center-moratorium/91218448007/|https://www.marysvillejt.com/2026/08/12/plain-city-hits-pause-data-centers/|https://www.marysvillejt.com/2026/07/18/plain-city-moves-toward-one-year-data-center-moratorium/,oh-plain-city-undated,false,false,2026-09-23,
nm-oh-plain-township-2026,township,Plain Township (Stark County),OH,39151,3915162988,40.83000,-81.37000,temporary moratorium,data center,active,2026-03-24,2027-03-24,365,false,No replacement zoning captured,https://www.cantonrep.com/story/news/local/plain/2026/03/27/plain-township-approves-moratorium-on-data-centers/89321027007/,oh-plain-township-2026,false,false,2026-09-23,
nm-oh-plain-township-wood-county-2026,township,Plain Township (Wood County),OH,39173,3917363002,41.38958,-83.72805,temporary moratorium,data center,active,2026-03,,,false,Trustees adopted a temporary moratorium on data centers to allow time to research impacts and consider zoning.,https://bgindependentmedia.org/temporary-moratoriums-on-data-centers-7-townships-in-wood-county-have-adopted-8-have-discussed/,oh-plain-township-wood-county-2026,true,true,2026-09-23,
nm-oh-pleasant-township-franklin-county-2026,township,Pleasant Township (Franklin County),OH,39049,3904963254,39.86693,-83.18462,temporary moratorium,data center,active,2026-02-24,,,false,Moratorium on data center building in the township; annexation to Grove City could remove the land from township zoning.,https://www.change.org/p/say-no-to-the-rensch-rd-data-center-in-grove-city-ohio|https://www.dispatch.com/story/news/local/communities/grove-city/2026/05/11/grove-city-data-center-moratorium-ban/89999504007/|https://abc6onyourside.com/news/local/moratorium-another-central-ohio-community-is-saying-no-to-data-centers-policy-tech-energy-water-consumption|https://ohiocapitaljournal.com/2026/09/18/ohio-now-has-over-125-active-moratoriums-on-data-centers-see-where-they-are/,oh-pleasant-township-franklin-county-2026,true,false,2026-09-23,
nm-oh-portage-township-wood-county-2026,township,Portage Township (Wood County),OH,39173,3917364122,41.29780,-83.59249,temporary moratorium,data center,active,2026-03,,,false,Trustees adopted a temporary moratorium on data centers to allow time to research impacts and consider zoning.,https://portagetownship.net/|https://bgindependentmedia.org/temporary-moratoriums-on-data-centers-7-townships-in-wood-county-have-adopted-8-have-discussed/,oh-portage-township-wood-county-2026,true,true,2026-09-23,
nm-oh-prairie-township-franklin-county-2026,township,Prairie Township (Franklin County),OH,39049,3904964570,39.93518,-83.19411,temporary moratorium,data center,active,2026-04-15,2026-10-15,,true,Zoning Commission and consultants drafting data center text amendments to the zoning resolution.,https://www.prairietownship.org/DocumentCenter/View/9401|https://www.aol.com/articles/prairie-twp-residents-decry-potential-014028000.html|https://ohiocapitaljournal.com/2026/09/18/ohio-now-has-over-125-active-moratoriums-on-data-centers-see-where-they-are/,oh-prairie-township-franklin-county-2026,false,false,2026-09-23,
nm-oh-providence-township-2026,township,Providence Township,OH,39095,3909564836,41.46997,-83.83505,temporary moratorium,data center,active,2026-04-15,2027-04-15,365,false,Township intends to follow Waterville Township committee recommendations for zoning updates,,oh-providence-township-2026,false,false,,
nm-oh-ravenna-2026,city,Ravenna,OH,39133,3965592,41.15756,-81.24205,temporary moratorium,data center+cryptocurrency mining,active,2026-04-20,2027-04-20,365,false,"Study and drafting of zoning code for data centers, server farms, and cryptocurrency mining facilities",,oh-ravenna-2026,false,false,,
nm-oh-richfield-2026,village,Richfield,OH,39153,3966530,41.23978,-81.63818,temporary moratorium,data center,extended,2026-03-03,2027-03-02,180,true,Council paused data center zoning certificates while consultants (TSW) and staff complete a full zoning code rewrite; extended by six months in September 2026. A parallel multifamily-housing…,https://www.richfieldvillageohio.org/AgendaCenter/ViewFile/Agenda/_09032026-1707|https://www.richfieldvillageohio.org/DocumentCenter/View/10382/74-2026-Ord-Extending-data-center-moratorium-by-six-months|https://www.scriptype.com/2026/03/30/businesses-recognized-before-council-approves-intersection-improvements/|https://www.akron.com/articles/richfield-village-council-refers-zoning-code-update/|https://hoodline.com/2026/08/richfield-s-first-full-zoning-rewrite-since-2010-heads-to-public-vote-of-confidence/|https://ohiocapitaljournal.com/2026/09/18/ohio-now-has-over-125-active-moratoriums-on-data-centers-see-where-they-are/,oh-richfield-2026,false,false,2026-09-23,
nm-oh-richfield-township-2026,township,Richfield Township (Lucas County),OH,39095,3909566516,41.69051,-83.83014,temporary moratorium,data center,active,2026-02-17,2027-02-17,365,false,No replacement zoning captured,https://richfieldtwp.com/wp-content/uploads/2026/03/February-17-2026-meeting-final.pdf|https://richfieldtwp.com/wp-content/uploads/2026/03/March-18.-2026-Minutes.pdf|https://github.com/mjbommar/moratorium-data-2026/blob/main/states/ohio.md|https://www.toledoblade.com/local/politics/2026/02/18/monclova-richfield-townships-latest-to-pass-data-center-moratoriums/stories/20260218126,oh-richfield-township-2026,false,false,2026-09-23,
nm-oh-rittman-2026,city,Rittman,OH,39169,3967356,40.97236,-81.78118,temporary moratorium,data center,active,2026-04-13,2026-10-10,180,false,City to research and update its Planning and Zoning Code for data centers; matter to return in October 2026.,https://files-backend.assets.thrillshare.com/documents/asset/uploaded_file/5250/Cor/6edde785-6667-4806-869b-3ff92d4a10ac/2026-04-13-City-Council-Meeting-Minutes-%28PDF%29.pdf?disposition=inline|https://files-backend.assets.thrillshare.com/documents/asset/uploaded_file/5250/Cor/84c6a989-40ea-4674-8266-a5591e8f00d6/2026-04-13-City-Council-Meeting-Agenda.pdf?disposition=inline,oh-rittman-2026,false,false,2026-09-23,
nm-oh-scioto-township-2026,township,Scioto Township (Pickaway County),OH,39129,3912970870,39.75672,-83.08022,temporary moratorium,data center,active,2026-03-05,2027-03-05,365,false,Zoning language review expected during 12-month moratorium,https://www.sciotopost.com/scioto-township-enacts-12-month-data-center-moratorium-amid-statewide-tech-surge/,oh-scioto-township-2026,false,false,2026-09-23,
nm-oh-shalersville-township-2025,township,Shalersville Township,OH,39133,3913371731,41.23784,-81.24565,temporary moratorium,data center,extended,2025-11,2026-11-01,180,true,"Trustees imposed and then extended the moratorium while the zoning commission amended conditional-use rules for data centers (including Sept. 10, 2026 amendments on noise/light-industrial uses) and…",https://weeklyvillager.com/shalersville-township-board-of-trustees-hosts-bitdeer-for-public-forum/|https://www.news5cleveland.com/news/local-news/local-developer-global-tech-firm-plan-major-data-center-project-in-portage-county|https://theportager.com/changes-to-shalersville-zoning-could-impact-proposed-data-center|https://theportager.com/shalersville-trustees-study-data-center-noise-levels|https://www.wfmj.com/news/shalersville-residents-outraged-over-proposed-data-center/article_8214aa0e-1bbc-440e-a66f-32ab267adf1c.html|https://weeklyvillager.com/shalersville-township-board-of-trustees-discusses-conditional-use-requirements-for-ai-data-centers/|https://ohiocapitaljournal.com/2026/09/18/ohio-now-has-over-125-active-moratoriums-on-data-centers-see-where-they-are/,oh-shalersville-township-2025,false,true,2026-09-23,
nm-oh-shawnee-township-2026,township,Shawnee Township,OH,39003,3900371955,40.69090,-84.16551,temporary moratorium,data center+battery storage+solar,active,2026-04-13,2027-10-05,540,false,Study period for multi-sector land-use regulations,,oh-shawnee-township-2026,false,false,,
nm-oh-south-bloomfield-2025,village,South Bloomfield,OH,39129,3973068,39.71840,-82.98685,temporary moratorium,data center,replaced,2025-12-15,,180,false,Village reportedly adopted new zoning code that does not list data centers as permitted uses,https://www.southbloomfieldoh.com/Ordinances/2025/2025-28%20Moratorium%20on%20Processing%20of%20Permits%20for%20Data%20Centers.pdf|https://www.southbloomfieldoh.com/Ordinances/2025/2025-26%20Adpot%20the%202025%20Planning%20and%20Zoning%20Book.pdf|https://www.southbloomfieldoh.com/government/ordinances___resolutions.php|https://www.statenews.org/section/the-ohio-newsroom/2026-02-26/ohio-towns-are-pushing-back-against-data-centers-to-varying-degrees-of-success|https://www.sciotopost.com/scioto-township-enacts-12-month-data-center-moratorium-amid-statewide-tech-surge/,oh-south-bloomfield-2025,false,true,2026-09-23,
nm-oh-south-point-2026,village,South Point,OH,39087,3973670,38.41786,-82.58627,temporary moratorium,data center,active,2026-05-12,2026-11-08,180,false,"Study of legal options (zoning, reporting, siting conditions, revenue-sharing) for AI and micro data centers.",https://irontontribune.com/2026/05/17/moratorium-passed-on-data-centers-in-south-point/|https://citizenportal.ai/articles/8192580/ohio/lawrence-county/south-point/presenter-says-small-renewable-powered-micro-data-centers-can-bring-jobs-south-point-council-amends-moratorium-resolution-to-study-aidata-centers|https://ohiocapitaljournal.com/2026/09/18/ohio-now-has-over-125-active-moratoriums-on-data-centers-see-where-they-are/,oh-south-point-2026,true,false,2026-09-23,
nm-oh-spencer-township-2026,township,Spencer Township (Lucas County),OH,39095,3909573990,41.53500,-83.79000,temporary moratorium,data center,active,2026-03-05,2027-03-05,365,false,No replacement zoning captured,https://spencertownship.org/minutes/2026/03_05_26.pdf|http://spencertownship.org/minutes/2026/07_09_26.pdf|http://spencertownship.org/minutes/2026/03_05_26.pdf|https://toledofreepress.com/communities-use-pause-to-study-data-centers/,oh-spencer-township-2026,false,false,2026-09-23,
nm-oh-sprigg-township-2026,township,Sprigg Township,OH,39001,3900174069,38.69388,-83.65892,temporary moratorium,data center,active,2026-03-02,2027-03-02,365,false,Ohio Residents for Responsible Development petition activity intensified,,oh-sprigg-township-2026,false,false,,
nm-oh-springfield-2026,city,Springfield,OH,39023,3974118,39.92341,-83.81014,temporary moratorium,data center,active,2026-07-14,2027-01-10,180,false,"City Commission passed Ordinance 159-26 by a 5-0 vote after its second reading, imposing a six-month moratorium on the establishment, development, processing, review, and approval of High-Density…",https://springfieldohio.primegov.com/Public/CompiledDocument/11482|https://springfieldohio.primegov.com/Public/CompiledDocument/11402,oh-springfield-2026,false,false,2026-07-31,
nm-oh-st-bernard-undated,city,St. Bernard,OH,39061,3969470,39.16700,-84.49856,temporary moratorium,"data center; 24 MW; >150,000 sq ft",pending,,,365,false,Pending council vote; developer says the tenant will leave if the moratorium passes.,https://www.wvxu.org/local-news/2026-09-23/st-bernard-considers-data-center-moratorium-amid-proposal-for-old-ivorydale-site|https://ohiocapitaljournal.com/2026/09/18/ohio-now-has-over-125-active-moratoriums-on-data-centers-see-where-they-are/,oh-st-bernard-undated,true,true,2026-09-23,
nm-oh-st-clair-township-butler-county-2026,township,St. Clair Township (Butler County),OH,39017,3901769498,39.45054,-84.53334,temporary moratorium,data center,active,2026-05-05,2027-05-05,365,false,The trustee plans to present data center regulations to the zoning commission; the township also objected to Trenton's annexation.,https://www.journal-news.com/local/can-butler-county-issue-a-county-wide-data-centers-moratorium/article_9ef5b504-1ef3-5747-b310-703ac81f488d.html|https://www.wvxu.org/local-news/2026-09-15/trenton-withdraws-annex-land-data-center-township|https://local12.com/news/local/butler-county-townships-fight-trenton-annexation-bid-tied-to-amazon-data-center|https://local12.com/news/local/st-clair-township-bans-data-centers-trenton-annexation-bid-could-override-it-annex-purchase-land-lands-butler-county-ai-electric-bill-electricity-environmental-concerns-public-records-prologis-petition-acres-selling-sales-megacenter-construction-workers,oh-st-clair-township-butler-county-2026,false,false,2026-09-23,
nm-oh-st-marys-2026,city,St. Marys,OH,39011,3969680,40.54227,-84.38940,temporary moratorium,data center,active,2026-06-22,2027-06-22,365,false,"Council passed Emergency Resolution 2026-08 with one abstention, imposing a 12-month moratorium on establishing or converting buildings to data centers and on development or construction that would…",https://www.cityofstmarys.net/AgendaCenter/ViewFile/Agenda/_06222026-181|https://www.wcsmradio.com/index.php/news/83028/135/St-Marys-Council-Approves-Data-Center-Moratorium-And-Budget-Supplementals,oh-st-marys-2026,false,false,2026-07-31,
nm-oh-streetsboro-2026,city,Streetsboro,OH,39133,3975014,41.23922,-81.34594,temporary moratorium,data center+cryptocurrency mining,active,2026-04-27,2027-04-27,365,false,Council adopted a one-year moratorium on permits for data centers and crypto mining facilities so the city can enact permanent zoning code changes.,https://storage.googleapis.com/proudcity/streetsborooh/2026/04/18fcf242-regular-council-meeting-04-27-26-minutes.pdf|https://www.record-courier.com/story/news/local/2026/05/07/streetsboro-city-council-approves-moratorium-data-centers/89930415007/|https://www.aol.com/news/streetsboro-hits-pause-data-centers-095130581.html|https://ohiocapitaljournal.com/2026/09/18/ohio-now-has-over-125-active-moratoriums-on-data-centers-see-where-they-are/,oh-streetsboro-2026,false,false,2026-09-23,
nm-oh-sunbury-2026,city,Sunbury,OH,39041,3975602,40.24256,-82.85907,temporary moratorium,data center,active,2026-04-15,2027-01-31,,true,City administration and council reviewing federal/state law and city zoning; studying data center impacts.,https://sunburyohio.org/AgendaCenter/ViewFile/Item/2938?fileID=6780|https://www.wosu.org/politics-government/2026-04-16/sunbury-city-council-passes-moratorium-on-data-centers|https://www.delgazette.com/2026/04/15/data-center-moratorium-approved/|https://ohiocapitaljournal.com/2026/09/18/ohio-now-has-over-125-active-moratoriums-on-data-centers-see-where-they-are/,oh-sunbury-2026,false,false,2026-09-23,
nm-oh-swancreek-township-fulton-county-2026,township,Swancreek Township (Fulton County),OH,39051,3905175861,41.53772,-83.94084,temporary moratorium,data center+solar,active,2026-05,2026-11-05,,false,Zoning Commission drafting data center and solar field regulations for the zoned areas; considering a ballot issue for the unzoned areas.,https://thevillagereporter.com/swancreek-township-trustees-trustees-approve-six-month-moratorium-on-data-centers-solar-fields/|https://thevillagereporter.com/swancreek-township-trustees-zoning-commission-drafts-rules-for-data-center-development/|https://ohiocapitaljournal.com/2026/09/18/ohio-now-has-over-125-active-moratoriums-on-data-centers-see-where-they-are/,oh-swancreek-township-fulton-county-2026,true,true,2026-09-23,
nm-oh-tallmadge-2026,city,Tallmadge,OH,39153,3976106,41.10146,-81.44180,temporary moratorium,data center,active,2026-04-13,,180,true,Review of zoning and business regulations; hardship appeal process included (ORC Chapter 2506 appeal pathway),https://www.tallmadgeoh.gov/DocumentCenter/View/8384/2026-074|https://www.tallmadgeoh.gov/DocumentCenter/View/7360/2026-38|https://www.tallmadgeoh.gov/AgendaCenter/ViewFile/Minutes/_04132026-1451|https://akronclevelandrealtors.com/news/the-local-lineup-9-10-housing-policy-brief/|https://citizenportal.ai/articles/9931113/ohio/summit-county/tallmadge/tallmadge-city-council-meeting/council-opens-first-reading-to-extend-moratorium-on-data-center-zoning-applications,oh-tallmadge-2026,false,true,2026-09-23,
nm-oh-tiffin-2026,city,Tiffin,OH,39147,3976778,41.11449,-83.17795,temporary moratorium,data center,active,2026-04-20,2027-04-20,365,false,Zoning options under review; bars establishment or conversion of any structure into a data center for up to 12 months,,oh-tiffin-2026,false,false,,
nm-oh-trenton-township-delaware-county-2026,township,Trenton Township (Delaware County),OH,39041,3904177336,40.24103,-82.80150,temporary moratorium,data center,active,2026-04-01,2027-04-01,365,false,Township Zoning Commission directed to review and propose zoning amendments for data centers.,https://www.delgazette.com/2026/06/27/township-honors-veterans-weighs-in-on-data-centers/|https://ohiocapitaljournal.com/2026/09/18/ohio-now-has-over-125-active-moratoriums-on-data-centers-see-where-they-are/,oh-trenton-township-delaware-county-2026,false,false,2026-09-23,
nm-oh-twinsburg-2026,city,Twinsburg,OH,39153,3978050,41.31256,-81.44011,temporary moratorium,data center,active,2026-04-14,2027-04-14,365,false,Council adopted a one-year moratorium covering zoning and occupancy applications and 'similar use' pathways while the city studies regulations (law director estimated 2-5 months of study).,https://www.mytwinsburg.com/AgendaCenter/ViewFile/Minutes/_04142026-1509|https://www.cleveland.com/summit-county/2026/05/twinsburg-approves-one-year-data-center-moratorium.html|https://ohiocapitaljournal.com/2026/09/18/ohio-now-has-over-125-active-moratoriums-on-data-centers-see-where-they-are/,oh-twinsburg-2026,false,false,2026-09-23,
nm-oh-upper-sandusky-2026,city,Upper Sandusky,OH,39175,3979044,40.82728,-83.28131,temporary moratorium,data center; 150 MW,active,2026-07,,180,false,Planning Commission reviewing zoning to define and regulate High Resource Demand Facilities.,https://www.uppersanduskyoh.com/?rz=newsDetails&id=20|https://crawfordcountynow.com/local/upper-sandusky-implements-six-month-moratorium-on-new-data-center-development/|https://www.dailychiefunion.com/2026/07/08/localnews/h1-upper-sandusky-city-council-passes-moratorium-on-data-centers-h1/|https://tiffinohio.net/posts/hidden-costs-data-center-wyandot-county/,oh-upper-sandusky-2026,false,true,2026-09-23,
nm-oh-urbana-2026,city,Urbana,OH,39021,3979072,40.10839,-83.75243,temporary moratorium,"data center; over 7.5 MW; >460,000 sq ft",active,2026-03-03,2027-03-03,365,false,"Moratorium plus a city Data Center Moratorium Committee study. On 2026-06-16 council unanimously passed Ordinance 4635-26, restoring the pre-2025 zoning text so data centers are no longer a…",https://www.wyso.org/news/2026-03-04/urbana-passes-moratorium-on-new-data-centers-leaving-1b-proposal-in-limbo|https://www.peakofohio.com/local-news/court-grants-thor-equities-request-in-urbana-data-center-case/|https://www.peakofohio.com/local-news/urbana-city-council-reverses-data-center-zoning-change/|https://www.wdtn.com/news/miami-valley-data-centers/thor-equities-files-lawsuit-against-urbana-after-data-center-moratorium/?ipid=promo-link-block2|https://www.springfieldnewssun.com/local/urbana-data-center-saga-continues-with-charter-amendment-mayor-recall-developer-campaign/article_3615a5d3-c607-524d-8b52-4f2a12435996.html,oh-urbana-2026,false,false,2026-09-23,
nm-oh-vandalia-2026,city,Vandalia,OH,39113,3979492,39.89061,-84.19883,temporary moratorium,data center,active,2026-04-20,2027-04-20,365,false,Planning Commission and council to study data center effects and draft zoning regulations.,https://vandaliaohio.org/AgendaCenter/ViewFile/Minutes/_04202026-751|https://vandaliaohio.org/AgendaCenter/ViewFile/Minutes/_04202026-750|https://www.vandaliaohio.org/Archive/ViewFile/Item/783|https://ohiocapitaljournal.com/2026/09/18/ohio-now-has-over-125-active-moratoriums-on-data-centers-see-where-they-are/,oh-vandalia-2026,false,false,2026-09-23,
nm-oh-vermilion-2026,city,Vermilion,OH,39043,3979716,41.42199,-82.36461,temporary moratorium,data center,active,2026-04-20,2027-03-23,,true,Study period for possible local regulatory controls,https://www.cityofvermilionohio.gov/2025-Main-Menu-Folder/2025-City-Council/Ordinances-and-Resolutions/2026-Ordinances-and-Resolutions/Ordinances/Ordinances/2026-17-TEMPORARY-MORATORIUM-ON-FUTURE-DEVELOPMENT-OF-DATA-CENTERS|https://www.cleveland.com/metro/2026/07/four-northeast-ohio-cities-paused-data-center-approvals-heres-what-each-moratorium-does-and-when-it-ends.html|https://www.cleveland.com/metro/2026/08/what-we-learned-about-northeast-ohios-data-center-moratoriums-and-when-they-end.html|https://www.vermilionphotojournal.com/top_stories/data-centers-friend-or-foe/article_16c5fff9-6131-41e8-b21b-88a9ba7499fe.html,oh-vermilion-2026,false,false,2026-09-23,
nm-oh-vermilion-township-erie-county-2026,township,Vermilion Township (Erie County),OH,39043,3904379730,41.38853,-82.40135,temporary moratorium,data center,active,2026-03-04,2027-03-04,365,false,"Township Administrator and Zoning Inspector directed to study the concerns and, if needed, prepare text amendments to the zoning resolution.",https://www.vermiliontownship.com/_files/ugd/5cff61_b115bf885da443a79b203acec9b6e056.pdf|https://vermiliondaily.com/trustees-approve-one-year-moratorium-on-data-centers-in-vermilion-township/|https://sanduskyregister.com/news/813156/govt-halts-data-center-development/,oh-vermilion-township-erie-county-2026,false,false,2026-09-23,
nm-oh-vienna-township-2026,township,Vienna Township,OH,39155,3915580052,41.23947,-80.66439,temporary moratorium,data center,extended,2026-02-17,2026-10-16,180,true,Zoning commission drafted data center regulations (sent to Trumbull County Planning Commission in August 2026); moratorium extended to cover the review period.,https://www.tribtoday.com/news/local-news/2026/08/vienna-extends-data-center-moratorium/|https://www.tribtoday.com/news/local-news/2026/02/vienna-places-moratorium-on-data-centers/|https://www.wfmj.com/news/local-news/vienna-township-extends-moratorium-on-data-centers/article_3a100808-c288-428a-a157-8722c795f5dd.html,oh-vienna-township-2026,false,false,2026-09-23,
nm-oh-warren-2026,city,Warren,OH,39155,3980892,41.24105,-80.80490,temporary moratorium,"data center; >1,000 sq ft",active,2026-09-09,2027-09-09,365,false,"Mayor-led Data Center Review Committee to deliver written recommendations within nine months on zoning, utilities, noise, environment, costs; moratorium may be lifted once policy is adopted.",https://www.wfmj.com/news/local-news/warren/1-year-data-center-ban-unanimously-passed-in-warren/article_3dbd80aa-0e8d-47aa-94e6-97ad0e9a281c.html|https://www.tribtoday.com/news/local-news/2026/09/warren-oks-one-year-data-center-moratorium/,oh-warren-2026,false,false,2026-09-23,
nm-oh-washington-township-2025,township,Washington Township (Franklin County),OH,39049,3904981242,40.11315,-83.13373,temporary moratorium,data center,expired,2025-12-09,2026-09-05,90,true,Legal review and possible zoning work; final extension record not captured,https://wtwpdublinoh.gov/cdn/2025.12.09-Minutes.pdf|https://wtwpdublinoh.gov/cdn/2026.08.11-Minutes.pdf|https://wtwpdublinoh.gov/cdn/AGENDA-2026.09.08.pdf|https://wtwpdublinoh.gov/cdn/AGENDA-2026.09.22.pdf|https://wtwpdublinoh.gov/cdn/2026.02.10-Minutes.pdf|https://wtwpdublinoh.gov/government/meetings-minutes/|https://www.washingtontwp.org/DocumentCenter/View/|https://wtwpdublinoh.gov/about/about-wtwp/,oh-washington-township-2025,true,false,2026-09-23,
nm-oh-washington-township-montgomery-county-2026,township,Washington Township (Montgomery County),OH,39113,3911381494,39.62712,-84.15940,temporary moratorium,data center,active,2026-04-20,2027-04-15,360,false,Board to study whether to limit or prohibit data centers or adopt location/operation regulations.,https://dayton247now.com/news/local/trustees-enact-360-day-moratorium-on-data-center-zoning-in-washington-township|https://www.daytondailynews.com/community/data-centers-area-township-adds-moratorium-as-others-weigh-these-huge-projects/article_5b5cd9a4-761b-4608-a87a-5f8cb35e68fc.html|https://flo.uri.sh/visualisation/30091302/embed?auto=1|https://ohiocapitaljournal.com/2026/09/18/ohio-now-has-over-125-active-moratoriums-on-data-centers-see-where-they-are/,oh-washington-township-montgomery-county-2026,false,false,2026-09-23,
nm-oh-washington-township-pickaway-county-2026,township,Washington Township (Pickaway County),OH,39129,3912981550,39.60746,-82.86775,temporary moratorium,data center,active,2026-06,,,false,Unknown beyond moratorium.,https://www.publicnoticesohio.com/Details.aspx?SID=dzxjqxrh1e4j2oezwp3qckbg&ID=297107|https://washingtontownship.net/trustee-board/|https://flo.uri.sh/visualisation/30091302/embed?auto=1|https://ohiocapitaljournal.com/2026/09/18/ohio-now-has-over-125-active-moratoriums-on-data-centers-see-where-they-are/,oh-washington-township-pickaway-county-2026,true,true,2026-09-23,
nm-oh-washington-township-stark-county-2026,township,Washington Township (Stark County),OH,39151,3915181634,40.85750,-81.13891,temporary moratorium,data center,active,2026-04-06,2027-04-06,365,false,Trustees adopted a 12-month moratorium and resolved to consider adding a dedicated data center section to the township zoning code during the moratorium.,https://www.wash-twp-stark-oh.us/minutes|https://www.cantonrep.com/story/news/local/2026/04/09/washington-twp-trustees-place-moratorium-on-data-centers/89497033007/|https://flo.uri.sh/visualisation/30091302/embed?auto=1|https://ohiocapitaljournal.com/2026/09/18/ohio-now-has-over-125-active-moratoriums-on-data-centers-see-where-they-are/,oh-washington-township-stark-county-2026,false,false,2026-09-23,
nm-oh-waterville-2025,city,City of Waterville,OH,39095,3981858,41.50210,-83.72488,temporary moratorium,data center,expired,2025-12-08,2026-06-06,180,false,Mayor and staff researching data centers; possible conditional-use process under review,https://waterville.org/wp-content/uploads/2026/04/12.8.25-Council-Meeting-Minutes-Final.pdf|https://waterville.org/wp-content/uploads/2026/06/5.11.26-Council-Meeting-Minutes-Final.pdf|https://waterville.org/wp-content/uploads/2026/06/6.1.26-Special-Council-Meeting-Minutes-Final.pdf|https://waterville.org/wp-content/uploads/2026/07/6.8.26-Council-Meeting-Minutes-Final.pdf,oh-waterville-2025,false,false,2026-07-31,
nm-oh-waterville-township-2025,township,Waterville Township,OH,39095,3909581872,41.50000,-83.72000,temporary moratorium,data center,active,2025-12-17,2026-12-17,365,false,Data center study committee expected to report in summer 2026,https://watervilletownship.com/zoning/2026/05_12_26.pdf,oh-waterville-township-2025,false,false,2026-07-31,
nm-oh-waynesville-2026,village,Waynesville,OH,39165,3982418,39.52978,-84.08660,temporary moratorium,data center,active,2026-05-04,2026-10-31,180,true,"Data Center Study Committee (council members Gallagher, Powell, Colvin) to recommend zoning code updates.",https://www.villageofwaynesville.org/media/site/meetings/05.18.26%20Council.pdf|https://www.villageofwaynesville.org/media/site/meetings/Council%20Agenda%2009.21.26.pdf|https://flo.uri.sh/visualisation/30091302/embed?auto=1,oh-waynesville-2026,false,false,2026-09-23,
nm-oh-weathersfield-township-2026,township,Weathersfield Township,OH,39155,3915582446,41.16882,-80.77195,temporary moratorium,data center,extended,2026-04-30,2027-04-25,180,true,"Zoning commission, law director and zoning inspector drafting data center zoning regulations for trustee approval.",https://www.wkbn.com/news/local-news/weathersfield-news/weathersfield-township-trustees-place-moratorium-on-approving-data-center/|https://www.tribtoday.com/news/local-news/2026/05/weathersfield-trustees-put-moratorium-on-data-centers/|https://www.vindy.com/news/local-news/2026/09/weathersfield-extends-data-center-ban/|https://flo.uri.sh/visualisation/30091302/embed?auto=1,oh-weathersfield-township-2026,false,false,2026-09-23,
nm-oh-wellington-2026,village,Wellington,OH,39093,3982642,41.16859,-82.21757,temporary moratorium,data center,active,2026-03-16,2027-03-16,365,false,Village council adopted a one-year pause on zoning certificates for data centers to review regulations and decide how such uses might fit the village.,https://www.news5cleveland.com/news/local-news/oh-lorain/were-just-being-proactive-this-small-lorain-county-town-is-banning-data-centers|https://www.cleveland.com/lorain-county/2026/03/communities-across-lorain-county-consider-how-to-handle-data-centers-industrial-growth.html|https://flo.uri.sh/visualisation/30091302/embed?auto=1|https://ohiocapitaljournal.com/2026/09/18/ohio-now-has-over-125-active-moratoriums-on-data-centers-see-where-they-are/,oh-wellington-2026,false,false,2026-09-23,
nm-oh-westlake-2026,city,Westlake,OH,39035,3983622,41.45532,-81.91792,temporary moratorium,data center,active,2026-09-03,2027-03-02,180,true,Planning department to review whether and where to allow data centers; council may refine the definition later.,https://files-backend.assets.thrillshare.com/documents/asset/uploaded_file/5437/Cw/eaa085f1-a048-4d44-ae1d-8f69a2b5eb85/2026-99-revised.pdf?disposition=inline|https://www.cleveland.com/community/2026/09/westlake-city-council-adopts-ordinance-placing-temporary-moratorium-on-approval-of-data-centers.html|https://ohiocapitaljournal.com/2026/09/18/ohio-now-has-over-125-active-moratoriums-on-data-centers-see-where-they-are/,oh-westlake-2026,false,false,2026-09-23,
nm-oh-weston-township-wood-county-2026,township,Weston Township (Wood County),OH,39173,3917383986,41.36377,-83.81283,temporary moratorium,data center,active,2026,,,false,Trustees adopted a temporary moratorium on data centers to allow time to research impacts and consider zoning.,https://bgindependentmedia.org/temporary-moratoriums-on-data-centers-7-townships-in-wood-county-have-adopted-8-have-discussed/,oh-weston-township-wood-county-2026,true,true,2026-09-23,
nm-oh-wickliffe-2026,city,Wickliffe,OH,39085,3985036,41.60533,-81.45345,temporary moratorium,data center,active,2026-06-22,2027-06-22,365,false,"Administration and council to study whether to allow, limit or prohibit data centers as a principal use and prepare code amendments. No existing business may expand into data center use during the…",https://www.cityofwickliffe.com/DocumentCenter/View/2336/OR2026-39-cert|https://www.cityofwickliffe.com/DocumentCenter/View/2375/06222026-Council-Meeting-Minutes|https://www.lakeshoreviews.com/wickliffe-to-review-possible-moratorium-on-hyperscale-data-centers/|https://ohiocapitaljournal.com/2026/09/18/ohio-now-has-over-125-active-moratoriums-on-data-centers-see-where-they-are/,oh-wickliffe-2026,false,false,2026-09-23,
nm-oh-williamsburg-2026,village,Williamsburg,OH,39025,3985288,39.05423,-84.05299,temporary moratorium,data center,active,2026-03-12,2027-03-12,365,false,One-year moratorium on the authorization or establishment of computer data centers,https://williamsburgtownship.org/wp-content/uploads/2026/08/Minutes-7-13-2026.pdf|https://williamsburgohio.org/wp-content/uploads/2026/05/Ordinance-1249-26-2026-Data-Center-Moratorium.pdf|https://flo.uri.sh/visualisation/30091302/embed?auto=1,oh-williamsburg-2026,false,false,2026-09-23,
nm-oh-williamsburg-township-2026,township,Williamsburg Township,OH,39025,3902585302,39.03930,-84.06613,temporary moratorium,data center,extended,2026-01-26,2027-01-25,,true,Township attorney drafting data center zoning language during the moratorium.,https://williamsburgtownship.org/wp-content/uploads/2026/08/Minutes-7-13-2026.pdf|https://williamsburgohio.org/wp-content/uploads/2026/05/Ordinance-1249-26-2026-Data-Center-Moratorium.pdf|https://flo.uri.sh/visualisation/30091302/embed?auto=1,oh-williamsburg-township-2026,false,false,2026-09-23,
nm-oh-willoughby-2026,city,Willoughby,OH,39085,3985484,41.63977,-81.40650,temporary moratorium,data center,active,2026-07-14,2027-07-14,365,false,"Study of ordinances and state developments. Possible later permanent prohibition or data center zoning, and possible rezoning of Riverside Commons.",https://willoughbyohio.com/wp-content/uploads/2022/09/legis.-legal-notice-july-14-2026.pdf|https://willoughbyohio.com/wp-content/uploads/2026/07/2026-98.pdf|https://flo.uri.sh/visualisation/30091302/embed?auto=1|https://www.news-herald.com/2026/07/31/willoughby-considers-moratorium-that-imposes-data-centers-in-city/|https://ohiocapitaljournal.com/2026/09/18/ohio-now-has-over-125-active-moratoriums-on-data-centers-see-where-they-are/,oh-willoughby-2026,false,false,2026-09-23,
nm-oh-windham-township-portage-county-2026,township,Windham Township (Portage County),OH,39133,3913385960,41.23708,-81.07806,temporary moratorium,data center,active,2026-05,,,false,Moratorium while the township's AI data center zoning amendment goes through Portage County Regional Planning Commission review.,https://weeklyvillager.com/windham-township-board-of-trustees-place-moratorium-on-ai-data-centers/|https://theportager.com/county-roundup-windham-joins-townships-with-data-center-moratorium-plus-freedom-garrettsville-and-mantua-news,oh-windham-township-portage-county-2026,true,true,2026-09-23,
nm-oh-xenia-2026,city,Xenia,OH,39057,3986772,39.68478,-83.92965,temporary moratorium,data center,active,2026-06-25,2027-06-25,365,false,"Council to consider zoning regulations for small, medium and large data centers through the planning commission.",https://www.daytondailynews.com/community/xenia/xenia-enacts-moratorium-on-data-centers-within-the-city/article_24abe213-e194-53e9-b46d-e7bee5c14c94.html|https://www.xeniagazette.com/2026/06/20/xenia-council-to-consider-moratorium-on-data-centers/|https://www.wdtn.com/news/miami-valley-data-centers/xenia-holds-public-hearing-on-data-center-construction-ban/|https://flo.uri.sh/visualisation/30091302/embed?auto=1|https://ohiocapitaljournal.com/2026/09/18/ohio-now-has-over-125-active-moratoriums-on-data-centers-see-where-they-are/,oh-xenia-2026,false,false,2026-09-23,
nm-oh-yellow-springs-2026,village,Yellow Springs,OH,39057,3986940,39.80454,-83.89252,temporary moratorium,data center; above 2 MW; exemptions noted,active,2026-05-18,2027-05-18,365,false,"Adopted by emergency reading; bars zoning permits/approvals for new or expanded data centers above 2 MW aggregate demand for 12 months, with exemptions for auxiliary data centers and…",https://ysnews.com/news/2026/05/ordinance-2026-08|https://ysnews.com/news/2026/05/village-council-considers-data-center-moratorium-in-yellow-springs,oh-yellow-springs-2026,false,false,2026-07-31,
nm-ok-broken-arrow-2026,city,Broken Arrow,OK,40143,4009050,36.05260,-95.79082,temporary moratorium,data center; 5 MW; exemptions noted,active,2026-06-15,,,false,"Active as of 2026-09-23; still running through at least Dec. 31, 2026 with no change adopted. City Manager Michael Spurgeon gave a public update at the Aug. 18, 2026 City Council meeting confirming…",https://library.municode.com/ok/broken_arrow/ordinances/code_of_ordinances?nodeId=1430664|https://brokenarrow.legistar.com/View.ashx?GUID=7D240654-38A9-4F4B-9A89-FF9FA159D1E7&ID=15583260&M=F|https://www.pubt.io/view/3E74139A1C711171CD918E7F4BCA00946304A6A2|https://brokenarrow.legistar.com/LegislationDetail.aspx?GUID=3577F575-3F81-4923-BE03-8C305B76405C&ID=8071552&Options=&Search=|https://basentinel.com/broken-arrow-data-center-not-imminent-moratorium-could-be-extended/,ok-broken-arrow-2026,false,false,2026-09-23,
nm-ok-choctaw-2026,city,Choctaw,OK,40109,4014200,35.48219,-97.27406,temporary moratorium,data center,active,2026-07-21,2027-07-21,365,false,"Choctaw City Council approved a 12-month moratorium on data centers within city limits after discussing, and rejecting in favor of the pause, a proposed outright ban.",https://cantrellfirm.com/blog/data-center-notice-adjacent-landowners-oklahoma/|https://www.centraloklahomaweeklies.com/2026/07/30/city-puts-moratorium-on-data-centers/,ok-choctaw-2026,false,false,2026-09-23,
nm-ok-edmond-2026,city,Edmond,OK,40109,4023200,35.65714,-97.46490,temporary moratorium,data center; 75 MW,active,2026-06-08,,,false,"City Council unanimously adopted an immediate moratorium on data center applications, rezoning requests, and permits within city limits, through the end of 2026.",https://library.municode.com/ok/edmond/ordinances/code_of_ordinances?nodeId=1429000|https://public.destinyhosted.com/edmondocs/2026/CC/20260608_31022/23121_Ordinance.pdf|https://www.news9.com/data-centers-in-oklahoma/edmond-approves-immediate-pause-on-future-data-center-development,ok-edmond-2026,false,false,2026-09-23,
nm-ok-luther-2026,town,Luther,OK,40109,4044500,35.65961,-97.19414,temporary moratorium,data center,active,2026-06-17,,,false,"Active as of 2026-09-23. The June 17, 2026 ordinance originally paused new applications through Dec. 31, 2026 and separately paused approvals of the then-pending Beltline Energy application only…",https://journalrecord.com/public-notice/search-detail?detail=4189468&indexgroup=business|https://journalrecord.com/public-notice/search-detail/?detail=4189468&indexgroup=business|https://www.kosu.org/luther-data-center-moratorium|https://111things.com/local-headlines/luther-seeks-environmental-review-as-proposed-data-center-project-faces-new-town-restrictions/|https://lutherregister.news/2026/09/08/open-seat-on-the-luther-board-of-trustees/,ok-luther-2026,false,false,2026-09-23,
nm-ok-norman-2026,city,Norman,OK,40027,4052500,35.22257,-97.43948,temporary moratorium,data center,active,2026-06-23,,,false,"Active as of 2026-09-23; runs through June 9, 2027 or the effective date of new data-center zoning regulations, whichever is earlier, per Ordinance No. O-2526-70. No amendment, extension, or repeal…",https://mccmeetingspublic.blob.core.usgovcloudapi.net/normanok-meet-72426e3e5b8c42009e3aeaac17771ca8/ITEM-Attachment-001-093cd31f987e49a2b5c00ab7b9dace53.pdf|https://mccmeetingspublic.blob.core.usgovcloudapi.net/normanok-meet-72426e3e5b8c42009e3aeaac17771ca8/ITEM-Attachment-004-7cfd0212a1104fd3bdfcd13cc3a6171e.pdf|https://www.kgou.org/politics-and-government/2026-06-25/norman-city-council-enacts-data-center-moratorium,ok-norman-2026,false,false,2026-09-23,
nm-ok-oklahoma-city-2026,city,Oklahoma City,OK,40109,4055000,35.47299,-97.51705,temporary moratorium,data center; greater than 75 MW; exemptions noted,active,2026-04-21,,,false,City is using the pause to evaluate impacts and draft zoning code amendments for data centers,https://mccmeetingspublic.blob.core.usgovcloudapi.net/normanok-meet-93d3b31223804fc4803505685c728db2/ITEM-Attachment-001-f8b815b5a3914095ad34820661bee242.pdf|https://www.okc.gov/News-articles/Oklahoma-City-Council-approves-moratorium-on-new-data-centers|https://111things.com/local-headlines/okc-keeps-data-center-moratorium-adds-two-project-exemptions/|https://freepressokc.com/city-councils-data-center-exemptions-raise-questions-of-favoritism/|https://freepressokc.com/city-council-puts-hold-on-data-centers-to-study-electricity-water-use/,ok-oklahoma-city-2026,false,false,2026-09-23,
nm-ok-pawhuska-2026,city,Pawhuska,OK,40113,4057600,36.66334,-96.34012,temporary moratorium,data center,active,2026-04-14,,,false,"City will gather information and develop zoning, permitting, and performance-standard recommendations",https://cantrellfirm.com/blog/data-center-notice-adjacent-landowners-oklahoma/|https://www.newson6.com/data-centers-in-oklahoma/pawhuska-data-center-oklahoma|https://www.okenergytoday.com/2026/04/data-center-moratorium-in-pawhuska/,ok-pawhuska-2026,false,false,2026-09-23,
nm-ok-seminole-nation-of-oklahoma-2026,tribal,Seminole Nation of Oklahoma,OK,40133,,35.15560,-96.49250,permanent ban,data center,active,2026-03-07,,,false,Moratorium adopted before project approval; permanent replacement framework not identified,https://mccmeetingspublic.blob.core.usgovcloudapi.net/normanok-meet-93d3b31223804fc4803505685c728db2/ITEM-Attachment-001-f8b815b5a3914095ad34820661bee242.pdf|https://www.sno-nsn.gov|https://turtletalk.blog/2026/08/20/data-centers-in-indian-country/|https://www.kosu.org/show/stateimpact-oklahoma/2026-06-25/as-data-centers-eye-oklahoma-tribes-weigh-the-costs|https://www.kgou.org/indigenous-news/2026-06-25/as-data-centers-eye-oklahoma-tribes-weigh-the-costs|https://nativenewsonline.net/sovereignty/seminole-nation-of-oklahoma-passes-moratorium-on-data-centers/,ok-seminole-nation-of-oklahoma-2026,false,false,2026-09-23,
nm-ok-shawnee-2026,city,Shawnee,OK,40125,4066800,35.32729,-96.92530,temporary moratorium,data center,active,2026-08-17,,,false,"Shawnee City Commission adopted a moratorium freezing new data center applications through the end of 2027, directing staff to study power and water impacts and update city regulations before the…",https://mytownview.com/oklahoma/pottawatomie/shawnee/meetings/20675-commission-meeting-city-of-shawnee-oklahoma-2026-08-17|https://hoodline.com/2026/08/shawnee-freezes-new-data-center-deals-through-2027-in-7-0-vote/|https://www.news9.com/data-centers-in-oklahoma/shawnee-approves-temporary-moratorium-on-new-data-centers,ok-shawnee-2026,false,false,2026-09-23,
nm-ok-tulsa-2026,city,Tulsa,OK,40143,4075000,36.15631,-95.99275,temporary moratorium,data center; exemptions noted,active,2026-03-25,,,false,Planning Office must report to Council approximately every 60 days on zoning-code review and recommendations,https://mccmeetingspublic.blob.core.usgovcloudapi.net/normanok-meet-93d3b31223804fc4803505685c728db2/ITEM-Attachment-001-f8b815b5a3914095ad34820661bee242.pdf|https://www.cityoftulsa.org/apps/CouncilDocuments?item=49527|https://cantrellfirm.com/blog/data-center-notice-adjacent-landowners-oklahoma/|https://www.cityoftulsa.org/apps/CouncilDocuments?item=49563|https://tulsaflyer.org/2026/08/24/government/post/tulsa-pause-data-centers-expires-this-year/,ok-tulsa-2026,false,false,2026-09-23,
nm-or-city-of-hillsboro-2026,city,City of Hillsboro,OR,41067,4134100,45.51525,-122.98942,temporary moratorium,data center+battery storage,active,2026-07-27,2026-11-24,120,false,Enacted moratorium on new data center and battery storage land-use applications while the city studies impacts and develops code amendments.,https://hillsboro-oregon.civicweb.net/document/262117/Resolution%20No.%202932%20Amended_Signed.pdf?handle=C97A1C3169FE4BC4998D8D111641180C|https://www.opb.org/article/2026/07/27/hillsboro-approves-data-center-moratorium,or-city-of-hillsboro-2026,false,false,2026-07-31,
nm-or-clackamas-county-undated,county,Clackamas County,OR,41005,,45.16088,-122.23050,temporary moratorium,data center,pending,,,,false,Board of Commissioners voted unanimously to begin the formal process for a countywide data center moratorium; not yet adopted as of this pass.,https://www.opb.org/article/2026/08/05/clackamas-county-to-consider-data-center-moratorium/|https://www.thecooldown.com/green-tech/clackamas-county-oregon-data-center-moratorium-process/|https://www.kptv.com/2026/09/15/woodburn-pauses-new-data-center-projects-120-days/,or-clackamas-county-undated,true,true,2026-09-23,
nm-or-salem-2026,city,Salem,OR,41047,4164900,44.93916,-123.03312,temporary moratorium,data center,active,2026-09-21,2027-01-19,120,false,City Council unanimously adopted a 120-day moratorium halting data center construction while the city develops permanent zoning and land-use regulations.,https://www.statesmanjournal.com/story/news/local/2026/09/21/salem-unanimously-passes-moratorium-on-data-centers/91875871007/,or-salem-2026,false,false,2026-09-23,
nm-or-woodburn-2026,city,Woodburn,OR,41047,4183750,45.14373,-122.85537,temporary moratorium,data center,active,2026-09-14,2027-01-12,120,false,City Council unanimously adopted a 120-day moratorium on considering new data center applications while the city reviews and potentially revises its development code.,https://www.statesmanjournal.com/story/news/local/2026/09/15/woodburn-oregon-places-120-day-moratorium-on-new-data-centers-in-city/91765659007/|https://katu.com/news/local/new-data-center-in-hillsboro-could-be-200-feet-away-from-high-school-portland-oregon-tech-controversy-environment-politics-local-community,or-woodburn-2026,false,false,2026-09-23,
nm-pa-adams-township-butler-county-2026,township,Adams Township (Butler County),PA,42019,4201900300,40.71736,-80.01287,temporary moratorium,data center+solar+general,active,2026-07-13,2027-01-09,180,false,"Adams Township Board of Supervisors adopted a 180-day moratorium (via a June 22, 2026 motion, formalized by resolution on July 13, 2026) on six business types including data centers and large-scale…",https://www.butlereagle.com/20260623/adams-township-passes-data-center-moratorium/|https://www.butlereagle.com/20260714/adams-twp-takes-the-next-step-toward-data-center-amendment/,pa-adams-township-butler-county-2026,false,false,2026-09-23,
nm-pa-bensalem-township-2026,township,Bensalem Township,PA,42017,4201705616,40.10455,-74.95128,temporary moratorium,data center+solar+wind,active,2026-06-08,2026-12-05,180,false,Active as of 2026-07-31; 180-day curative-amendment period from 2026-06-08. No data center application was pending at adoption.,https://bensalempa.gov/wp-content/uploads/2026/06/Council-Minutes-060826.pdf,pa-bensalem-township-2026,false,false,2026-07-31,
nm-pa-brookville-borough-2026,town,Brookville Borough,PA,42065,4209224,41.16043,-79.07947,temporary moratorium,data center,active,2026-06-16,,180,false,"Active as of 2026-09-23, running toward its computed 180-day expiry (~2026-12-13/14). Adopted by unanimous Borough Council motion on 2026-06-16, pausing data center development in the borough and…",https://www.explorejeffersonpa.com/local/2026/06/17/brookville-approves-180-day-data-center-moratorium-over-water-concerns-176517/|https://www.thecourierexpress.com/jeffersonian_democrat/news/local/brookville-council-imposes-180-day-moratorium-on-intro-of-data-centers/article_6f4e563b-61f6-4bef-8f8a-1e4442c067b2.html|https://radio.wpsu.org/2026-06-24/brookville-borough-council-passes-180-day-moratorium-on-data-center-development,pa-brookville-borough-2026,false,true,2026-09-23,
nm-pa-buffalo-township-2026,township,Buffalo Township (Butler County),PA,42019,4201910000,40.71491,-79.73850,temporary moratorium,data center,active,2026-08-12,2027-02-08,180,false,"Buffalo Township Board of Supervisors created a municipal curative amendment, giving the township 180 days to draft data-center zoning rules and effectively barring new data-center proposals during…","https://nominatim.openstreetmap.org/search?q=Buffalo+Township,+Butler+County,+Pennsylvania|https://www.butlereagle.com/20260814/buffalo-township-implements-180-day-data-center-moratorium/",pa-buffalo-township-2026,false,false,2026-09-23,
nm-pa-butler-township-2026,township,Butler Township (Luzerne County),PA,42079,4207910480,41.03958,-75.98805,temporary moratorium,data center,active,2026-05-12,2026-11-08,180,false,Active as of 2026-07-31; 180-day curative-amendment period from 2026-05-12.,https://www.butlertownship.org/news/2026-resolution-no-05122026-adopting-a-municipal-curative-amendment.html,pa-butler-township-2026,false,false,2026-09-23,
nm-pa-center-township-2026,township,Center Township (Butler County),PA,42019,4201912024,40.93293,-79.92657,temporary moratorium,data center+general,active,2026-06-10,,180,false,"Active as of 2026-09-23, running toward its computed 180-day expiry (~2026-12-07). No data center application had been filed in Center Township as of adoption; the pause was adopted proactively,…",https://www.butlereagle.com/20260611/center-township-places-moratorium-on-data-center-development/|https://www.butlereagle.com/20260731/how-municipalities-across-butler-county-are-getting-ahead-of-data-center-development/,pa-center-township-2026,false,true,2026-09-23,
nm-pa-clinton-township-wayne-county-2026,township,Clinton Township (Wayne County),PA,42127,4212714352,41.64473,-75.40155,temporary moratorium,data center,active,2026-04-30,,180,false,Clinton Township (Wayne County) Board of Supervisors voted on 2026-04-30 to impose a six-month moratorium on data-center applications while it finalized a data-center ordinance; the township…,"https://www.riverreporter.com/stories/we-dont-want-you-here-clinton-township-hears-resident-input-on-data-centers,258514|https://www.audacy.com/wilknews/news/local/clinton-township-rejects-proposed-6-billion-linde-data-center-project|https://www.riverreporter.com/stories/competing-timelines-clinton-considers-options-for-data-center-regulations,265286|https://www.riverreporter.com/stories/will-a-moratorium-hold-up,262103",pa-clinton-township-wayne-county-2026,true,true,2026-09-23,
nm-pa-conewago-township-york-county-2026,township,Conewago Township (York County),PA,42133,4213315656,40.05602,-76.79751,temporary moratorium,data center,active,2026-07-07,2027-01-03,180,false,"Conewago Township Board of Supervisors unanimously adopted Resolution 2026-13 on 2026-07-07, a 180-day moratorium on data-center applications (ending 2027-01-03), while it develops a Data Center…",https://www.conewagotwp.com/wp-content/uploads/Special-Meeting-Presentation-07.23.2026.pdf,pa-conewago-township-york-county-2026,false,false,2026-09-23,
nm-pa-dorrance-township-2025,township,Dorrance Township,PA,42079,4207919616,41.09590,-75.99611,temporary moratorium,data center,replaced,2025-08-11,2026-02-07,180,false,"Dorrance Township Board of Supervisors adopted a temporary moratorium on data-center applications on 2025-08-11, which was replaced about six weeks later by a permanent zoning amendment (2025-09-22)…",https://www.citizensvoice.com/2025/08/14/dorrance-twp-supervisors-look-at-blocking-data-centers/|https://www.standardspeaker.com/2025/09/22/dorrance-twp-amends-zoning-ordinance-to-address-data-centers/,pa-dorrance-township-2025,false,false,2026-09-23,
nm-pa-doylestown-township-2026,township,Doylestown Township,PA,42017,4201719792,40.30116,-75.10313,temporary moratorium,data center,active,2026-06-16,2026-12-13,180,false,"Doylestown Township Board of Supervisors voted on June 16, 2026 to begin a 180-day municipal curative amendment process, temporarily freezing any data-center applications while the township drafts…",https://bucksindependence.com/doylestown-township-moves-to-block-data-center-applications-while-crafting-zoning-rules/,pa-doylestown-township-2026,false,false,2026-09-23,
nm-pa-east-whiteland-township-2026,township,East Whiteland Township,PA,42029,4202922056,40.04599,-75.55119,temporary moratorium,data center,active,2026-03,,180,false,East Whiteland Township Board of Supervisors initiated a municipal curative amendment in March 2026 to add data-center zoning standards; a resident working group helped draft the resulting…,https://www.eastwhiteland.org/news_detail_T2_R309.php|https://www.thecentersquare.com/pennsylvania/article_06f92bfc-34c1-430c-9487-375bde5c9415.html|https://www.foodandwaterwatch.org/2026/05/05/east-whiteland-pa-data-center-developer-withdraws-application-after-fierce-public-opposition/,pa-east-whiteland-township-2026,false,true,2026-09-23,
nm-pa-falls-township-2026,township,Falls Township (Bucks County),PA,42017,4201725112,40.17407,-74.79213,temporary moratorium,data center,active,2026-07-27,2027-01-23,180,false,"Falls Township Board of Supervisors voted July 27, 2026 to declare part of its zoning ordinance substantively invalid as to data centers, opening a 180-day curative-amendment period to draft new…",https://www.fallstwp.com/resources/news/article/?id=11671|https://fallstwp.com/resources/news/article/?id=11671|https://levittownnow.com/2026/07/28/falls-twp-declares-part-of-zoning-ordinance-invalid-after-data-center-outcry/,pa-falls-township-2026,false,false,2026-09-23,
nm-pa-gregg-township-union-county-2026,township,Gregg Township (Union County),PA,42119,4211931480,41.11838,-76.93211,temporary moratorium,data center; 240 megawatts,active,2026-08-20,2027-02-16,180,false,"Gregg Township (Union County) Board of Supervisors adopted Resolution 2026-03, a moratorium on new data-center applications (excluding the pending PNK Group application), to allow time to complete a…",https://www.northcentralpa.com/business/gregg-township-supervisors-approve-data-center-moratorium-pnks-still-on-the-table/article_0b0c06b6-6371-4756-b607-26a3bc7193d7.html,pa-gregg-township-union-county-2026,false,false,2026-09-23,
nm-pa-hazle-township-2026,township,Hazle Township,PA,42079,4207933376,40.95719,-76.06007,temporary moratorium,data center,active,2026-06-08,2026-12-05,180,false,Board of Supervisors unanimously adopted a 180-day curative amendment pausing consideration of new data-center applications while permanent zoning language is drafted.,https://www.foodandwaterwatch.org/2026/06/09/hazle-township-pa-pauses-data-center-development-for-six-months/|https://html.duckduckgo.com/html/?q=Hazle+Township+Luzerne+County+Pennsylvania+data+center+moratorium+ordinance+180+days,pa-hazle-township-2026,false,false,2026-07-31,
nm-pa-little-britain-township-2026,township,Little Britain Township,PA,42071,4207143832,39.78528,-76.09835,temporary moratorium,data center,active,2026-07-14,2027-01-10,180,false,"Little Britain Township Board of Supervisors unanimously adopted a resolution on 2026-07-14 imposing a 180-day moratorium on data-center applications, following a preliminary June 9, 2026 vote to…",https://lancasteronline.com/news/regional/little-britain-township-board-passes-resolution-to-pause-development-of-new-data-centers/article_950d45f1-c201-404f-b792-e2b0e7ea984e.html|https://lancasteronline.com/news/regional/little-britain-places-180-day-moratorium-on-data-center-applications-to-develop-ordinance/article_f0366ba4-3af9-41e5-bdd1-3d371891a571.html,pa-little-britain-township-2026,false,false,2026-09-23,
nm-pa-lycoming-county-2026,county,Lycoming County,PA,42081,,41.34727,-77.02204,temporary moratorium,data center,active,2026-06-18,,180,false,"Active as of 2026-09-23, running toward its 180-day statutory ceiling (~2026-12-15). The county's Planning & Community Development Department, working with consultant Entech Engineering, introduced…",https://lycomingcountypa.gov/Documents/Government/Commissioners/Draft%20Agendas%20and%20Minutes/2026/Minutes/06.18.2026%20Minutes.pdf?t=202609030933290|https://lycomingcountypa.gov/MEETING%20AGENDA%206-18-26_final.pdf?t=202606151125280|https://www.sungazette.com/uncategorized/2026/06/lycoming-county-declares-data-center-ordinance-invalid-seeks-curative-amendment/|https://www.lockhaven.com/news/local-news/2026/09/lycoming-county-planning-commission-gets-first-look-at-draft-data-center-amendment/,pa-lycoming-county-2026,false,true,2026-09-23,
nm-pa-montour-county-2025,county,Montour County,PA,42093,,41.02895,-76.66158,temporary moratorium,data center,replaced,2025-11-18,2026-05-17,180,false,"Following the 2026-02-12 denial of Talen Energy's zoning map amendment, the county completed and enacted the Data Center Land Use Ordinance (Ordinance 1-2026) on 2026-04-14, permitting data centers…",https://www.montourcounty.gov/getmedia/736f67da-5e43-49a3-84c4-ad3874978210/Ordinance-1-of-2026-Signed.pdf|https://www.montourcounty.gov/departments/zoning,pa-montour-county-2025,false,false,2026-07-31,
nm-pa-morrisville-borough-2026,town,Morrisville Borough,PA,42017,4251144,40.21013,-74.77523,temporary moratorium,data center,active,2026-07-21,2027-01-17,180,false,Morrisville Borough Council adopted a resolution on 2026-07-21 declaring part of its zoning ordinance invalid and opening a 180-day curative-amendment/waiting period to draft data-center zoning…,https://bucksindependence.com/morrisville-borough-prepares-ordinance-change-aimed-at-data-centers-bucks-round-up-july-30-2026/|https://www.thereporteronline.com/2026/08/03/falls-and-morrisville-to-address-zoning-issues-around-data-centers/,pa-morrisville-borough-2026,false,false,2026-09-23,
nm-pa-mount-carmel-township-2026,township,Mount Carmel Township,PA,42097,4209751504,40.79538,-76.43879,temporary moratorium,data center,active,2026-05-18,2026-11-14,180,false,"Mount Carmel Township Board of Supervisors adopted a 180-day moratorium on data-center proposals on 2026-05-18 to allow time to draft a curative-amendment zoning ordinance, with a public-comment…",https://www.mctownship.org/|https://www.wnep.com/article/news/local/northumberland-county/hundreds-in-mt-carmel-township-speak-out-in-opposition-to-data-center-development-northumberland-county/523-94daabda-0f98-40b6-b3c0-4cd82a2e43a0,pa-mount-carmel-township-2026,false,false,2026-09-23,
nm-pa-muncy-township-2026,township,Muncy Township,PA,42081,4208152280,41.25403,-76.79914,temporary moratorium,data center,active,2026-04-28,2027-01-23,270,false,Active as of 2026-07-31; nine-month pause from the 2026-04-28 vote runs to approximately late January 2027 unless superseded by earlier zoning adoption.,https://www.muncytwp.org/wp-content/uploads/2026/05/M2026.4.28-April-special-pdf.pdf|https://www.sungazette.com/news/top-news/2026/05/muncy-township-passes-9-month-moratorium-on-data-centers/,pa-muncy-township-2026,false,false,2026-07-31,
nm-pa-smithfield-township-2026,township,Smithfield Township (Monroe County),PA,42089,4208971344,41.00732,-75.13250,temporary moratorium,data center,replaced,2026-05-06,2026-11-02,180,false,"Smithfield Township Board of Supervisors adopted Resolution No. 621, opening a municipal curative-amendment window that it used to adopt (on 2026-08-12, ahead of the Nov. 2, 2026 deadline) a…",https://smithfieldtownship.com/otp/dcca/,pa-smithfield-township-2026,false,false,2026-09-23,
nm-pa-upper-burrell-township-2026,township,Upper Burrell Township,PA,42129,4212978768,40.54704,-79.67201,temporary moratorium,data center; exemptions noted,active,2026-05,,180,false,"Upper Burrell Township Board of Supervisors adopted a 180-day moratorium/curative amendment on new data-center development (excluding already-permitted TECfusions work), to allow time to draft a…",https://www.publicsource.org/upper-burrell-data-center-transparency-backlash/|https://triblive.com/local/valley-news-dispatch/upper-burrell-puts-temporary-pause-on-new-data-center-developments/,pa-upper-burrell-township-2026,false,true,2026-09-23,
nm-pa-warrington-township-2026,township,Warrington Township (York County),PA,42133,4213381056,40.06567,-76.93687,temporary moratorium,data center,active,2026-05-13,,,false,"Active as of 2026-09-23. The administrative pause on Data Center Uses (begun by a March 11, 2026 motion, ratified by Resolution 2026-09 on May 13, 2026) remains in force; the Township adopted…",https://warringtontwp.org/wp-content/uploads/2026/07/July-Agenda-1.pdf|https://warringtontwp.org/wp-content/uploads/2026/06/2026-15-Warrington-Follow-up-Resolution-Moratorium.pdf|https://warringtontwp.org/index.php/2026/06/12/resolutions-scheduled-for-board-action/|https://savrn.com/data-center-moratorium-tracker/pennsylvania,pa-warrington-township-2026,false,true,2026-09-23,
nm-pa-west-mahanoy-township-2026,township,West Mahanoy Township,PA,42107,4210783408,40.78410,-76.20415,temporary moratorium,data center+solar,active,2026-09-15,2027-03-14,180,false,"West Mahanoy Township Board of Supervisors adopted a resolution declaring its zoning ordinance invalid as to data centers and solar farms, triggering a 180-day municipal curative-amendment period…",https://shensentinel.com/news/west-mahanoy-invokes-six-month-moratorium-on-data-centers-solar-farms-mulls-regulations/,pa-west-mahanoy-township-2026,false,false,2026-09-23,
nm-pa-west-whiteland-township-2026,township,West Whiteland Township,PA,42029,4202984192,40.02428,-75.62432,temporary moratorium,data center,active,2026-05,,180,false,"West Whiteland Township Board of Supervisors invoked a municipal curative amendment declaring its zoning ordinance deficient for regulating data centers, giving the township 180 days (through…",https://citizenportal.ai/articles/8209298/pennsylvania/chester-county/west-whiteland/township-to-rewrite-data-center-rules-after-board-invokes-180-day-municipal-cure|https://www.thecentersquare.com/pennsylvania/article_06f92bfc-34c1-430c-9487-375bde5c9415.html,pa-west-whiteland-township-2026,true,true,2026-09-23,
nm-pa-williamsport-2026,city,Williamsport,PA,42081,4285312,41.24116,-77.00111,temporary moratorium,data center,active,2026-07-09,2027-01-05,180,false,"Williamsport City Council adopted Resolution #10088 on 2026-07-09, a 6-0 vote declaring the city's zoning ordinance substantively invalid as to data centers and opening a 180-day curative-amendment…",https://mytownview.com/pennsylvania/lycoming/williamsport/meetings/14220-city-council-2026-07-09|https://cityofwilliamsport.org/wp-content/uploads/2026/06/10088.pdf|https://www.northcentralpa.com/news/williamsport-council-declares-zoning-ordinance-invalid-to-regulate-data-centers/article_cfe3d818-47ae-4818-9e78-af038341df63.html,pa-williamsport-2026,false,false,2026-09-23,
nm-ri-westerly-2026,town,Westerly,RI,44009,4476820,41.37760,-71.82729,temporary moratorium,data center,active,2026-07-27,2027-07-27,365,false,"Adopted by voice vote after a public hearing at the July 27, 2026 regular Town Council meeting; no recorded opposition.",https://clerkshq.com/Content/Attachments/Westerly-ri/260713_8d.pdf?clientSite=Westerly-ri|https://upriseri.com/article/westerly-council-adopts-one-year-data-center-moratorium-sends-four-charter-questions-to-november-ballot/,ri-westerly-2026,false,false,2026-09-23,
nm-sc-anderson-county-2026,county,Anderson County,SC,45007,,34.52583,-82.65296,temporary moratorium,data center,active,2026-08-18,2027-02-14,180,false,"Adopted six-month moratorium on acceptance, processing, or approval of data center development applications.",https://www.andersoncountysc.org/wp-content/uploads/2026/08/8.18.2026-County-Council-Agenda-Packet.pdf|https://www.foxcarolina.com/2026/08/20/anderson-county-council-approves-final-reading-six-month-data-center-moratorium/,sc-anderson-county-2026,false,false,2026-09-23,
nm-sc-chester-county-2026,county,Chester County,SC,45023,,34.68599,-81.15451,temporary moratorium,data center,active,2026-07-20,2027-01-16,180,false,Approved six-month moratorium on new data center development.,https://chestercountysc.gov/wp-content/uploads/2026/01/07.20.2026-agenda-packet_RedactedPublic_Redacted.pdf|https://chestercountysc.gov/chester-county-council-approves-1st-reading-of-6-month-data-center-pause/|https://www.wbtv.com/2026/07/21/chester-county-council-approves-6-month-data-center-moratorium/|https://www.wsoctv.com/news/local/chester-county-approves-6-month-data-center-moratorium/AAKGJV6MMZCAZELAWDMJLWIZR4/?outputType=amp,sc-chester-county-2026,false,false,2026-09-23,
nm-sc-chesterfield-county-2026,county,Chesterfield County,SC,45025,,34.65006,-80.14178,temporary moratorium,data center+cryptocurrency mining,active,2026-06-01,,,false,Adopted long-term temporary moratorium on data center and related approvals in unincorporated Chesterfield County.,https://www.chesterfieldcountysc.com/_files/ugd/bbbea3_1bea1565d6784e8badf4f098e6a2073f.pdf|https://www.chesterfieldcountysc.com/ordinances,sc-chesterfield-county-2026,false,false,2026-09-23,
nm-sc-clarendon-county-2026,county,Clarendon County,SC,45027,,33.66535,-80.22770,temporary moratorium,data center+battery storage,active,2026-09-14,2027-03-13,180,false,Adopted six-month moratorium on data center and battery energy storage system approvals outside industrially zoned areas.,"https://www.wistv.com/2026/09/15/clarendon-county-council-advances-third-final-reading-data-center-moratorium/|https://manninglive.com/stories/data-center-moratorium-advances-amid-questions-about-public-notice,196495",sc-clarendon-county-2026,false,false,2026-09-23,
nm-sc-colleton-county-2026,county,Colleton County,SC,45029,,32.86207,-80.67711,temporary moratorium,data center+battery storage,replaced,2026-07-06,2027-01-02,180,false,"Adopted six-month moratorium in July 2026 (Ordinance 26-O-04); on 2026-09-14 the county partially repealed that moratorium and replaced it, for areas west of I-95 and already-industrial-zoned land,…",https://www.colletoncounty.org/sites/default/files/uploads/agendas/9-14-26-special-called-meeting.pdf|https://www.colletoncounty.org/sites/default/files/uploads/Ordinances/26-o-04-data-ctr-moratorium.pdf|https://www.live5news.com/2026/09/15/colleton-county-approves-controversial-data-center-rules-despite-pushback/|https://www.postandcourier.com/rising-waters/data-center-colleton-county-zoning/article_7e2de544-6b94-4578-885a-1150ed570bf2.html|https://www.live5news.com/2026/07/08/6-month-pause-data-center-developments-colleton-county-lawsuit-paused/?outputType=amp,sc-colleton-county-2026,false,false,2026-09-23,
nm-sc-fairfield-county-2026,county,Fairfield County,SC,45039,,34.40918,-81.11312,temporary moratorium,data center,active,2026-09-14,2027-09-14,365,false,"Adopted twelve-month moratorium on data center permitting, construction, and development.",https://www.fairfieldsc.com/uploads/uploads/Ordinance_856_-_Data_Center_Moratorium.pdf|https://www.thestate.com/news/politics-government/article317114740.html,sc-fairfield-county-2026,false,false,2026-09-23,
nm-sc-greenwood-county-2026,county,Greenwood County,SC,45047,,34.14898,-82.11288,temporary moratorium,data center,active,2026-07-21,2027-07-21,365,false,Adopted one-year moratorium on new data center approvals by a 4-3 third-reading vote.,https://www.indexjournal.com/news/greenwood-county-council-passes-one-year-moratorium/article_c5a2e436-a698-4d1e-ac19-881415107eac.html|https://www.foxcarolina.com/2026/07/21/greenwood-co-council-approves-final-reading-one-year-moratorium-data-centers/|https://www.indexjournal.com/news/industry-takes-notice-site-selectors-already-asking-about-greenwood-county-s-12-month-pause-as/article_01923c78-87a6-48b0-b917-b3d67da31f4e.html,sc-greenwood-county-2026,true,false,2026-09-23,
nm-sc-jasper-county-2026,county,Jasper County,SC,45053,,32.40486,-81.04147,temporary moratorium,data center+cryptocurrency mining,pending,2026-09-21,2027-09-21,365,false,"Council approved second reading of a one-year moratorium on applications for data centers, data processing and crypto mining on 2026-09-21; third and final reading set for the next meeting.",https://www.aol.com/articles/council-approves-second-reading-one-090403000.html|https://www.wtoc.com/2026/09/22/jasper-county-council-approves-1-year-moratorium-data-centers/,sc-jasper-county-2026,true,false,2026-10-07,
nm-sc-kershaw-county-2026,county,Kershaw County,SC,45055,,34.33344,-80.56699,temporary moratorium,data center+cryptocurrency mining,active,2026-09-22,,365,false,"Adopted one-year moratorium on data centers, cryptocurrency mining operations, and data processing facilities.",https://www.wistv.com/2026/09/23/kershaw-county-council-passes-temporary-moratorium-data-centers/|https://kccurrent.com/article/kershaw-county-council-advances-12-month-data-center-moratorium-20260909,sc-kershaw-county-2026,false,true,2026-09-23,
nm-sc-laurens-county-2026,county,Laurens County,SC,45059,,34.46464,-81.99440,temporary moratorium,data center,active,2026-09-14,2027-09-14,365,false,Adopted one-year moratorium on new data center development in unincorporated Laurens County.,https://www.foxcarolina.com/2026/09/14/laurens-county-council-votes-approve-one-year-data-center-pause/|https://www.wyff4.com/article/laurens-county-blocks-data-center-development/73732782,sc-laurens-county-2026,false,false,2026-09-23,
nm-sc-mount-pleasant-undated,town,Mount Pleasant,SC,45019,4548535,32.79280,-79.86783,temporary moratorium,data center,pending,,,,false,Recommended; council vote status unconfirmed,,sc-mount-pleasant-undated,true,true,2026-09-23,
nm-sc-newberry-county-2026,county,Newberry County,SC,45071,,34.32669,-81.58301,temporary moratorium,data center,active,2026-06-05,,365,false,One-year countywide data center moratorium adopted and later unanimously reconfirmed,https://www.newberrycounty.gov/sites/default/files/uploads/documents/ordinance-06-01-2026.pdf|https://www.foxcarolina.com/2026/07/16/newberry-county-council-unanimously-confirms-year-long-moratorium-data-centers/|https://www.islandpacket.com/news/local/community/beaufort-news/article317167591.html|https://news.google.com/rss/search?q=%22Newberry%20County%22%20%22year-long%20moratorium%22&hl=en-US&gl=US&ceid=US:en|https://news.google.com/rss/search?q=Newberry%20County%20South%20Carolina%20data%20center%20moratorium&hl=en-US&gl=US&ceid=US:en,sc-newberry-county-2026,false,true,2026-09-23,
nm-sc-orangeburg-county-2026,county,Orangeburg County,SC,45075,,33.40549,-80.77843,temporary moratorium,data center+cryptocurrency mining,active,2026-09-08,2027-09-08,365,false,"Adopted one-year moratorium halting acceptance, review, or action on rezoning, special exceptions, special use permits, building permits, site plans, and incentive approvals for data centers, data…",https://www.orangeburgcounty.org/AgendaCenter/ViewFile/Agenda/_09082026-563|https://www.yahoo.com/news/videos/orangeburg-county-just-hit-pause-000040099.html,sc-orangeburg-county-2026,false,false,2026-09-23,
nm-sc-spartanburg-county-2026,county,Spartanburg County,SC,45083,,34.93703,-81.99559,temporary moratorium,data center; 65 megawatts; exemptions noted,active,2026-09-21,2027-09-21,365,false,"Adopted one-year moratorium on new data center development, with amendments exempting facilities of 65 megawatts or less on qualifying industrial sites.",https://www.postandcourier.com/spartanburg/politics/spartanburg-county-data-center-moratorium/article_9c5b5c7b-2bfd-41f0-8a87-ad048ba9187a.html|https://www.foxcarolina.com/2026/09/22/spartanburg-county-council-passes-data-center-moratorium-with-several-amendments/,sc-spartanburg-county-2026,false,false,2026-09-23,
nm-sc-sumter-county-2026,county,Sumter County,SC,45085,,33.89988,-80.32370,temporary moratorium,data center+battery storage+solar,active,2026-08-11,2027-02-07,180,false,"Approved an emergency 60-day pause on solar, BESS, and data center applications in June 2026; advanced (second reading) three parallel 180-day moratorium ordinances in July 2026 whose final adoption…",https://www.sumtercountysc.gov/Council Documents/Minutes/8.11.26_minutes_FINAL.pdf|https://www.sumtercountysc.gov/Council Documents/Agendas/7.21.26_special_called.pdf|https://www.sumtercountysc.gov/our_council/council_news_.php|https://www.sumtersc.gov/sites/default/files/uploads/Departments/Planning/BoardsCommissions/PC/2026/August/oa-26-01-data-centers-county.pdf|https://www.yahoo.com/news/us/articles/sumter-county-considers-moratoriums-solar-014031264.html|https://wach.com/news/local/sumter-county-moves-toward-temporary-pause-on-solar-farms-data-centers-battery-sites|https://www.islandpacket.com/news/local/community/beaufort-news/article317167591.html,sc-sumter-county-2026,false,false,2026-09-23,
nm-sc-york-county-2026,county,York County,SC,45091,,34.96033,-81.16554,temporary moratorium,data center; exemptions noted,active,2026-07-13,2027-04-09,270,true,Adopted nine-month moratorium on data center land-use approvals in unincorporated York County.,"https://yorkcosc.api.civicclerk.com/v1/Meetings/GetMeetingFileStream(fileId=5415,plainText=false)|https://www.yorkcountysc.gov/1313/Data-Centers",sc-york-county-2026,false,false,2026-07-31,
nm-sd-aberdeen-2026,city,Aberdeen,SD,46013,4600100,45.46498,-98.48781,temporary moratorium,data center,active,2026-07-20,,,false,"Adopted 7-0 on first reading and passage at the July 20, 2026 regular City Council meeting; published July 23, 2026.",https://aberdeeninsider.com/city-of-aberdeen-notice-of-resolution-26-07-04r/|https://dakotabroadcasting.com/city-attorney-ron-wager-discusses-potential-data-center-ordinance-at-city-council-meeting/,sd-aberdeen-2026,false,false,2026-09-23,
nm-sd-yankton-county-2026,county,Yankton County,SD,46135,,43.01152,-97.39676,temporary moratorium,data center+cryptocurrency mining,active,2026-07-21,2027-01-17,180,false,Enacted six-month moratorium after an initial motion for a 12-month term failed for lack of a second.,https://intuviosolutions.blob.core.windows.net/templator-uploads/Uploads/documents/25/minutes/82233_2026-21-07%20Minutes.pdf|https://intuviosolutions.blob.core.windows.net/templator-uploads/Uploads/documents/25/07-21-2026%20Commission%20Meeting%20Packet.pdf|https://intuviosolutions.blob.core.windows.net/templator-uploads/Uploads/documents/25/Data%20Center%20Moratorium.pdf|https://www.ktiv.com/2026/07/22/data-center-moratorium-passes-yankton-county-south-dakota/?outputType=amp,sd-yankton-county-2026,false,false,2026-09-23,
nm-state-az-hb-4168-2026,state,HB 4168 (2026),AZ,,,,,permit pause,incentive moratorium,active,2026-07-01,,,false,"Section 31 imposes a three-year moratorium, 2026-07-01 through 2029-06-30, on new applications to the state data center tax relief program under A.R.S. 41-1519. It suspends eligibility for the…",https://www.azleg.gov/legtext/57leg/2R/laws/0140.htm,az-hb-4168-2026,false,false,,
nm-state-ny-executive-order-no-62-2026,state,Executive Order No. 62 (2026),NY,,,,,executive order,permit pause (state agency),active,2026-07-14,,,false,"Binding state-agency permitting restriction for data centers that consume or can consume 50 MW or more: DEC must hold incomplete discretionary permits, approvals, licenses, and similar permissions… Ends: Ends when DPS submits the final Generic Environmental Impact Statement and associated findings statement; the order excludes local-government permits, approvals, licenses, and similar permissions.",https://www.governor.ny.gov/executive-order/no-62-establishing-temporary-moratorium-data-centers-new-york-while-state-develops,ny-executive-order-no-62-2026,false,false,,
nm-state-ny-s6486d-a7389c-2021-2022-enacted,state,"S6486D / A7389C (2021-2022, enacted)",NY,,,,,permit pause,permit pause (crypto mining only),active,2022-11-22,,,false,Enacted a two-year moratorium on DEC permits for certain fossil-fueled proof-of-work cryptocurrency mining operations and required a generic environmental impact statement.,https://nyassembly.gov/leg/?default_fld=&leg_video=&bn=A07389&term=2021&Summary=Y&Actions=Y&Committee%26nbspVotes=Y&Floor%26nbspVotes=Y|https://www.nysenate.gov/legislation/bills/2021/s6486,ny-s6486d-a7389c-2021-2022-enacted,false,false,,
nm-state-tx-abbott-2026-08-03-data-center-audit-directive,state,"Governor Abbott August 3, 2026 Data Center Audit Directive",TX,,,,,executive order,interconnection pause (ERCOT Batch Zero audit),active,2026-08-03,,,false,"Directs PUCT and ERCOT to verify and audit every data center advancing through ERCOT interconnection before it may move forward, pausing the Batch Zero process pending the required review. Ends: Until the PUCT/ERCOT verification and audit completes; ERCOT reports due to PUCT 2026-12-10.",https://www.ercot.com/files/docs/2026/09/11/14-Batch-Zero-Update.pdf|https://gov.texas.gov/news/post/governor-abbott-directs-comprehensive-data-center-audit|https://www.ercot.com/services/comm/mkt_notices/M-A080326-01,tx-abbott-2026-08-03-data-center-audit-directive,false,false,,
nm-tn-anderson-county-2026,county,Anderson County,TN,47001,,36.10632,-84.18499,temporary moratorium,data center+cryptocurrency mining+battery storage,active,2026-06-15,2028-06-14,730,false,"Active as of 2026-09-23 per news reporting; two-year moratorium on data centers, cryptocurrency mining facilities, and large battery storage facilities adopted by motion (McNabb/Allen) at the…",https://andersoncountytn.gov/wp-content/uploads/2026/06/Consent-Agenda-Docs-6.15.26.pdf|https://andersoncountytn.gov/2026/06/09/anderson-county-to-consider-zoning-safeguards-for-cryptocurrency-data-centers-battery-energy-storage/|https://andersoncountyplanning.com/wp-content/uploads/2026/06/zoning-amendments.pdf|https://www.mycouriernews.com/articles/2026/06/11193/no-data-centers-crypto-batteries-for-two-years|https://www.mycouriernews.com/articles/2026/07/11260/clinton-approves-six-month-hold-on-data-centers|https://www.wvlt.tv/2026/06/16/anderson-county-commission-proposes-2-year-moratorium-local-data-centers/,tn-anderson-county-2026,true,false,2026-09-23,
nm-tn-blount-county-undated,county,Blount County,TN,47009,,35.67197,-83.93145,temporary moratorium,data center+cryptocurrency mining,pending,,,365,false,Pending as of 2026-09-23; Planning Commission recommendation forwarded to the County Commission; adoption not found.,https://cpo.soar.com/articles/8611931/Blount-County/Tennessee/Planning-commission-recommends-one-year-moratorium-on-AI-data-centers-and-crypto-mining|https://www.thedailytimes.com/news/blount-county-planning-commission-requests-12-month-moratorium-on-ai-data-centers-while-it-develops/article_02323a27-16df-46e7-8cda-bd059e2916c4.html,tn-blount-county-undated,true,true,2026-09-23,
nm-tn-bristol-2025,city,Bristol,TN,47163,4708540,36.59450,-82.18852,temporary moratorium,data center+cryptocurrency mining; exemptions noted,active,2025-10-24,,730,false,"Planning Commission directed a drafting committee with City Council, BTES, water department, and planning staff representation to prepare a data center ordinance by 2026-07-01 for Planning…",https://www.bristoltn.gov/AgendaCenter/ViewFile/Agenda/_10072025-1721|https://tennesseelookout.com/2026/07/30/east-tennessee-cities-are-gearing-up-to-fight-data-center/|https://www.supertalk929.com/2025/09/10/bristol-tn-leaders-vote-for-two-year-moratorium-for-data-centers/,tn-bristol-2025,true,true,2026-09-23,
nm-tn-carter-county-2026,county,Carter County,TN,47019,,36.28408,-82.11948,temporary moratorium,data center+cryptocurrency mining,active,2026-08-17,2027-08-17,365,false,One-year moratorium adopted 20-1,https://elizabethton.com/2026/08/18/one-year-moratorium-passes-for-ai-data-centers-in-carter-county/|https://wcyb.com/news/local/carter-county-commission-approves-moratorium-on-data-centers-for-1-year,tn-carter-county-2026,false,false,2026-09-23,
nm-tn-cedar-hill-2026,town,Cedar Hill,TN,47147,4711980,36.55143,-86.99917,temporary moratorium,data center+cryptocurrency mining,active,2026-06-01,2028-05-31,730,false,Two-year moratorium on data centers and cryptocurrency mining adopted,https://mainstreetmediatn.com/articles/news-robertsoncountyconnection/cedar-hill-imposes-moratorium-on-data-centers-within-city-limits/|https://www.wsmv.com/2026/06/02/cedar-hill-imposes-two-year-moratorium-data-centers/|https://news.google.com/rss/search?q=%22Cedar%20Hill%22%20Robertson%20County%20%22two-year%20moratorium%22&hl=en-US&gl=US&ceid=US:en|https://news.google.com/rss/search?q=Cedar%20Hill%20Tennessee%20data%20center%20moratorium&hl=en-US&gl=US&ceid=US:en,tn-cedar-hill-2026,true,false,2026-09-23,
nm-tn-charleston-2026,city,Charleston,TN,47011,4713020,35.28584,-84.75750,permit pause,data center+cryptocurrency mining,active,2026-09-08,2027-09-08,365,false,Ordinance adopted unanimously on second reading,https://www.clevelandbanner.com/news/charleston-passes-data-center-moratorium/article_6dacb5c1-3344-5e61-aac7-ca057caf8250.html|https://www.clevelandbanner.com/news/charleston-planners-propose-data-center-moratorium/article_59eb0899-22c1-51bc-b80f-b90408218bbb.html,tn-charleston-2026,true,false,2026-09-23,
nm-tn-clinton-2026,city,Clinton,TN,47001,4715580,36.10341,-84.13186,temporary moratorium,data center,active,2026-06-22,2026-12-19,180,false,"Active as of 2026-09-23 per news reporting; six-month moratorium approved unanimously 2026-06-22 (motion Maness, second Gann), running to about 2026-12-22, while staff and the Planning Commission…",https://www.mycouriernews.com/articles/2026/07/11260/clinton-approves-six-month-hold-on-data-centers,tn-clinton-2026,true,false,2026-09-23,
nm-tn-cocke-county-2026,county,Cocke County,TN,47029,,35.94671,-83.10398,temporary moratorium,data center+battery storage+cryptocurrency mining,active,2026-06-15,,,false,Moratorium adopted; replaced a narrower battery-storage-only proposal from the public safety committee,https://citizenportal.ai/articles/8185955/tennessee/cocke-county/cocke-county-enacts-one-year-moratorium-on-data-centers-and-battery-storage|https://www.newportplaintalk.com/news/article_c8680181-62c1-4404-a79b-c61d7907d421.html,tn-cocke-county-2026,false,false,2026-09-23,
nm-tn-coffee-county-2026,county,Coffee County,TN,47031,,35.49061,-86.06963,temporary moratorium,data center,active,2026-06-09,2027-06-09,365,false,Active as of researched_as_of; a related public hearing on permanent zoning amendments (Resolution 2006-39) was pending as of July 14,https://www.coffeecountytn.gov/AgendaCenter/ViewFile/Minutes/_06092026-832|https://www.coffeecountytn.gov/AgendaCenter/ViewFile/Agenda/_06092026-832,tn-coffee-county-2026,false,false,2026-07-31,
nm-tn-crossville-undated,city,Crossville,TN,47035,4718540,35.94968,-85.02748,temporary moratorium,data center+cryptocurrency mining; exemptions noted,active,2026-08-11,2028-08-11,730,false,"Active as of 2026-09-23; Ordinance 26-0286 adopted on third and final reading 2026-08-11, imposing a 24-month moratorium (through about 2028-08-11) on new conditional use permits, site plans, and…",https://3bmedianews.com/crossville-city-council-reverses-wholesale-water-rate-increase-enacts-data-center-moratorium/|https://www.mainstreetjournal.llc/crossville-city-council-passes-data-center-moratorium/|https://theucnow.com/2026/07/28/crossville-council-halts-development-of-new-data-centers/|https://theucnow.com/2026/07/14/crossville-council-approves-new-data-center-moratorium/,tn-crossville-undated,false,false,2026-09-23,
nm-tn-cumberland-county-2026,county,Cumberland County,TN,47035,,35.95381,-84.97482,temporary moratorium,data center,active,2026-06-15,2028-06-14,730,false,Active as of researched_as_of,https://cumberlandcountytn.gov/wp-content/uploads/2019/07/2026-06-15-County-Commission-Monthly-Meeting-Agenda.pdf|https://allenfoster.com/2026/06/15/county-mayors-notes-june-15th-2026/,tn-cumberland-county-2026,false,false,2026-07-31,
nm-tn-dickson-county-2026,county,Dickson County,TN,47043,,36.14593,-87.34806,temporary moratorium,data center,active,2026-07-20,2027-01-16,180,false,Six-month moratorium adopted,https://citizenportal.ai/articles/9876159/tennessee/dickson-county/dickson/commission-maintains-sixmonth-moratorium-on-data-centers-planning-commission-to-recommend-regulations|https://mainstreetmediatn.com/articles/dicksonpost/dickson-county-commission-votes-on-data-center-moratorium/,tn-dickson-county-2026,true,false,2026-09-23,
nm-tn-gallatin-undated,city,Gallatin,TN,47165,4728540,36.38830,-86.44759,temporary moratorium,data center; exemptions noted,pending,,,180,false,Pending as of 2026-09-23; passed first reading 2026-09-15; second reading pending.,https://www.newschannel5.com/news/state/tennessee/sumner-county/gallatin-city-council-advances-6-month-moratoriums-on-apartment-and-data-center-construction|https://mainstreetmediatn.com/articles/gallatinnews/gallatin-may-pause-apartments-data-centers/|https://statenewsfoundation.org/2026/08/another-tennessee-city-moves-closer-to-temporarily-banning-data-centers/,tn-gallatin-undated,true,true,2026-09-23,
nm-tn-grundy-county-2026,county,Grundy County,TN,47061,,35.36979,-85.71066,temporary moratorium,data center+cryptocurrency mining,active,2026-05-18,2028-05-18,731,false,Active as of 2026-09-23 per news reporting; NewsChannel 9 (2026-07-16) lists Grundy County among local governments with a pause in place.,https://newschannel9.com/news/local/more-tennessee-georgia-towns-hit-pause-on-rural-data-centers-as-power-water-worries-grow|https://wpln.org/post/tennessee-communities-are-blocking-data-centers-nashville-could-be-next/|https://www.sewaneemessenger.com/headlines/?post_id=3474&title=trend-setting-grundy-county-data-center-moratorium,tn-grundy-county-2026,true,false,2026-09-23,
nm-tn-hamblen-county-undated,county,Hamblen County,TN,47063,,36.20681,-83.26799,temporary moratorium,data center+cryptocurrency mining; 5 MW,active,2026-09-24,2027-09-24,365,false,Hamblen County Commission approved a one-year interim moratorium on high-intensity electrical load facilities such as large data centers while land-use regulations are drafted.,https://citizenportal.ai/articles/10350047/Tennessee/Hamblen-County/Hamblen-County-adopts-one-year-moratorium-on-high-intensity-electrical-load-facilities|https://citizenportal.ai/articles/10411143/tennessee/hamblen-county/hamblen-county-adopts-one-year-moratorium-on-highintensity-electrical-load-facilities|https://hamblencountytn.gov/?ddownload=10505|https://hamblencountytn.gov/ai-datacenter-moratorium/|https://citizenportal.ai/articles/9150245/tennessee/hamblen-county/hamblen-county-adopts-request-for-one-year-moratorium-on-high-intensity-electrical-load-facilities|https://citizenportal.ai/articles/9150245/Hamblen-County/Tennessee/Hamblen-County-adopts-request-for-one-year-moratorium-on-high-intensity-electrical-load-facilities,tn-hamblen-county-undated,true,false,2026-10-09,
nm-tn-johnson-city-2025,city,Johnson City,TN,47179,4738320,36.31677,-82.35290,temporary moratorium,data center+cryptocurrency mining; exemptions noted,extended,2025-06-05,2026-12-03,,true,"Same meeting adopted Ordinance 4914-25, adding data centers as a permitted I-2 use with conditions. Standards include enclosed operations, 200-foot residential separation, 60-foot front setback,…",https://www.wjhl.com/news/local/jc-commission-extends-data-center-moratorium/|https://www.969wxbq.com/johnson-city-commission-votes-to-extend-data-center-moratorium/|https://tennesseelookout.com/2026/07/30/east-tennessee-cities-are-gearing-up-to-fight-data-center/,tn-johnson-city-2025,false,false,2026-09-23,
nm-tn-jonesborough-2025,town,Jonesborough,TN,47179,4738540,36.29449,-82.47341,temporary moratorium,data center+cryptocurrency mining,replaced,2025-10-13,,730,false,"Pending. Ordinance directs study by the Planning Commission, Board of Mayor and Aldermen, and staff.",https://www.jonesboroughtn.org/wp-content/uploads/5-11-2026-BMA-Minutes.pdf|https://jonesboroughtn.org/wp-content/uploads/5-19-26-Planning-Commission-Paceket.pdf|https://tennesseelookout.com/2026/07/30/east-tennessee-cities-are-gearing-up-to-fight-data-center/,tn-jonesborough-2025,false,true,2026-09-23,
nm-tn-kingston-springs-2026,town,Kingston Springs,TN,47021,4739660,36.10200,-87.11500,temporary moratorium,data center,active,2026-08-20,2027-08-20,365,false,Ordinance adopted on second reading,https://mainstreetmediatn.com/articles/cce-print/kingston-springs-moves-to-regulate-data-centers-large-resorts-with-new-ordinances/,tn-kingston-springs-2026,true,false,2026-09-23,
nm-tn-knox-county-2026,county,Knox County,TN,47093,,35.98600,-83.93756,temporary moratorium,data center; 5 MW; exemptions noted,active,2026-06-22,2027-06-30,373,false,Active as of researched_as_of,https://commission.knoxcountytn.gov/wp-content/uploads/Commission-Agenda-June-2026.pdf|https://commission.knoxcountytn.gov/forums/topic/data-center-moratorium/|https://www.wvlt.tv/2026/06/23/data-center-builds-one-year-delay-knox-county-votes-adopt-one-year-moratorium/,tn-knox-county-2026,false,false,2026-07-31,
nm-tn-knoxville-2026,city,Knoxville,TN,47093,4740000,35.96039,-83.92103,temporary moratorium,data center,active,2026-07-07,2027-07-07,365,false,"Active as of 2026-09-23 per news reporting; emergency ordinance passed unanimously 2026-07-07, running to 2027-07-07 or until zoning amendments take effect.",https://www.wvlt.tv/2026/07/16/we-want-protect-our-clean-air-clean-water-knoxville-mayor-says-after-emergency-data-center-pause-passes/|https://www.wate.com/news/knox-county-news/knoxville-data-center-moratorium/|https://www.knoxvilletn.gov/news/2026/cc_approves_waterfront_plan_data_ctr_moratorium|https://www.wvlt.tv/2026/07/08/knoxville-joins-list-areas-pressing-pause-data-centers/,tn-knoxville-2026,true,false,2026-09-23,
nm-tn-lafollette-2026,city,LaFollette,TN,47013,4740180,36.38286,-84.11992,temporary moratorium,data center,active,2026-08-04,2027-08-04,365,false,Ordinance approved 4-0,https://www.themountainpress.com/lafollette/news/lafollette-council-approves-one-year-moratorium-on-data-centers/article_daba441c-2205-5e7f-8644-c21e36e2770d.html,tn-lafollette-2026,true,false,2026-09-23,
nm-tn-loudon-2026,city,Loudon,TN,47105,4743780,35.73850,-84.35225,temporary moratorium,data center; exemptions noted,active,2026-08-24,2027-08-24,365,false,Resolution adopted 3-2; consultant-drafted regulations to return to council,https://loudoncounty-tn.gov/wp-content/uploads/2026/06/20260629_CommissionMeeting_Packet.pdf|https://www.newstalk987.com/2026/08/25/loudon-city-council-approves-one-year-pause-on-new-data-center-development/|https://3bmedianews.com/loudon-city-council-votes-to-pause-new-data-center-construction/|https://www.wvlt.tv/2026/06/30/loudon-county-approves-pause-data-centers/,tn-loudon-2026,false,false,2026-09-23,
nm-tn-loudon-county-2026,county,Loudon County,TN,47105,,35.74900,-84.32029,temporary moratorium,data center,active,2026-06-29,2026-12-26,180,false,Active as of researched_as_of,https://loudoncounty-tn.gov/wp-content/uploads/2026/06/20260629_CommissionMeeting_Packet.pdf|https://www.wvlt.tv/2026/06/30/loudon-county-approves-pause-data-centers/|https://www.newstalk987.com/2026/08/25/loudon-city-council-approves-one-year-pause-on-new-data-center-development/|https://3bmedianews.com/loudon-city-council-votes-to-pause-new-data-center-construction/,tn-loudon-county-2026,false,false,2026-09-23,
nm-tn-maury-county-2026,county,Maury County,TN,47119,,35.62860,-87.07367,temporary moratorium,data center,active,2026-07-20,2027-07-20,365,false,Moratorium adopted,https://www.columbiadailyherald.com/story/news/2026/07/23/maury-county-commission-approves-one-year-moratorium-on-data-centers/90980194007/|https://mainstreetmediatn.com/articles/mainstreetmaury/maury-county-commission-passes-data-center-moratorium/,tn-maury-county-2026,false,false,2026-09-23,
nm-tn-mcminnville-2026,city,McMinnville,TN,47177,4745100,35.68340,-85.76998,temporary moratorium,"data center; 25 MW; >96,000 sq ft",active,2026-06-03,2027-11-30,545,true,"18-month moratorium adopted, blocking acceptance/processing/approval of data center land-use, zoning, building, site-plan, and conditional-use permit applications pending impact studies",https://www.wsmv.com/2026/06/03/mcminnville-approves-18-month-moratorium-new-data-centers-creating-requirements-numerous-impact-studies/,tn-mcminnville-2026,false,false,2026-07-31,
nm-tn-memphis-undated,city,Memphis,TN,47157,4748000,35.14603,-90.05178,temporary moratorium,data center+cryptocurrency mining; exemptions noted,pending,,,365,false,Third and final reading of the amended 12-month moratorium was postponed 7-5 on 2026-10-06 after protests; vote reset to 2026-10-20.,https://www.wsmv.com/2026/10/06/data-center-moratorium-vote-ends-abruptly-amid-protests-fistfight/|https://www.wcax.com/2026/10/07/data-center-moratorium-vote-postponed-after-fight-protests/|https://www.actionnews5.com/2026/09/25/city-leaders-break-down-revised-data-center-moratorium-ahead-final-vote/|https://wreg.com/wp-content/uploads/sites/18/2026/08/Data-Center-Temporary-Moratorium-Ordinance-v2.pdf|https://tri-statedefender.com/council-member-jb-smiley-to-roll-out-amended-memphis-data-center-moratorium/09/17/|https://wreg.com/news/local/moratorium-vote-on-new-data-centers-pushed-to-oct-6/|https://tri-statedefender.com/city-council-votes-to-pause-the-expansion-of-data-centers-study-the-issue/08/20/|https://www.memphisflyer.com/council-hears-data-center-guideline-proposals-as-moratorium-passes-second-reading/,tn-memphis-undated,true,true,2026-10-07,
nm-tn-moore-county-2026,county,Moore County,TN,47127,,35.28356,-86.34115,temporary moratorium,data center,active,2026-04-20,2028-04-19,730,true,Adopted,,tn-moore-county-2026,false,false,2026-09-23,
nm-tn-morgan-county-2026,county,Morgan County,TN,47129,,36.13724,-84.62950,temporary moratorium,data center,active,2026-06-12,2028-06-11,730,false,Active as of 2026-09-23 per news reporting; two-year resolution adopted 2026-06-12.,https://www.morgancountytn.gov/county-commission/|https://www.themountainpress.com/morgan/news/morgan-county-passes-resolution-preventing-ai-data-centers-for-2-years/article_a632d5e3-a4c0-57c4-aba6-a660f76ccca6.html|https://www.wvlt.tv/2026/08/13/knox-co-zoning-commission-approves-recommendation-one-year-moratorium-data-centers/|https://www.wvlt.tv/2026/07/08/knoxville-joins-list-areas-pressing-pause-data-centers/,tn-morgan-county-2026,true,false,2026-09-23,
nm-tn-nashville-davidson-county-2026,city,Nashville-Davidson County,TN,47037,4752006,36.21681,-86.59819,temporary moratorium,"data center; >500,000 square feet",active,2026-07-24,2026-12-01,,false,"Active as of 2026-09-23; BL2026-1448 (as amended) runs through 2026-12-01 regardless of the companion zoning bills BL2026-1391/1392, which also passed third reading on 2026-07-21. No extending or…",https://nashville.legistar.com/LegislationDetail.aspx?ID=8063111&GUID=2A6E536A-95F6-46B9-993A-1F6E018DD389&FullText=1|https://nashville.legistar.com/LegislationDetail.aspx?GUID=2A6E536A-95F6-46B9-993A-1F6E018DD389&ID=8063111|https://nashvillebanner.com/2026/07/21/nashville-data-center-regulations-moratorium/|https://www.wsmv.com/2026/07/22/metro-council-passes-first-data-center-regulations-nashville-heres-what-changes/|https://www.wsmv.com/2026/07/22/metro-council-passes-first-data-center-regulations-nashville-tennessee/,tn-nashville-davidson-county-2026,false,false,2026-09-23,
nm-tn-paris-2026,city,Paris,TN,47079,4756720,36.30195,-88.32586,temporary moratorium,data center,active,2026-07,,,false,Adopted,,tn-paris-2026,true,true,2026-09-23,
nm-tn-rhea-county-2026,county,Rhea County,TN,47143,,35.61239,-84.93473,temporary moratorium,data center+cryptocurrency mining,active,2026-07-21,,,false,Moratorium adopted unanimously,https://www.rheaheraldnews.com/news/article_46ed3dcf-b04c-4701-a757-9203bd43bbd9.html|https://3bmedianews.com/rhea-county-pauses-new-data-centers-and-crypto-mining-in-unanimous-vote/,tn-rhea-county-2026,false,false,2026-09-23,
nm-tn-roane-county-undated,county,Roane County,TN,47145,,35.84857,-84.52255,temporary moratorium,data center+battery storage+cryptocurrency mining,pending,,,730,false,Pending as of 2026-09-23; awaiting a Regional Planning Commission recommendation and a final commission vote.,https://www.themountainpress.com/roane/news/pause-on-data-centers-while-nuclear-renaissance-presses-on/article_ab82992e-3ccf-5351-9a66-f7757fb17a0d.html|https://www.wvlt.tv/2026/07/14/they-are-monster-deal-with-during-emergency-events-another-east-tennessee-county-moves-closer-pausing-data-centers/,tn-roane-county-undated,true,true,2026-09-23,
nm-tn-sevierville-undated,city,Sevierville,TN,47155,4767120,35.86729,-83.56572,temporary moratorium,data center,active,2026-08-17,2028-02-13,545,false,"Active as of 2026-09-23; Ordinance O2026-011 was adopted on third and final reading 2026-08-17 (unanimous), imposing an 18-month moratorium on data centers and high-density computing facilities in…",https://www.seviervilletn.org/AgendaCenter/ViewFile/Agenda/_08172026-107|https://www.seviervilletn.org/AgendaCenter/ViewFile/Agenda/_09212026-110|https://www.themountainpress.com/news/sevierville-considers-moratorium-for-data-centers/article_516fa139-b191-5248-a052-4b2d0038bf59.html|https://news.kingsofrealestate.com/sevierville-data-center-moratorium-second-reading-2026/,tn-sevierville-undated,false,false,2026-09-23,
nm-tn-shelbyville-2026,city,Shelbyville,TN,47003,4767760,35.48341,-86.46027,temporary moratorium,data center+cryptocurrency mining,active,2026-07-07,2027-07-08,365,false,"Active as of 2026-09-23; Resolution 22-26 bars permits, zoning approvals, building approvals, text amendments, utility extensions, and development agreements for data center facilities through…",https://www.shelbyvilletn.org/Planning/2026/Reso%2022-26%20Moratorium%20on%20Data%20Centers%207.7.2026.pdf?t=202607090934120|https://citizenportal.ai/articles/8303261/tennessee/bedford-county/shelbyville/planning-commission-meetings/planning-commission-backs-one-year-moratorium-and-industrial-classif|https://www.wsmv.com/video/2026/07/09/shelbyville-city-council-passes-data-center-moratorium/,tn-shelbyville-2026,false,false,2026-09-23,
nm-tn-smithville-undated,city,Smithville,TN,47041,4769320,35.96062,-85.81415,temporary moratorium,data center+cryptocurrency mining,active,2026-08-03,2028-02-03,545,false,Active as of 2026-09-23; Ordinance 543 took effect on final passage 2026-08-03 and runs 18 months (to about 2028-02-03) or until permanent zoning amendments are adopted.,https://www.wjle.com/city-gives-final-nod-to-18-month-data-center-moratorium-ordinance/|https://www.ucbjournal.com/smithville-enacts-18-month-moratorium-on-data-centers/|https://www.wjle.com/city-data-center-18-month-moratorium-approved-on-first-reading/,tn-smithville-undated,false,false,2026-09-23,
nm-tn-sparta-2026,city,Sparta,TN,47185,4770180,35.92589,-85.46413,temporary moratorium,data center,active,2026-07-16,2027-01-12,180,false,Moratorium adopted unanimously,"https://www.spartatn.gov/sites/default/files/Agenda%206-18-26.pdf|https://www.spartatn.gov/sites/default/files/July%2016%2C%202026_0.pdf|https://spartalive.com/stories/data-centers-put-on-moratorium-in-city,204636|https://theucnow.com/2026/06/19/sparta-board-approves-moratorium-on-new-data-centers/",tn-sparta-2026,false,false,2026-09-23,
nm-tn-spring-city-2026,town,Spring City,TN,47143,4770400,35.69201,-84.86078,temporary moratorium,data center+cryptocurrency mining,active,2026-07-30,2028-07-29,730,false,Ordinance adopted after public hearing,https://newschannel9.com/news/local/spring-city-considers-2-year-pause-on-ai-data-centers-rhea-county-moratorium-cryptocurrency-mining-artificial-intelligence-planning|https://www.wdef.com/spring-city-approves-two-year-moratorium-on-ai-data-centers/,tn-spring-city-2026,false,false,2026-09-23,
nm-tn-sullivan-county-2025,county,Sullivan County,TN,47163,,36.49667,-82.28690,temporary moratorium,data center+cryptocurrency mining; exemptions noted,extended,2026-01,,365,true,"PMD-3 Planned Manufacturing District (data and energy processing) zoning amendment adopted by the County Commission on 2026-06-11 (18-0, six absent) after approval by the Sullivan County, Kingsport,…",https://sullivancountytn.gov/wp-content/uploads/December-2025-Monthly-Meeting.pdf|https://sullivancountytn.gov/wp-content/uploads/Sullivan-Commission-Work-Session-January-8-2026.pdf|https://sullivancountytn.gov/wp-content/uploads/Sullivan-Commission-Agenda-November-20-2025.pdf|https://app.govly.com/public/meetings/37407|https://timesnews.net/news/377394/sullivan-commission-approves-crypto-miningdata-center-zoning/|https://www.wjhl.com/news/local/sullivan-county-commission-votes-to-create-zoning-district-for-data-centers/|https://www.hvbcgroup.com/news/?p=170917,tn-sullivan-county-2025,false,true,2026-09-23,
nm-tn-trousdale-county-undated,county,Trousdale County,TN,47169,,36.38824,-86.13322,temporary moratorium,data center,pending,,,365,false,Pending as of 2026-09-23; Planning Commission recommendation only.,https://www.lebanondemocrat.com/hartsville/planning-commission-recommends-one-year-moratorium-on-data-centers/article_48bcf0fe-7a0e-52a3-84b8-14ca5000ede6.html,tn-trousdale-county-undated,true,true,2026-09-23,
nm-tn-unincorporated-hamilton-county-2026,county,Unincorporated Hamilton County,TN,47065,,35.17556,-85.19408,temporary moratorium,data center,active,2026-07-15,2027-07-15,365,false,"Active as of 2026-09-23 per news reporting; one-year moratorium on new data centers in unincorporated Hamilton County approved unanimously 2026-07-15, running through July 2027.",https://www.hamiltontn.gov/MediaReleases/Mayor%20Wamp%20Proposes%20One-Year%20Moratorium%20on%20New%20Data%20Centers%20in%20Unincorporated%20Hamilton%20County.pdf|https://www.wdef.com/hamilton-county-commission-approves-one-year-moratorium-on-new-data-centers/|https://www.timesfreepress.com/news/2026/jul/15/hamilton-county-commission-approves-yearlong-data/,tn-unincorporated-hamilton-county-2026,true,false,2026-09-23,
nm-tn-warren-county-2026,county,Warren County,TN,47177,,35.68897,-85.77966,temporary moratorium,data center,active,2026-06-22,2027-06-22,365,false,"Active as of 2026-09-23 per news reporting; 12-month moratorium adopted 2026-06-22 on the Economic and Agriculture Committee's recommendation, extendable; the county plans to seek a private act in…",https://d2425.cms.socastsrm.com/2026/06/23/warren-commission-passes-data-center-moratorium/|https://theucnow.com/2026/06/23/warren-commission-passes-data-center-moratorium/,tn-warren-county-2026,true,false,2026-09-23,
nm-tn-washington-county-2026,county,Washington County,TN,47179,,36.26365,-82.49118,temporary moratorium,data center+cryptocurrency mining,active,2026-03-23,2027-06-30,,false,Zoning Office staff and the Washington County Regional Planning Commission were requested to study the uses and recommend zoning text amendments or other regulations.,https://www.wjhl.com/news/local/washington-county-commission-approves-data-center-moratorium/|https://tennesseelookout.com/2026/07/30/east-tennessee-cities-are-gearing-up-to-fight-data-center/|https://postindustrial.com/stories/east-tennessee-cities-are-gearing-up-to-fight-data-center/,tn-washington-county-2026,false,false,2026-09-23,
nm-tn-white-county-2026,county,White County,TN,47185,,35.92459,-85.46309,temporary moratorium,data center,active,2026-07-20,,,false,"Active as of 2026-09-23 per news reporting; the indefinite resolution remains on the books, but without county zoning it has limited legal force: a rumored 4.9 MW crypto/data-mining facility on a…","https://www.wsmv.com/2026/08/10/white-county-executive-reviews-legal-options-after-proposed-data-center-bypasses-local-ban/|https://d2425.cms.socastsrm.com/2026/07/21/white-county-passes-indefinite-ban-on-data-centers/|https://spartalive.com/stories/commissioners-say-no-to-data-centers,206586|https://spartalive.com/stories/data-center-rumored-to-arrive-in-white-county,210324|https://hoodline.com/2026/08/white-county-s-data-center-ban-meets-its-match-on-pleasant-hill-road/|https://theucnow.com/2026/07/21/white-county-passes-indefinite-ban-on-data-centers/",tn-white-county-2026,true,false,2026-09-23,
nm-tn-wilson-county-2026,county,Wilson County,TN,47189,,36.14667,-86.31200,temporary moratorium,data center+cryptocurrency mining,active,2026-07-20,2027-01-16,180,false,"Moratorium adopted; committee drafting permanent zoning (berms, 40 dBA/60 dBC noise limits, utility capacity requirements)",https://mainstreetmediatn.com/articles/chronicleofmtjuliet/wilson-county-approves-six-month-data-center-moratorium/|https://www.wkrn.com/news/local-news/wilson-county-committee-votes-for-6-month-moratorium-on-data-centers/|https://mainstreetmediatn.com/articles/chronicleofmtjuliet/data-center-committee-examines-ordinance/,tn-wilson-county-2026,false,false,2026-09-23,
nm-tx-austin-county-2026,county,Austin County,TX,48015,,29.89165,-96.24435,permit pause,data center+battery storage,active,2026-07-27,,,false,"Active as of 2026-09-23. The Commissioners Court unanimously adopted the signed order on 2026-07-27 following the July 13, 2026 public hearing; KWHI (2026-07-28) independently confirms the unanimous…",https://www.austincounty.com/upload/page/0154/BESS%20and%20DATA%20Center%20Moratorium%20Executed.pdf|https://www.austincounty.com/upload/page/0154/Austin%20County%20BESS%20and%20Data%20Center%20Order%20DRAFT%204935-9229-1730.pdf|https://newtools.cira.state.tx.us/upload/page/0154/NOTICE%20OF%20PUBLIC%20HEARING%20BESS%20Data%20Center%20Moratorium%207.13.26.pdf|https://kwhi.com/2026/07/28/austin-co-commissioners-enact-moratorium-on-data-centers-battery-energy-storage-systems/|https://whartonpost.com/2026/07/27/austin-county-approves-ai-data-center-moratorium/|https://austincountynewsonline.com/austin-county-residents-commissioners-and-cleanspark-debate-proposed-data-center-and-bess-moratorium/,tx-austin-county-2026,false,false,2026-09-23,
nm-tx-brownsville-undated,city,Brownsville,TX,48061,4810768,25.90243,-97.49817,temporary moratorium,data center,pending,,,90,false,Third public hearing and first reading 2026-10-07; final reading set 2026-11-04 (3/4 vote). Proposed 90-day moratorium 2026-11-05 to 2027-02-03 in city and ETJ.,https://texasborderbusiness.com/brownsville-city-commissions-second-public-hearing-regarding-data-center-moratorium/,tx-brownsville-undated,true,true,2026-10-07,
nm-tx-denton-undated,city,Denton,TX,48121,4819972,33.18388,-97.14134,temporary moratorium,data center,pending,,,,false,"Two-track process pending: a possible temporary (about 3-month) moratorium and separate, permanent development-code amendments; first of two required public hearings held 2026-09-22, second…",https://www.cbsnews.com/texas/news/denton-data-center-moratorium-public-hearing-september-2026/|https://communityimpact.com/denton/government/denton-city-council-starts-legal-process-for-data-center-moratorium/,tx-denton-undated,true,true,2026-09-23,
nm-tx-fort-worth-undated,city,Fort Worth,TX,48439,4827000,32.75318,-97.33275,temporary moratorium,data center,pending,,,,false,"Council initiated the legal process toward a 90-day (extendable to 180-day) data center moratorium and created an advisory commission; the moratorium itself, if ultimately adopted, would not take…",https://www.star-telegram.com/news/local/fort-worth/article316850180.html|https://fortworthreport.org/2026/09/02/fort-worth-tcu-set-to-announce-members-of-newly-formed-data-center-advisory-committee/|https://tcu360.com/2026/09/22/fort-worth-weighs-data-center-growth-as-residents-raise-concerns/,tx-fort-worth-undated,true,true,2026-09-23,
nm-tx-harlingen-2026,city,Harlingen,TX,48061,4832372,26.19075,-97.69606,temporary moratorium,data center,extended,2026-05-20,2026-12-16,120,true,120-day moratorium adopted to study potential data center impacts and modernize land use regulations,https://www.valleycentral.com/news/local-news/we-need-to-do-our-due-diligence-harlingen-approves-120-day-data-center-moratorium/|https://www.krgv.com/news/harlingen-city-officials-look-to-extend-moratorium-on-data-centers/|https://myrgv.com/publications/valley-morning-star/2026/08/20/harlingen-extending-data-center-moratorium/|https://www.rgvbusinessjournal.com/news/03/09/2026/harlingen-fluidstack-20-million-data-center-offer/|https://news.google.com/rss/search?q=Harlingen%20120-day%20data%20center%20moratorium&hl=en-US&gl=US&ceid=US:en|https://news.google.com/rss/search?q=%22Harlingen%22%20%22120-day%22%20moratorium%20when:90d&hl=en-US&gl=US&ceid=US:en,tx-harlingen-2026,false,false,2026-09-23,
nm-tx-hays-county-2026,county,Hays County,TX,48209,,30.04479,-98.03931,temporary moratorium,data center,active,2026-06-23,,,false,County reviewing data center/high-water-use project applications via new task force and checklist,,tx-hays-county-2026,true,false,2026-09-23,
nm-tx-hill-county-2026,county,Hill County,TX,48217,,31.95951,-97.08817,temporary moratorium,data center,lifted,2026-05-12,2027-05-12,365,false,One-year moratorium adopted 2026-05-12; rescinded 2026-06-04 under litigation pressure and replaced with new development-review policies,https://news.google.com/rss/search?q=%22Hill%20County%22%20%221-year%20moratorium%22%20data%20center&hl=en-US&gl=US&ceid=US:en|https://news.google.com/rss/search?q=%22Hill%20County%22%20rescinds%20data%20center%20moratorium&hl=en-US&gl=US&ceid=US:en,tx-hill-county-2026,false,false,2026-07-31,
nm-tx-lavon-2026,city,Lavon,TX,48085,4841800,33.02762,-96.43415,temporary moratorium,data center,active,2026-08-07,2026-11-05,90,false,City studying zoning/infrastructure impacts before allowing new data center applications,,tx-lavon-2026,false,false,2026-09-23,
nm-tx-lubbock-undated,city,Lubbock,TX,48303,4845000,33.58557,-101.84702,temporary moratorium,data center,pending,,,,false,"Resolution adopted to begin the legal process toward a possible 90-day (optionally extendable to 180-day) data center moratorium, following a citizen petition campaign; the moratorium ordinance…",https://www.kcbd.com/2026/09/23/city-council-adopts-resolution-regarding-large-scale-data-centers-lubbock-starting-process-potential-moratorium/,tx-lubbock-undated,true,true,2026-09-23,
nm-ut-box-elder-county-2026,county,Box Elder County,UT,49003,,41.35861,-113.21121,permit pause,data center,active,2026-06-10,2026-12-07,180,false,"Active as of 2026-07-31; 180-day pause from 2026-06-10. County officials expressly stated it does not affect the Stratos project, because the Military Installation Development Authority (MIDA), not…",https://www.boxeldercountyut.gov/DocumentCenter/View/2318/Ordinance-654---Data-Center-Moratorium|https://www.boxeldercountyut.gov/m/newsflash/home/detail/89,ut-box-elder-county-2026,false,false,2026-07-31,
nm-ut-cache-county-2026,county,Cache County,UT,49005,,41.70430,-111.74512,temporary moratorium,data center,active,2026-06-23,2026-12-20,180,false,"Active as of 2026-07-31; 180-day pause from 2026-06-23, adopted proactively with no pending data center project.",https://www.cachecounty.gov/assets/department/countycouncil/pr/dcmo.pdf|https://www.utah.gov/pmn/files/1464039.pdf,ut-cache-county-2026,false,false,2026-07-31,
nm-ut-clearfield-2026,city,Clearfield,UT,49011,4913850,41.11358,-112.02448,temporary moratorium,data center,active,2026-09-08,2027-03-07,180,false,Clearfield City Council adopted a 180-day moratorium on data center development after a zoning-determination request exposed a gap in the city's zoning code.,https://www.utah.gov/pmn/files/1485679.pdf|https://www.ksl.com/article/51622427/clearfield-leaders-ok-180-day-moratorium-on-data-center-development|https://www.standard.net/news/local/2026/sep/09/clearfield-city-council-passes-data-center-moratorium-in-wake-of-grandiose-scale-of-stratos/,ut-clearfield-2026,false,false,2026-09-23,
nm-ut-grand-county-2026,county,Grand County,UT,49019,,38.96346,-109.66199,temporary moratorium,data center,active,2026-07-07,2027-01-03,180,false,"Active as of 2026-09-23. Confirmed via Grand County's own signed July 7, 2026 Commission meeting minutes: the Commission voted 7-0 to adopt the ordinance/temporary land use regulation pausing…",https://www.utah.gov/pmn/files/1483571.pdf|https://www.utah.gov/pmn/sitemap/notice/1093241.html|https://grandcountyutah.portal.civicclerk.com/event/2938/overview|https://www.moabtimes.com/articles/grand-county-pauses-data-center-applications-to-develop-new-land-use-rules/|https://moabsunnews.com/2026/07/08/grand-county-commission-meeting-july-7-2026/|https://www.sltrib.com/news/2026/07/10/grand-county-pauses-data-center/,ut-grand-county-2026,false,false,2026-09-23,
nm-ut-iron-county-2026,county,Iron County,UT,49021,,37.85461,-113.28673,temporary moratorium,data center+solar; exemptions noted,active,2026-05-26,2026-11-22,180,false,"Active as of 2026-07-31; 180-day pause from 2026-05-26. This is distinct from the Antelope Data Center conditional-use permit the Planning Commission approved on 2026-06-04, which county staff say…",https://www.utah.gov/pmn/files/1447227.pdf|https://www.ironcountyut.gov/planning/data-center-projects,ut-iron-county-2026,false,false,2026-07-31,
nm-ut-logan-2026,city,Logan,UT,49005,4945860,41.73131,-111.83491,temporary moratorium,data center,active,2026-06-30,2026-12-27,180,false,Active as of 2026-07-31; 180-day moratorium effective 2026-07-01.,https://www.utah.gov/pmn/files/1447725.pdf|https://www.utah.gov/pmn/files/1465039.pdf|https://www.utah.gov/pmn/sitemap/notice/1092721.html,ut-logan-2026,false,false,2026-07-31,
nm-ut-milford-2026,city,Milford,UT,49001,4950040,38.39691,-113.01079,temporary moratorium,data center+solar,active,2026-06-16,2026-12-13,180,false,Staff and Planning & Zoning researching best practices and drafting siting/infrastructure standards,https://citizenportal.ai/articles/8207459/utah/beaver-county/milford/milford-adopts-180day-moratorium-on-datacenter-and-related-development,ut-milford-2026,false,false,2026-09-23,
nm-ut-sanpete-county-2026,county,Sanpete County,UT,49039,,39.36063,-111.57678,temporary moratorium,data center,active,2026-08-04,2027-01-31,180,false,"Sanpete County Commission adopted a six-month moratorium on new data center development, directing Planning and Zoning staff to draft permanent land-use regulations.",https://sanpetemessenger.com/sanpete-county-hits-pause-on-data-centers-for-6-months/,ut-sanpete-county-2026,false,false,2026-09-23,
nm-ut-wayne-county-2026,county,Wayne County,UT,49055,,38.30796,-111.12431,permit pause,data center,active,2026-07-08,2027-01-04,180,false,Active as of 2026-07-31; 180-day suspension effective 2026-07-08.,https://www.utah.gov/pmn/files/1464837.pdf|https://waynecountyutah.gov/uploads/resolution-2026-04-moratorium-on-data-centersdate-center-power-plants.pdf,ut-wayne-county-2026,false,false,2026-07-31,
nm-va-city-of-chesapeake-2026,city,City of Chesapeake,VA,51550,5116000,36.74918,-76.24425,temporary moratorium,data center,active,2026-07-21,,,false,Enacted deferral of discretionary data center land-use applications pending completion of a related comprehensive plan amendment.,https://chesapeake.granicus.com/MinutesViewer.php?clip_id=9923&doc_id=336ff5e2-85e6-11f1-bb61-005056a89546&view_id=29|https://www.whro.org/local-government/2026-07-22/chesapeake-city-council-approves-8-month-hold-on-data-center-applications|https://www.whro.org/business-growth/2026-08-18/chesapeake-moves-to-restrict-data-center-development-virginia-beach-presses-pause|https://www.vpm.org/news/2026-07-22/chesapeake-city-council-data-center-application-hold-lindley-newins-whro,va-city-of-chesapeake-2026,false,false,2026-09-23,
nm-va-fluvanna-county-2025,county,Fluvanna County,VA,51065,,37.84885,-78.27900,temporary moratorium,data center,replaced,2025-09-17,,,false,ZTA 25:10 moved data centers from by-right use to special use permit treatment in I-1 and I-2 and modified the data center definition.,,va-fluvanna-county-2025,false,false,,
nm-va-front-royal-2026,town,Front Royal,VA,51187,5129968,38.91791,-78.19181,temporary moratorium,data center,extended,2026-07-06,2026-12-03,90,true,Town council voted 6-0 to extend its data center land-use application moratorium by 60 days while drafting a permanent prohibition.,https://www.nvdaily.com/nvdaily/moratorium-extended-on-data-center-applications/article_70296165-36fc-57e3-b87e-563cbba64a59.html|https://www.frontroyalva.com/AgendaCenter/ViewFile/Minutes/_07062026-1476|https://www.nvdaily.com/nvdaily/council-oks-moratorium-on-data-center-applications/article_8bbfc9ce-d84e-5dd8-a4be-e8f9ee95cc94.html|https://www.nvdaily.com/nvdaily/council-delays-hearing-on-data-center-ban-over-concerns-about-wording/article_df9ef623-589f-5de8-9097-82fb9f34dbe5.html,va-front-royal-2026,true,false,2026-10-07,
nm-va-loudoun-county-2026,county,Loudoun County,VA,51107,,39.09846,-77.67050,temporary moratorium,data center; exemptions noted,active,2026-09-16,,,false,"Loudoun County Board of Supervisors enacted an immediate, open-ended pause on Board consideration of most new legislative data center and substation applications while it completes Phase 2 of its…",https://www.loudoun.gov/DocumentCenter/View/222331/Statement---Loudoun-Board-Enacts-Pause-on-Data-Centers|https://www.loudoun.gov/CivicAlerts.aspx?aid=10874|https://www.washingtonexaminer.com/policy/technology/4729241/loudoun-county-virginia-one-year-data-center-development-pause/|https://www.fox5dc.com/news/loudoun-county-supervisors-advance-12-month-data-center-moratorium,va-loudoun-county-2026,false,false,2026-09-23,
nm-va-suffolk-undated,city,Suffolk,VA,51800,5176432,36.72813,-76.58347,temporary moratorium,data center,pending,,,,false,Pending as of 2026-09-23. Council directed the Planning Commission on 2026-06-17 to draft a UDO amendment prohibiting data centers while regulations are developed. The Planning Commission…,https://www.whro.org/local-government/2026-06-18/suffolk-to-temporarily-ban-data-centers|https://www.whro.org/local-government/2026-09-16/suffolk-is-one-step-closer-to-temporarily-banning-data-centers,va-suffolk-undated,true,true,2026-09-23,
nm-va-virginia-beach-2026,city,Virginia Beach,VA,51810,5182000,36.84966,-75.97607,temporary moratorium,data center,active,2026-08-18,,,false,Virginia Beach City Council unanimously adopted a 12-month moratorium on new data center permits while it develops zoning definitions and regulations for the industry.,https://www.pilotonline.com/2026/08/19/virginia-beach-approves-data-center-moratorium/|https://www.wtkr.com/news/in-the-community/virginia-beach/virginia-beach-city-council-approves-12-month-moratorium-on-new-data-center-applications|https://www.whro.org/business-growth/2026-08-18/chesapeake-moves-to-restrict-data-center-development-virginia-beach-presses-pause,va-virginia-beach-2026,false,false,2026-09-23,
nm-vt-morristown-2026,town,Morristown,VT,50015,5001546675,44.56155,-72.59830,temporary moratorium,data center+general,active,2026-08-31,2028-08-30,730,false,"Adopted unanimously by the Select Board and Village Board of Trustees on 2026-08-31 after a public hearing with dozens of residents, most supportive; Morristown is the third Vermont community (after…",https://citizenportal.ai/articles/9754412/vermont/lamoille-county/morristown/morristown-select-board-adopts-twoyear-interim-moratorium-on-data-centers-and-highimpact-uses|https://www.vtcng.com/news_and_citizen/news/local_news/morristown-bans-data-centers-large-facilities/article_81243704-61e5-4703-a953-e17e6b30a956.html|https://www.sevendaysvt.com/news/constructiondevelopment/absent-state-action-vermont-towns-move-to-block-data-centers/,vt-morristown-2026,false,false,2026-09-23,
nm-wa-burien-2026,city,Burien,WA,53033,5308850,47.46992,-122.34853,temporary moratorium,data center,active,2026-06-29,2027-06-29,365,false,Active as of 2026-07-31; one-year moratorium effective 2026-06-29.,https://mrsc.org/getmedia/80f04b25-5055-4c23-845e-da2e5cff7909/b86o905.pdf|https://burienwa.civicweb.net/Portal/VotingRecords.aspx?ctl00_MainContent_VotingResultsGridChangePage=7_20&meetingTypeId=60&memberId=166&voting=1,wa-burien-2026,false,false,2026-07-31,
nm-wa-cle-elum-2026,city,Cle Elum,WA,53037,5312945,47.19524,-120.94006,temporary moratorium,data center; 20 MW,active,2026-07-31,2027-01-27,180,false,Cle Elum City Council unanimously adopted an emergency six-month moratorium on new data center facilities on 2026-07-31.,https://www.seattletimes.com/seattle-news/climate-lab/cle-elum-passed-a-data-center-ban-one-might-be-built-there-anyway/|https://www.goskagit.com/apgstate/cle-elum-calls-timeout-on-development-applications-for-data-centers/article_dbf499eb-ac33-58fa-b551-b80098fe593f.html|https://www.dailyrecordnews.com/news/formation-of-data-center-advisory-committee-underway-in-cle-elum/article_40bae367-2e91-432c-885b-bd07f51dacce.html,wa-cle-elum-2026,false,false,2026-09-23,
nm-wa-east-wenatchee-2018,city,City of East Wenatchee,WA,53017,5320155,47.41568,-120.29313,temporary moratorium,data center+cryptocurrency mining,replaced,2018-03-27,2018-09-23,180,false,"Ordinance 2019-19 added permanent cryptocurrency mining and data-center provisions in EWMC Title 17, including Douglas County PUD load verification, Department of Labor and Industries electrical…",,wa-east-wenatchee-2018,false,false,,
nm-wa-federal-way-2026,city,Federal Way,WA,53033,5323515,47.31349,-122.33931,temporary moratorium,"data center; exceeding 1 megawatt; >4,000 square feet",active,2026-07-07,2027-07-07,365,false,Active as of 2026-07-31; 12-month moratorium effective 2026-07-07.,https://mrsc.org/getmedia/976a7ae6-9dd8-4b0c-a18f-b43ea16a897d/f4o26-1048.pdf|https://www.mi-reporter.com/2026/07/08/federal-way-passes-1-year-moratorium-on-data-centers/,wa-federal-way-2026,false,false,2026-07-31,
nm-wa-kittitas-county-2026,county,Kittitas County,WA,53037,,47.10575,-120.58493,temporary moratorium,data center,extended,2026-08-10,2027-08-10,365,true,"Kittitas County Commissioners adopted an emergency six-month data center moratorium on 2026-08-10, then extended it another six months following a 2026-09-15 public hearing.",https://records.co.kittitas.wa.us/WebLink/0/doc/8321190/Page4.aspx|https://www.dailyrecordnews.com/news/commissioners-approve-ban-on-data-centers/article_f748f50c-8759-4b25-9c2b-d87aa04a5942.html|https://www.dailyrecordnews.com/ellensburg/kittitas-county-oks-proposal-to-extend-data-center-moratorium/article_566362b5-f165-4501-8e48-c8c57af6aadb.html|https://www.dailyrecordnews.com/tncms/asset/editorial/566362b5-f165-4501-8e48-c8c57af6aadb/,wa-kittitas-county-2026,false,false,2026-09-23,
nm-wa-la-conner-2026,town,La Conner,WA,53057,5336780,48.39189,-122.49425,temporary moratorium,data center,active,2026-07-28,2027-01-24,180,false,"La Conner Town Council unanimously adopted an emergency six-month moratorium on data center applications on 2026-07-28, following Skagit County's example.",https://townoflaconner.org/DocumentCenter/View/2445/72826-Town-Council-Packet|https://laconnercommunitynews.org/2026/07/29/town-approves-moratorium-on-data-centers/,wa-la-conner-2026,false,false,2026-09-23,
nm-wa-lincoln-county-2026,county,Lincoln County,WA,53043,,47.56646,-118.35886,temporary moratorium,data center+battery storage,active,2026-09,,180,false,Public hearing required within 60 days of adoption per state law,https://www.odessarecord.com/story/2026/09/17/legals/public-notice-notice-of-public-hearing/17907.html|https://www.odessarecord.com/story/2026/09/10/news/county-enacts-data-center-moratorium/17860.html,wa-lincoln-county-2026,false,true,2026-09-23,
nm-wa-marysville-2026,city,Marysville,WA,53061,5343955,48.05174,-122.17682,permit pause,data center,active,2026-07-13,2027-01-09,180,false,Active as of 2026-07-31; six-month moratorium effective 2026-07-13.,https://mrsc.org/getmedia/97250b39-93d2-4806-8eb6-3474c06b18c7/m35o3381.pdf|https://www.heraldnet.com/2026/07/15/marysville-initiates-6-month-moratorium-on-data-centers/,wa-marysville-2026,false,false,2026-09-23,
nm-wa-moses-lake-2018,city,City of Moses Lake,WA,53025,5347245,47.13014,-119.27808,temporary moratorium,cryptocurrency mining+data center,replaced,2018-05,,365,false,"Permanent code now regulates cryptocurrency mining operations, server farms, and data centers under Moses Lake Municipal Code Chapter 15.615",https://columbiabasinherald.com/news/2018/may/28/moses-lake-passes-stop-to-new-cryptocurrency-2/,wa-moses-lake-2018,false,true,2026-09-23,
nm-wa-mount-vernon-2026,city,Mount Vernon,WA,53057,5347560,48.42005,-122.32642,temporary moratorium,data center,active,2026-08-12,2027-02-08,180,false,"Mount Vernon City Council adopted a six-month moratorium on data center permit applications via Ordinance No. 3943 on 2026-08-12, following Skagit County (June 2026) and La Conner (July 2026).",https://mountvernonwa.gov/DocumentCenter/View/17946|https://bloximages.chicago2.vip.townnews.com/goskagit.com/content/tncms/assets/v3/classifieds/a/c3/ac3db2e9-0aa6-5e9e-a958-7f5a85d1910e/6aae1e7be6621.pdf.pdf|https://www.goskagit.com/news/mount-vernon-city-council-approves-6-month-data-center-moratorium/article_f131e0c2-c875-4137-b61a-5417cffc94ac.html|https://www.cascadiadaily.com/2026/aug/13/mount-vernon-temporarily-bans-data-centers/,wa-mount-vernon-2026,false,false,2026-09-23,
nm-wa-pasco-undated,city,Pasco,WA,53021,5353545,46.23067,-119.09210,temporary moratorium,data center+cryptocurrency mining,active,2026-07-20,2027-01-20,180,false,"City Council unanimously (6-0) adopted emergency Ordinance No. 4850 on 2026-07-20, imposing a six-month moratorium on data center, cryptocurrency mining, blockchain computing, and AI computing…",https://docs.pasco-wa.gov/WebLink/DocView.aspx?id=1379921&dbid=0&repo=CityofPasco|https://classifieds.mcclatchy.com/marketplace/tricity/advert/-Notices_236246|https://www.tri-cityherald.com/news/politics-government/article316598736.html|https://www.nbcrightnow.com/news/city-of-pasco-to-hold-sept-8-hearing-on-data-center-rules/article_b12f02ff-8669-4c1f-aca4-a1f2b2af06b6.html|https://www.tri-cityherald.com/news/politics-government/article317181543.html|https://www.datacenterdynamics.com/en/news/council-in-pasco-washington-unanimously-approves-six-month-data-center-moratorium/,wa-pasco-undated,false,false,2026-09-23,
nm-wa-pierce-county-2026,county,Pierce County,WA,53053,,47.00225,-122.21180,temporary moratorium,data center; over 10 MW,active,2026-08-25,2027-08-25,365,false,"County Council passed an emergency one-year moratorium (Ordinance No. 2026-557) on data centers exceeding 10 MW in unincorporated areas on 2026-08-25 by a 6-1 vote, while staff develop permanent…",https://www.piercecountywa.gov/m/newsflash/home/detail/7241|https://www.piercecountywa.gov/9112/Data-Center-Regulations,wa-pierce-county-2026,false,false,2026-09-23,
nm-wa-port-angeles-2026,city,Port Angeles,WA,53009,5355365,48.11815,-123.43074,temporary moratorium,data center,active,2026-09-01,2027-02-28,180,false,Staff directed to return with permanent regulations within the moratorium term,https://www.peninsuladailynews.com/2026/09/03/port-angeles-city-council-puts-pause-on-data-centers/|https://www.myclallamcounty.com/2026/09/17/port-angeles-keeps-data-center-moratorium-unchanged/,wa-port-angeles-2026,false,false,2026-09-23,
nm-wa-renton-2026,city,Renton,WA,53033,5357745,47.47991,-122.20345,temporary moratorium,data center,active,2026-08-17,2027-08-17,365,false,"Renton City Council unanimously approved a one-year moratorium on large data centers on 2026-08-17, following a June 1, 2026 council motion directing staff to begin drafting it.",https://www.rentonreporter.com/2026/08/19/renton-places-one-year-moratorium-on-data-centers/|https://www.rentonreporter.com/2026/06/15/renton-city-council-sets-ai-data-center-ban-in-motion/|https://www.kuow.org/stories/renton-residents-object-to-energy-storage-facility|https://washingtonstatestandard.com/2026/06/18/big-battery-farms-encounter-resistance-across-western-washington/,wa-renton-2026,false,false,2026-09-23,
nm-wa-seattle-2026,city,City of Seattle,WA,53033,5363000,47.61771,-122.34446,temporary moratorium,data center; 369 MW,active,2026-06-09,2027-06-09,365,false,"Moratorium enacted 2026-06-09; the city is using the pause and the companion Resolution 32204 working-group process to study grid, water, ratepayer, and environmental-justice impacts and to develop…",https://seattle.legistar.com/LegislationDetail.aspx?ID=8032163&GUID=86F14A6D-9247-4BB5-839E-0A26937BFD3C&FullText=1|https://council.seattle.gov/2026/06/09/city-council-passes-emergency-data-center-moratorium-and-policy-framework/,wa-seattle-2026,false,false,2026-07-31,
nm-wa-seattle-2026-2,city,Seattle,WA,53033,5363000,47.60383,-122.33006,temporary moratorium,data center,active,2026-06-09,2027-06-11,365,false,Council unanimously adopted legislation placing a temporary freeze on new data center siting pending impact studies,https://clerk.seattle.gov/~archives/Ordinances/Ord_127447.pdf|https://www.zonewire.co/meetings/seattle/5647|https://council.seattle.gov/2026/06/09/city-council-passes-emergency-data-center-moratorium-and-policy-framework/,wa-seattle-2026-2,false,false,2026-09-23,
nm-wa-skagit-county-2026,county,Skagit County,WA,53057,,48.45961,-121.73328,temporary moratorium,"data center; 2 megawatts; >2,000 square feet",active,2026-06-01,2026-11-28,180,false,Temporary ban on data centers in unincorporated Skagit County while the county considers longer-term regulation.,https://www.skagitcounty.net/Departments/Home/press/092324b.htm|https://www.skagitcounty.net/Departments/Home/press/060126.htm|https://washingtonstatestandard.com/2026/06/18/big-battery-farms-encounter-resistance-across-western-washington/|https://www.cascadiadaily.com/2026/jun/01/skagit-county-temporarily-bans-data-centers-to-protect-farmland-water/,wa-skagit-county-2026,false,false,2026-09-23,
nm-wa-skamania-county-2026,county,Skamania County,WA,53059,,45.96621,-121.92789,temporary moratorium,data center,active,2026-08-18,2027-02-14,180,false,"Skamania County Board of Commissioners adopted a moratorium on data center development, first by motion and then as Resolution 2026-22, both unanimous, at its 2026-08-18 meeting.",https://skamania-dispatch.ghost.io/a-data-center-moratorium-two-new-planning-commissioners-skamania-bocc-august-26/,wa-skamania-county-2026,false,false,2026-09-23,
nm-wa-snohomish-county-2026,county,Snohomish County,WA,53061,,48.00747,-121.73049,temporary moratorium,data center,active,2026-06-24,2026-12-21,180,false,"Active as of 2026-07-31; six-month interim control effective 2026-06-24, renewable in six-month increments after hearing and findings.",https://mrsc.org/getmedia/295de5c3-a49c-42f0-bdf2-0b21e62799cd/s61o26-026.pdf|https://snohomish.legistar.com/MeetingDetail.aspx?GUID=246E3538-EA7D-4C61-8B1C-0CA0233A054A&ID=1371488&Options=info%7C&Search=|https://lynnwoodtimes.com/2026/08/18/data-center/,wa-snohomish-county-2026,false,false,2026-09-23,
nm-wa-spokane-2026,city,Spokane,WA,53063,5367000,47.65719,-117.42351,temporary moratorium,data center,active,2026-06-23,2027-06-23,365,false,"Council passed a one-year moratorium on acceptance, processing, review, and approval of building permit applications for new data centers",https://www.spokanecounty.gov/DocumentCenter/View/73278/2026_08_18-Data-Center-Pause-Press-Release?bidId=|https://my.spokanecity.org/news/releases/2026/06/23/spokane-city-council-passes-one-year-moratorium-on-data-centers/|https://www.khq.com/news/spokane-county-commissioners-unanimously-vote-to-pause-data-center-applications/article_bac54275-0f40-4180-b715-1de4073d75e7.html,wa-spokane-2026,false,false,2026-09-23,
nm-wa-spokane-county-2026,county,Spokane County,WA,53063,,47.53550,-117.40747,permit pause,data center,active,2026-08-18,2026-12-15,,false,"Spokane County Commissioners unanimously approved a four-month pause on data center permitting, effective 2026-08-18 through 2026-12-15.",https://www.spokanecounty.gov/DocumentCenter/View/73278/2026_08_18-Data-Center-Pause-Press-Release?bidId=|https://my.spokanecity.org/news/releases/2026/06/23/spokane-city-council-passes-one-year-moratorium-on-data-centers/|https://www.khq.com/news/spokane-county-commissioners-unanimously-vote-to-pause-data-center-applications/article_bac54275-0f40-4180-b715-1de4073d75e7.html,wa-spokane-county-2026,false,false,2026-09-23,
nm-wa-wenatchee-2018,city,City of Wenatchee,WA,53007,5377105,47.42346,-120.31035,temporary moratorium,data center+cryptocurrency mining,replaced,2018-02-22,2018-08-21,180,false,"Ordinance 2019-30 added WMC 10.48.310, amended sections 10.08.050, 10.08.055, and 10.10.020 to regulate cryptocurrency mining and data centers, and repealed Ordinance 2019-04",,wa-wenatchee-2018,false,false,,
nm-wa-yakima-county-2026,county,Yakima County,WA,53077,,46.41360,-120.73025,temporary moratorium,data center,active,2026-08-11,2027-02-07,180,false,"Yakima County Commissioners unanimously adopted Resolution No. 210-2026 on 2026-08-11, imposing a six-month zoning moratorium on data centers in unincorporated Yakima County.",https://www.yakimacounty.us/AgendaCenter/ViewFile/Agenda/_08112026-1948?html=true#docaccess-f83e048042eb7d3b8025b0fbc10e006b|https://www.yakimaherald.com/news/local/government/yakima-county-commissioners-pass-six-month-data-center-moratorium/article_997dbbc7-7fe0-476a-9d92-73179f958bf7.html,wa-yakima-county-2026,false,false,2026-09-23,
nm-wi-baldwin-undated,village,Baldwin,WI,55109,5504400,44.96675,-92.37325,temporary moratorium,data center,active,2026-06,,,false,"Village Board reported to have adopted a data center moratorium of roughly one year, prompted by developments in the neighboring Village of Hammond.",https://dailyreporter.com/2026/06/05/wisconsin-counties-impose-moratoriums-on-hyperscale-data-centers/|https://www.baldwin-bulletin.com/news/village-board-making-sure-data-centers-aren-t-coming-to-baldwin/article_a380f1c9-ebf9-413d-aedd-94cd8b28e502.html|https://www.apg-wi.com/rice_lake_chronotype/news/data-center-moratoriums-on-the-rise/article_55747d7a-12df-433d-9b5d-eec35435a881.html,wi-baldwin-undated,true,true,2026-09-23,
nm-wi-beetown-2026,town,Beetown,WI,55043,5504306100,42.79499,-90.88541,temporary moratorium,data center,active,2026-04-17,2028-04-16,730,false,No exceptions may be granted for a large-scale data center during the interim period,https://townofbeetown.com/assets/files/2026/05/interim-zoning-ordianace.pdf|https://www.newmedia-wi.com/more-communities-say-no-ai-data-centers,wi-beetown-2026,false,false,2026-09-23,
nm-wi-bellevue-2026,village,Bellevue,WI,55009,5506350,44.46389,-87.95430,temporary moratorium,data center,active,2026-08-12,2027-08-12,365,true,Adopted 12-month moratorium on data center development.,https://www.nbc26.com/bellevue/village-of-bellevue-bans-data-center-development-for-12-months|https://www.thecooldown.com/green-tech/bellevue-village-data-center-moratorium/,wi-bellevue-2026,false,false,2026-09-23,
nm-wi-cassville-2026,town,Cassville,WI,55043,5513050,42.71444,-90.99077,temporary moratorium,data center; 500 megawatt,active,2026-04-16,2028-04-15,730,false,"Town electors authorized village/zoning powers and the Town Board adopted a two-year ban on data centers, blocking the proposed project.",https://wisconsinwatch.org/2026/04/wisconsin-data-center-rural-town-cassville-rejects-plan-driftless-area-zoning/|https://dailyreporter.com/2026/06/05/wisconsin-counties-impose-moratoriums-on-hyperscale-data-centers/,wi-cassville-2026,false,false,2026-09-23,
nm-wi-chippewa-county-2026,county,Chippewa County,WI,55017,,45.07406,-91.29473,temporary moratorium,data center,active,2026-08-11,2027-08-11,365,false,Adopted 12-month moratorium on data center development in county-zoned townships.,https://www.wqow.com/news/chippewa-county-passes-12-month-moratorium-on-data-centers/article_12befe7c-593e-480a-a968-37b000dff40b.html|https://www.baldwin-bulletin.com/news/chippewa-county-passes-pause-on-datacenters/article_6cd23cff-8d9e-4312-bc75-c453e47b4ef1.html,wi-chippewa-county-2026,false,false,2026-09-23,
nm-wi-city-of-sheboygan-2026,city,City of Sheboygan,WI,55117,5572975,43.73456,-87.72986,temporary moratorium,data center,active,2026-07-20,2027-07-20,365,false,Adopted moratorium on principal-use data center zoning/building approvals.,https://mccmeetings.blob.core.usgovcloudapi.net/sheboygnwi-pubu/MEET-Minutes-bbe1f18ee1d947ec80e59fda53fbb830.pdf,wi-city-of-sheboygan-2026,false,false,2026-07-31,
nm-wi-city-of-superior-2026,city,City of Superior,WI,55031,5578650,46.72077,-92.10408,temporary moratorium,data center,active,2026-06-16,2027-06-16,365,false,Adopted one-year citywide moratorium on new data centers.,https://www.superiorwi.gov/AgendaCenter/ViewFile/Agenda/_06162026-1334|https://www.wpr.org/news/superior-joins-growing-number-of-wisconsin-communities-to-pass-data-center-moratorium,wi-city-of-superior-2026,false,false,2026-07-31,
nm-wi-dane-county-2026,county,Dane County,WI,55025,,43.07093,-89.43222,temporary moratorium,data center,active,2026-06-04,2027-12-04,548,false,18-month pause on new hyperscale data center development,https://danecounty.gov/PressDetail/11898|https://danecounty.gov/PressDetail/11883,wi-dane-county-2026,false,false,2026-07-31,
nm-wi-dodge-county-2026,county,Dodge County,WI,55027,,43.41361,-88.71778,temporary moratorium,data center,active,2026-08-18,2028-02-17,548,false,Adopted 18-month moratorium on data center construction in county-zoned unincorporated areas.,https://www.co.dodge.wi.gov/p/~board/county-news/post/dodge-county-to-hold-public-hearing-for-data-center-moratorium|https://www.wdtimes.com/news/local/dodge-county-board-of-supervisors-pass-data-center-moratorium/article_5acb0fcc-3a3a-4922-92a8-792cbf7c0ec8.html,wi-dodge-county-2026,false,false,2026-09-23,
nm-wi-door-county-2026,county,Door County,WI,55029,,44.76159,-87.53297,temporary moratorium,data center+battery storage,active,2026-05-26,2027-05-26,365,false,Adopted 12-month pause on data centers and battery storage systems in unincorporated Door County.,https://www.co.door.wi.gov/AgendaCenter/ViewFile/Agenda/_06232026-2112|https://www.co.door.wi.gov/AgendaCenter/ViewFile/Agenda/_05262026-2095,wi-door-county-2026,false,false,2026-09-23,
nm-wi-grant-county-2026,county,Grant County,WI,55043,,42.88553,-90.69917,temporary moratorium,data center,active,2026-06-16,2027-06-16,365,false,Adopted 12-month moratorium on hyperscale data center permits.,https://gcinternetwebsite.co.grant.wi.gov/wp-content/uploads/simple-file-list/Meetings-Minutes-Agendas/County-Board/06-16-2026-UpdatedBoardPacket.pdf,wi-grant-county-2026,false,false,2026-07-31,
nm-wi-green-county-2026,county,Green County,WI,55045,,42.67914,-89.60764,temporary moratorium,data center,active,2026-07-14,2027-07-14,365,false,Adopted 12-month moratorium on data center applications in county-zoned territory.,"https://greencountywi.api.civicclerk.com/v1/Meetings/GetMeetingFileStream(fileId=1391,plainText=false)",wi-green-county-2026,false,false,2026-07-31,
nm-wi-greenville-2026,village,Greenville,WI,55087,5531525,44.28685,-88.58707,temporary moratorium,"data center; >10,000 square feet",active,2026-07-13,2027-07-13,365,false,"Adopted 12-month moratorium (Ordinance 15-26) on data centers over 10,000 square feet.",https://fox11online.com/resources/pdf/3084b2b6-7ef9-48e2-bd50-20922f9b3560-GreenvilleDataCentermoratoriumresolution.pdf|https://fox11online.com/news/local/greenville-approves-temporary-data-center-moratorium,wi-greenville-2026,false,false,2026-09-23,
nm-wi-hampden-2026,town,Hampden,WI,55021,5502132375,43.32599,-89.18618,temporary moratorium,data center,active,2026-05-26,2027-05-26,365,false,Town to draft a data center ordinance and comprehensive plan revisions before the moratorium expires.,https://townofhampden.wi.gov/docs/ch-18-data-center-temporary-moratorium.pdf,wi-hampden-2026,false,false,2026-09-23,
nm-wi-hampden-2026-2,town,Hampden,WI,55021,5502132375,43.32599,-89.18618,temporary moratorium,data center,active,2026-05-26,2027-05-26,365,false,Existing data centers treated as nonconforming uses during the moratorium; may be extended up to 6 months under Wis. Stat. 66.1002(3)(b)2,https://townofhampden.wi.gov/docs/ch-18-data-center-temporary-moratorium.pdf,wi-hampden-2026-2,false,false,2026-09-23,
nm-wi-janesville-rock-county-town-2026,town,Janesville (Rock County town),WI,55105,5537825,42.68298,-89.02268,temporary moratorium,data center,active,2026-08-03,2027-08-03,365,false,Town Board approved after Planning & Zoning Committee recommended it 07/29/2026,https://www.beloitdailynews.com/news/business-news/town-of-rock-board-holds-off-on-data-center-moratorium-vote-town-of-janesville-approves/article_12a85823-374e-48bf-92a8-205b9519035b.html|https://www.gazettextra.com/news/janesville-town-board-to-consider-12-month-data-center-moratorium/article_3000d4e6-909e-483e-994d-2e1ccd7ed9dc.html,wi-janesville-rock-county-town-2026,false,false,2026-09-23,
nm-wi-la-crosse-2026,city,La Crosse,WI,55063,5540775,43.81228,-91.25144,temporary moratorium,data center,active,2026-08-13,2028-02-12,548,false,"Adopted 18-month moratorium on new data center development within city limits, paralleling La Crosse County's own 18-month county moratorium.",https://www.wxow.com/news/la-crosse-approves-temporary-data-center-moratorium/article_93946494-9e4e-42c2-8544-bde8be69900b.html|https://www.news8000.com/news/local-news/la-crosse/la-crosse-city-plan-commission-advances-18-month-moratorium-on-data-center-development/article_30c5ee0a-61f9-48e3-9b24-ec2f90ae5e17.html|https://www.wizmnews.com/2026/06/18/mader-on-data-center-moratorium/,wi-la-crosse-2026,false,false,2026-09-23,
nm-wi-la-crosse-county-2026,county,La Crosse County,WI,55063,,43.88905,-91.09024,temporary moratorium,data center,active,2026-06-18,2027-12-18,548,false,Adopted 18-month moratorium on data centers by a 26-2 vote.,https://www.lacrossecounty.org/Minutes%20and%20Agendas/Attachments/2026/CountyBoard/Jul/CB061826M.pdf|https://www.news8000.com/lifestyle/technology/la-crosse-county-approves-18-month-moratorium-on-data-center-applications/article_36a1161a-8951-45c2-b83c-4b0f1e70f19d.html|https://www.wizmnews.com/2026/06/18/mader-on-data-center-moratorium/|https://www.wxow.com/news/la-crosse-approves-temporary-data-center-moratorium/article_93946494-9e4e-42c2-8544-bde8be69900b.html|https://www.news8000.com/news/local-news/la-crosse/la-crosse-city-plan-commission-advances-18-month-moratorium-on-data-center-development/article_30c5ee0a-61f9-48e3-9b24-ec2f90ae5e17.html,wi-la-crosse-county-2026,false,false,2026-09-23,
nm-wi-madison-2026,city,City of Madison,WI,55025,5548000,43.07469,-89.38417,temporary moratorium,"data center; >10,000 sq ft",active,2026-01-24,2027-01-24,365,false,Pending. The moratorium gives city agencies time to draft a permanent definition and zoning standards.,,wi-madison-2026,false,false,,
nm-wi-manitowoc-county-2026,county,Manitowoc County,WI,55071,,44.09983,-87.82799,temporary moratorium,data center,active,2026-04-28,,,false,Pending. The county plans to study impacts and develop zoning and regulatory standards.,https://townoftworivers.wi.gov/CMS/files/2026/Moratorium%20as%20adopted%20by%20the%20Manitowc%20County%20Board%204.28.2026.pdf|https://www.wpr.org/news/manitowoc-county-board-approves-18-month-data-center-moratorium,wi-manitowoc-county-2026,false,false,2026-09-23,
nm-wi-marathon-county-2026,county,Marathon County,WI,55073,,44.89140,-89.77481,temporary moratorium,data center,active,2026-08-25,2027-08-25,365,false,Adopted at-least-12-month moratorium on data center-related zoning approvals in the 18 county-zoned townships.,https://wausaupilotandreview.com/2026/09/21/what-to-know-about-marathon-countys-12-month-data-center-moratorium-2/,wi-marathon-county-2026,false,false,2026-09-23,
nm-wi-middleton-2026,city,Middleton,WI,55025,5551575,43.09629,-89.51196,temporary moratorium,data center,active,2026-06-16,2027-06-16,365,false,Planning Department directed to draft comprehensive standards,https://cityrulelookup.com/data-centers/zoning-siting/middleton-wi,wi-middleton-2026,false,false,2026-09-23,
nm-wi-milwaukee-undated,city,Milwaukee,WI,55079,5553000,43.03865,-87.90908,temporary moratorium,data center,pending,,,365,false,City Plan Commission approved the proposed one-year data center moratorium on 2026-09-28; awaits Common Council.,https://spectrumnews1.com/wi/milwaukee/news/2026/09/29/de-pere-milwaukee-data-center-moratoriums|https://urbanmilwaukee.com/2026/09/17/milwaukees-data-center-moratorium-heads-to-first-public-hearing/,wi-milwaukee-undated,true,true,2026-10-07,
nm-wi-monroe-county-2026,county,Monroe County,WI,55081,,43.94168,-90.63973,temporary moratorium,data center+battery storage,active,2026-07-21,2028-01-20,548,false,Adopted 18-month moratorium on medium/large data centers and battery storage facilities.,https://www.co.monroe.wi.us/home/showpublisheddocument/37285/639207537788030000,wi-monroe-county-2026,false,false,2026-07-31,
nm-wi-oneida-county-2026,county,Oneida County,WI,55085,,45.68792,-89.47796,temporary moratorium,data center,active,2026-08-18,2027-08-18,365,true,"Adopted one-year moratorium on new data center applications, permits, and approvals.",https://www.wxpr.org/energy-environment/2026-08-19/oneida-county-passes-one-year-data-center-moratorium,wi-oneida-county-2026,false,false,2026-09-23,
nm-wi-oshkosh-2026,city,Oshkosh,WI,55139,5560500,44.02069,-88.54086,temporary moratorium,data center,active,2026-09-08,2027-09-08,365,false,Adopted a one-year moratorium on data centers while the city develops zoning and regulatory standards.,https://www.wbay.com/2026/09/09/oshkosh-common-council-passes-temporary-moratorium-data-centers/,wi-oshkosh-2026,false,false,2026-09-23,
nm-wi-polk-county-2026,county,Polk County,WI,55095,,45.43186,-92.40747,temporary moratorium,data center,active,2026-08-18,2027-08-18,365,false,County developing permanent zoning standards during the moratorium term,https://www.polkcountywi.gov/government/county_board_of_supervisors/resolutions.php|https://www.theameryfreepress.com/news/polk-county-board-approves-data-center-one-year-moratorium/article_6dc44b7a-74d7-4923-b962-05c88fcd2ad0.html,wi-polk-county-2026,false,false,2026-09-23,
nm-wi-sauk-county-2026,county,Sauk County,WI,55111,,43.44017,-89.96538,temporary moratorium,data center,active,2026-09-15,2028-03-16,548,false,Adopted 18-month moratorium on new data center applications/zoning approvals in county-zoned areas.,https://www.wmtv15news.com/2026/09/16/sauk-county-approves-18-month-moratorium-new-data-centers/,wi-sauk-county-2026,true,false,2026-09-23,
nm-wi-sawyer-county-2026,county,Sawyer County,WI,55113,,45.87316,-91.14683,temporary moratorium,data center; exemptions noted,active,2026-08,,548,false,County to compare approaches used by other Wisconsin counties and draft standards during the 18-month term,https://citizenportal.ai/articles/9605659/Wisconsin/Sawyer-County/Sawyer-County-adopts-18-month-moratorium-on-large-data-centers,wi-sawyer-county-2026,false,true,2026-09-23,
nm-wi-shawano-county-2026,county,Shawano County,WI,55115,,44.78172,-88.71189,temporary moratorium,data center,active,2026-06-24,2027-06-24,365,false,Adopted 12-month moratorium on data centers in county-zoned towns.,https://www.co.shawano.wi.us/i/f/files/Updated%20Moratorium%20approved%20by%20County%20Board.pdf,wi-shawano-county-2026,false,false,2026-07-31,
nm-wi-st-croix-county-2026,county,St. Croix County,WI,55109,,45.03124,-92.46793,temporary moratorium,data center,active,2026-09-01,2027-09-01,365,false,Adopted 12-month moratorium on medium- and large-scale data centers in county-zoned areas.,https://www.hudsonstarobserver.com/news/st-croix-county-board-of-supervisors-approves-data-center-moratorium-unanimously/article_ffb0d3f1-77a5-43c7-8ba5-e9fd44b1aa32.html,wi-st-croix-county-2026,false,false,2026-09-23,
nm-wi-tigerton-2026,village,Tigerton,WI,55115,5579825,44.74044,-89.06239,temporary moratorium,data center,active,2026-09-15,2027-09-15,365,false,Adopted one-year moratorium on data centers pending village zoning policy development.,https://newmedia-wi.com/tigerton-puts-moratorium-data-centers,wi-tigerton-2026,false,false,2026-09-23,
nm-wi-town-of-new-denmark-2026,town,Town of New Denmark,WI,55009,5500956575,44.39018,-87.82640,temporary moratorium,data center,active,2026-06-08,2027-06-08,365,false,Adopted one-year moratorium on placing data centers in the town.,https://www.townofnewdenmarkwi.gov/news-and-notices/notice-of-moratorium-of-data-centers/,wi-town-of-new-denmark-2026,false,false,2026-07-31,
nm-wi-vilas-county-undated,county,Vilas County,WI,55125,,46.03827,-89.47345,temporary moratorium,data center+battery storage+solar,pending,,,365,false,"Public hearing held on a proposed 12-month moratorium on data centers, battery energy storage systems, and solar energy systems over one acre; County Board vote scheduled for 2026-10-27.","https://presqueislewi.gov/wp-content/uploads/2026/09/Public-Hearing-Vilas-County.pdf|https://www.vcnewsreview.com/stories/public-hearing-set-sept-23-on-possible-vilas-data-center-ban,354090",wi-vilas-county-undated,false,true,2026-09-23,
nm-wi-village-of-ashwaubenon-2026,village,Village of Ashwaubenon,WI,55009,5503425,44.49148,-88.05685,temporary moratorium,data center,active,2026-06-23,2027-06-23,365,false,Adopted 12-month moratorium on hyperscale data center applications and permits.,https://ashwaubenon.gov/media/sgia2tfs/o6-1-26.pdf|https://ashwaubenon.gov/government/departments/clerk/adopted-ordinances-resolutions/,wi-village-of-ashwaubenon-2026,false,false,2026-07-31,
nm-wi-village-of-cottage-grove-2026,village,Village of Cottage Grove,WI,55025,5517175,43.07855,-89.19983,temporary moratorium,"data center; >10,000 sq ft",active,2026-07-20,2027-07-20,365,false,"Adopted 12-month moratorium on principal-use data centers over 10,000 sq ft.",https://www.vi.cottagegrove.wi.gov/AgendaCenter/ViewFile/Item/20208?fileID=37767,wi-village-of-cottage-grove-2026,false,false,2026-07-31,
nm-wi-village-of-hobart-2026,village,Village of Hobart,WI,55009,5535150,44.49438,-88.17522,temporary moratorium,data center,active,2026-07-07,2027-07-07,365,false,Adopted one-year moratorium on data center development.,https://www.hobartwi.gov/_files/ugd/644190_b6362b7e53b64f89ac40bcd923ee5a32.pdf|https://www.wbay.com/2026/07/08/village-hobart-approves-one-year-moratorium-data-centers/,wi-village-of-hobart-2026,false,false,2026-07-31,
nm-wi-village-of-wrightstown-2026,village,Village of Wrightstown,WI,55009,5589150,44.32203,-88.15868,temporary moratorium,data center,active,2026-07-07,2027-07-07,365,false,Adopted one-year moratorium on data center projects.,"https://ballotpedia.org/Wrightstown,_Wisconsin,_Authorize_Municipal_Infrastructure_and_Services_for_Large-Scale_Data_Center_Development_Advisory_Question_(August_2026)|https://www.nbc26.com/news/local-news/wrightstown-adopts-a-one-year-moratorium-on-data-center-projects|https://www.greenbaypressgazette.com/story/news/politics/elections/2026/08/12/wrightstown-overwhelmingly-opposes-ai-data-centers-in-referendum-vote/91155456007/|https://www.wbay.com/2026/06/16/wrightstown-weighs-ordinance-avoid-rushing-data-center-proposals/",wi-village-of-wrightstown-2026,true,false,2026-09-23,
nm-wi-westport-2026,town,Westport,WI,55025,5502586125,43.16338,-89.43152,temporary moratorium,"data center; >10,000 square feet",active,2026-04-06,2027-04-06,365,false,"Adopted 12-month moratorium (Ordinance 26-01) on permits for data centers exceeding 10,000 square feet.",https://www.townofwestport.org/AgendaCenter/ViewFile/Minutes/_04062026-126|https://www.hngnews.com/tribune_enterprise/news/local/westport-enacts-data-center-moratorium/article_41bd7395-3dc5-4617-8fbd-72dcc27142f3.html,wi-westport-2026,false,false,2026-09-23,
nm-wi-winnebago-county-2026,county,Winnebago County,WI,55139,,44.06970,-88.65165,temporary moratorium,data center,active,2026-08-18,2027-08-18,365,false,Adopted 12-month moratorium on new data center development in the four county-zoned townships.,https://www.postcrescent.com/story/news/local/oshkosh/2026/08/19/winnebago-county-data-center-moratorium-ai-zoning/91373019007/,wi-winnebago-county-2026,false,false,2026-09-23,
sweep-ca-fresno-2026,city,Fresno,CA,06019,0627000,36.79101,-119.75883,temporary moratorium,data center,pending,,,,false,Council voted unanimously 2026-09-03 to direct staff to draft a text amendment prohibiting data centers for 10 years in current and future city land.,https://sjvsun.com/uncategorized/fresno-takes-steps-to-ban-data-centers-for-10-years/,,true,false,2026-10-07,
sweep-ca-imperial-county-2026,county,Imperial County,CA,06025,,33.02582,-115.35413,temporary moratorium,data center; unincorporated county,active,2026-10-06,2026-11-20,45,false,"Supervisors voted 5-0 to set aside court-invalidated Ordinances 1616/1618 and adopt Ordinance 1620, a new 45-day interim urgency moratorium on data center approvals in unincorporated areas.",https://calexicochronicle.com/2026/10/07/county-board-adopts-second-45-day-data-center-moratorium|https://www.ivpressonline.com/news/new-data-center-moratorium-replaces-the-old-possible-ballot-measure-on-the-horizon/article_b0dbd070-d4b3-4430-9ef8-21ab17d55fda.html,,true,false,2026-10-07,
sweep-ca-oakland-2026,city,Oakland,CA,06001,0653000,37.79237,-122.20988,temporary moratorium,data center,active,2026-10-06,2026-11-20,45,false,City council voted 7-0 for a 45-day urgency moratorium on new data center approvals citywide; extendable under Gov. Code 65858.,https://oaklandside.org/2026/10/07/oakland-data-center-moratorium-approved/|https://www.ktvu.com/news/oakland-city-council-approves-45-day-moratorium-new-data-centers|https://oaklandside.org/2026/09/23/oakland-data-center-moratorium-committee-appoval/,,true,false,2026-10-07,
sweep-co-brighton-2026,city,Brighton,CO,08001,0808675,39.97324,-104.81639,temporary moratorium,data center,active,2026-10-06,2027-10-06,365,false,City council unanimously approved a one-year moratorium on new data center development; lengthened from a proposed six months.,https://www.cpr.org/2026/10/07/brighton-approves-data-center-moratorium/,,true,false,2026-10-07,
sweep-co-moffat-county-2026,county,Moffat County,CO,08081,,40.60977,-108.18126,temporary moratorium,data center; unincorporated county,pending,,,,false,"Commissioners tabled a proposed moratorium on accepting, processing or approving data center applications on 2026-09-08 to gather public input; revisit set for 2026-10-13.",https://www.craigdailypress.com/news/moffat-county-commissioners-delay-decision-on-data-center-moratorium-in-order-to-seek-public-input/,,true,false,2026-10-07,
sweep-il-chicago-2026,city,Chicago,IL,17031,1714000,41.83281,-87.67115,temporary moratorium,data center,pending,,,,false,Mayor Brandon Johnson proposed a year-long moratorium on new data centers.,https://blockclubchicago.org/2026/09/23/year-long-ban-on-new-data-centers-pitched-by-chicago-mayor-brandon-johnson/,,true,false,2026-10-07,
sweep-il-evanston-2026,city,Evanston,IL,17031,1724582,42.04666,-87.69113,temporary moratorium,data center; zoning approvals and incentives,pending,,,,false,Councilmember Krissie Harris and four co-sponsors proposed a one-year moratorium on data center zoning approvals and incentives; goes to Referrals Committee 2026-10-12.,https://evanstonroundtable.com/2026/10/04/evanston-data-center-moratorium/,,true,false,2026-10-07,
sweep-il-mchenry-county-2026,county,McHenry County,IL,17111,,42.32446,-88.45220,temporary moratorium,data center; unincorporated county,pending,,,,false,County committee reviewed a proposed 12-month freeze on data center applications in unincorporated areas; full board vote expected November 2026.,https://hoodline.com/2026/10/mchenry-county-weighs-12-month-data-center-freeze-amid-water-fears/,,true,false,2026-10-07,
sweep-in-evansville-2026,city,Evansville,IN,18163,1822000,37.99596,-87.53402,temporary moratorium,data center; applications and permits,active,2026-10-05,2027-04-03,,false,"City council scheduled a 2026-10-05 vote on Ordinance G-2026-18, a 180-day freeze on data center applications effective on passage.",https://www.hoosierenquirer.com/post/evansville-votes-monday-on-180-day-data-center-freeze-permits-would-stop-the-same-night,,true,false,2026-10-07,
sweep-in-gosport-2026,town,Gosport,IN,18119,1828440,39.35137,-86.66678,temporary moratorium,data center,pending,,,,false,Town reported to be considering a data center moratorium (per Owen County commissioners).,https://www.ipm.org/news/2026-09-23/owen-county-approves-one-year-moratorium-on-data-centers,,true,false,2026-10-07,
sweep-in-spencer-2026,town,Spencer,IN,18119,1871972,39.28537,-86.78560,temporary moratorium,data center,active,2026-09-21,,,false,Town reportedly approved a data center moratorium similar to Owen County's the night before the county vote.,https://www.ipm.org/news/2026-09-23/owen-county-approves-one-year-moratorium-on-data-centers,,true,true,2026-10-07,
sweep-ma-ayer-2026,town,Ayer,MA,25017,2501703005,42.56286,-71.56592,temporary moratorium,data center,pending,,,,false,Data center moratorium zoning bylaw presented to Select Board for the 2026-10-26 Fall Special Town Meeting; a crypto-machine prohibition article is also proposed.,https://www.ayer.ma.us/AgendaCenter/ViewFile/Agenda/_09152026-695,,true,false,2026-10-07,
sweep-ma-spencer-2026,town,Spencer,MA,25027,2502766105,42.25053,-71.99235,temporary moratorium,data center,pending,,,,false,Select Board voted unanimously to ask the planning board to pursue a data center moratorium for fall town meeting.,https://thecitizenchronicle.substack.com/p/spencer-select-board-backs-push-for,,true,false,2026-10-07,
sweep-me-bucksport-2026,town,Bucksport,ME,23009,2300908815,44.64355,-68.75010,temporary moratorium,commercial data center,pending,,,,false,Town council advanced a proposed 180-day moratorium on commercial data centers to second reading and public hearing on 2026-10-08.,https://www.wabi.tv/2026/10/02/bucksport-town-council-advances-proposed-180-day-moratorium-commercial-data-centers/,,true,false,2026-10-07,
sweep-me-buxton-2026,town,Buxton,ME,23031,2303109410,43.63465,-70.52873,temporary moratorium,data center; AI facilities,pending,,,,false,Select Board is sending a 180-day data center moratorium to a special town meeting (Oct 7 or 14).,https://www.pressherald.com/2026/09/29/buxton-voters-will-decide-temporary-data-center-ban/,,true,false,2026-10-07,
sweep-me-old-town-2026,city,Old Town,ME,23019,2355225,44.95005,-68.73471,temporary moratorium,data center; industrial zones,active,2026-10-05,2027-03-08,180,false,"City council unanimously adopted a six-month data center moratorium in industrial zones, retroactive to 2026-09-08; may be extended to June 2027.",https://www.bangordailynews.com/2026/10/05/bangor/bangor-government/old-town-passes-data-center-ban/|https://www.bangordailynews.com/2026/09/08/bangor/bangor-government/old-town-data-center-ban/,,true,true,2026-10-07,
sweep-me-paris-2026,town,Paris,ME,23017,2301756625,44.23745,-70.48520,temporary moratorium,data center,active,2026-09-28,2027-03-27,180,false,Select Board unanimously approved a 180-day data center moratorium and directed the planning board to draft a permanent prohibition for a town vote.,https://www.yahoo.com/news/articles/paris-select-board-puts-data-163153991.html,,true,false,2026-10-07,
sweep-me-saco-2026,city,Saco,ME,23031,2364675,43.53434,-70.46497,temporary moratorium,data center,extended,2026-08,2026-11-28,,true,"City council extended its August 2026 temporary data center moratorium by 60 days, to 2026-11-28, while staff draft regulations.",https://www.pressherald.com/2026/09/29/saco-extends-temporary-data-center-ban-by-another-2-months/,,true,true,2026-10-07,
sweep-mi-fairgrove-township-2026,township,Fairgrove Township,MI,26157,2615727100,43.51617,-83.52324,temporary moratorium,data center,active,2026-09-21,2027-09-21,365,false,"Township board adopted a one-year moratorium on zoning, site plan, permit and other approvals for data centers, on the planning commission's recommendation.",https://www.tuscolatoday.com/news/fairgrove-township-places-moratorium-on-data-centers/article_434ea64b-0476-49eb-800e-c80d06637877.html,,true,false,2026-10-07,
sweep-mi-kalamazoo-2026-ord,city,Kalamazoo,MI,26077,2642160,42.27301,-85.59264,temporary moratorium,data center; battery storage; crypto mining; AI data center,active,2026-10-05,2027-10-05,365,false,"City commission unanimously adopted a zoning ordinance amendment writing its August moratorium into code, running to 2027-10-05.",https://watershedvoice.com/2026/10/06/kalamazoo-officially-has-a-data-center-moratorium/|https://wkzo.com/2026/10/05/976615/,,true,false,2026-10-07,
sweep-nc-davidson-county-2026,county,Davidson County,NC,37057,,35.76405,-80.25347,temporary moratorium,data center,pending,,,,false,Commissioners voted 4-2 on 2026-09-28 to bring back a proposed four-month moratorium; hearing set 2026-10-26 after a 3-3 deadlock in August.,https://www.wfdd.org/politics-government/2026-09-29/davidson-commissioners-remain-divided-on-data-centers-but-will-revisit-potential-moratorium,,true,false,2026-10-07,
sweep-ny-ilion-2026,village,Ilion,NY,36043,3637275,43.01050,-75.03887,temporary moratorium,data center,pending,,,,false,Village board tabled a vote on a proposed data center moratorium local law on 2026-09-29 after residents asked for revisions.,https://spectrumlocalnews.com/nys/central-ny/politics/2026/09/29/ilion-data-center-moratorium-vote-tabled,,true,false,2026-10-07,
sweep-ny-plattsburgh-2026,city,Plattsburgh,NY,36019,3658574,44.69434,-73.45991,temporary moratorium,crypto mining; AI data center (>=300 kW high-energy computing),pending,,,,false,"City held a public hearing on a 12-month land-use moratorium on high-energy computing facilities (crypto mining, AI data centers); council vote expected 2026-09-17.",https://cointelegraph.com/news/new-york-plattsburgh-crypto-mining-ai-ban,,true,false,2026-10-07,
sweep-oh-delphos-2026,city,Delphos,OH,39003,3921602,40.84349,-84.33817,temporary moratorium,data center; renewable energy,active,2026-10-05,2028-04-05,540,false,City council approved an 18-month moratorium on data centers and renewable energy projects pending state legislative action.,https://www.hometownstations.com/2026/10/06/delphos-city-council-approves-18-month-data-center-moratorium/,,true,false,2026-10-07,
sweep-ok-cheyenne-arapaho-2026,tribal,Cheyenne and Arapaho Tribes,OK,40017,,35.61530,-97.99190,temporary moratorium,data center; tribal lands,active,2026-10-03,2029-10-03,1095,false,Tribal citizens voted 261-83 (7 abstentions) in a referendum for a three-year moratorium on data center construction on tribal lands.,https://www.news9.com/oklahoma-city-news/oklahoma-cheyenne-arapaho-data-center-moratorium,,true,true,2026-10-07,
sweep-wi-bloomer-town-2026,town,Town of Bloomer,WI,55017,5501708250,45.14923,-91.46075,temporary moratorium,data center,pending,,,,false,Town board to hold a 2026-10-07 hearing and act on a planning commission recommendation for a data center moratorium.,https://www.weau.com/2026/10/03/town-bloomer-hold-public-hearing-about-data-centers/,,true,false,2026-10-07,
sweep-wi-de-pere-2026,city,De Pere,WI,55009,5519775,44.43102,-88.09195,temporary moratorium,data center; large-scale,pending,,,,false,Plan commission approved a proposed one-year moratorium on large-scale data centers; needs common council approval.,https://spectrumnews1.com/wi/milwaukee/news/2026/09/29/de-pere-milwaukee-data-center-moratoriums,,true,false,2026-10-07,
sweep-wi-eau-claire-county-2026,county,Eau Claire County,WI,55035,,44.72693,-91.28588,temporary moratorium,data center; county-zoned areas,pending,,,,false,Committee on Administration voted unanimously on 2026-09-08 to draft a moratorium resolution for county-zoned areas; board vote expected in October.,https://www.yahoo.com/news/us/articles/eau-claire-county-enact-moratorium-035900375.html,,true,false,2026-10-07,
sweep-wi-wisconsin-rapids-2026,city,Wisconsin Rapids,WI,55141,5588200,44.38737,-89.82582,temporary moratorium,data center; rezonings and land divisions,pending,,,,false,City scheduled a 2026-10-05 public hearing on a moratorium of up to 12 months on rezonings and land divisions enabling data centers.,https://www.yahoo.com/news/us/articles/wisconsin-rapids-schedules-public-hearing-192158075.html,,true,false,2026-10-07,
