{"width": 1083, "height": 609, "west": -146.2640814090895, "north": 68.10551014160352, "dx": 0.1, "dy": 0.1, "scale": 100, "nodata": 0}
