{"type":"FeatureCollection","features":[{"type":"Feature","geometry":{"type":"Polygon","coordinates":[[[-95.88,32.24],[-95.96,32.19],[-95.83,32.12],[-95.77,32.15],[-95.78,32.24],[-95.83,32.25],[-95.88,32.24]]]},"properties":{"event":"Flash Flood Warning","severity":"Severe","certainty":"Likely","urgency":"Immediate","headline":"Flash Flood Warning issued October 3 at 1:59PM CDT until October 3 at 5:00PM CDT by NWS Fort Worth TX","onset":"2026-10-03T13:59:00-05:00","ends":"2026-10-03T17:00:00-05:00","expires":"2026-10-03T17:00:00-05:00","areaDesc":"Henderson, TX","senderName":"NWS Fort Worth TX","id":"urn:oid:2.49.0.1.840.0.3cb9706d96f7a1bf3defe72b9ec0b71986da5132.001.1","_group":"flood","country":"US","generated_utc":"2026-10-03T19:15:40Z","feed_status":{"eccc":"ok"}}},{"type":"Feature","geometry":{"type":"Polygon","coordinates":[[[-97.41,39.57],[-97.26,39.57],[-97,39.29],[-97.06,39.26],[-97.41,39.57]]]},"properties":{"event":"Flood Warning","severity":"Severe","certainty":"Likely","urgency":"Expected","headline":"Flood Warning issued October 3 at 1:53PM CDT until October 4 at 7:00AM CDT by NWS Topeka KS","onset":"2026-10-03T19:00:00-05:00","ends":"2026-10-04T07:00:00-05:00","expires":"2026-10-04T05:00:00-05:00","areaDesc":"Clay, KS","senderName":"NWS Topeka KS","id":"urn:oid:2.49.0.1.840.0.9a79542201252d43884f6b04bca8a8d660c7ef84.001.1","_group":"flood","country":"US","generated_utc":"2026-10-03T19:15:40Z"}},{"type":"Feature","geometry":{"type":"Polygon","coordinates":[[[-97.68,31.19],[-97.68,31.25],[-97.51,31.42],[-97.42,31.46],[-97.32,31.46],[-97.25,31.43],[-97.45,31.06],[-97.67,31.04],[-97.68,31.19]]]},"properties":{"event":"Flash Flood Warning","severity":"Severe","certainty":"Likely","urgency":"Immediate","headline":"Flash Flood Warning issued October 3 at 1:44PM CDT until October 3 at 4:15PM CDT by NWS Fort Worth TX","onset":"2026-10-03T13:44:00-05:00","ends":"2026-10-03T16:15:00-05:00","expires":"2026-10-03T16:15:00-05:00","areaDesc":"Bell, TX; Coryell, TX; McLennan, TX","senderName":"NWS Fort Worth TX","id":"urn:oid:2.49.0.1.840.0.78a5e339744efaad6c0c0d0e4c09c64bcfe88fb7.001.1","_group":"flood","country":"US","generated_utc":"2026-10-03T19:15:40Z"}},{"type":"Feature","geometry":{"type":"Polygon","coordinates":[[[-93.63,39.83],[-93.43,39.78],[-93.43,39.67],[-93.67,39.74],[-93.63,39.83]]]},"properties":{"event":"Flood Warning","severity":"Severe","certainty":"Observed","urgency":"Immediate","headline":"Flood Warning issued October 3 at 1:14PM CDT until October 4 at 8:49PM CDT by NWS Kansas City/Pleasant Hill MO","onset":"2026-10-03T13:14:00-05:00","ends":"2026-10-04T20:49:00-05:00","expires":"2026-10-04T13:15:00-05:00","areaDesc":"Linn, MO; Livingston, MO","senderName":"NWS Kansas City/Pleasant Hill MO","id":"urn:oid:2.49.0.1.840.0.43d149fa1960fb6742d3a64e52bd155db2488d33.001.1","_group":"flood","country":"US","generated_utc":"2026-10-03T19:15:40Z"}},{"type":"Feature","geometry":{"type":"Polygon","coordinates":[[[-94.8,39.77],[-94.71,39.77],[-94.64,39.51],[-94.64,39.41],[-94.72,39.41],[-94.8,39.77]]]},"properties":{"event":"Flood Warning","severity":"Severe","certainty":"Observed","urgency":"Immediate","headline":"Flood Warning issued October 3 at 1:14PM CDT until October 5 at 1:42PM CDT by NWS Kansas City/Pleasant Hill MO","onset":"2026-10-03T13:14:00-05:00","ends":"2026-10-05T13:42:00-05:00","expires":"2026-10-04T13:15:00-05:00","areaDesc":"Buchanan, MO","senderName":"NWS Kansas City/Pleasant Hill MO","id":"urn:oid:2.49.0.1.840.0.43d149fa1960fb6742d3a64e52bd155db2488d33.002.1","_group":"flood","country":"US","generated_utc":"2026-10-03T19:15:40Z"}},{"type":"Feature","geometry":{"type":"Polygon","coordinates":[[[-103.27,38.03],[-103.23,38.07],[-103.19,38.1],[-103.13,38.05],[-103.17,38.01],[-103.21,37.98],[-103.27,38.03]]]},"properties":{"event":"Flood Warning","severity":"Severe","certainty":"Observed","urgency":"Immediate","headline":"Flood Warning issued October 3 at 11:50AM MDT until October 4 at 3:36PM MDT by NWS Pueblo CO","onset":"2026-10-03T11:50:00-06:00","ends":"2026-10-04T15:36:00-06:00","expires":"2026-10-04T00:00:00-06:00","areaDesc":"Bent, CO","senderName":"NWS Pueblo CO","id":"urn:oid:2.49.0.1.840.0.1bf2b4a7542c320857178127d8055d180f0b64bb.001.1","_group":"flood","country":"US","generated_utc":"2026-10-03T19:15:40Z"}},{"type":"Feature","geometry":{"type":"Polygon","coordinates":[[[-107.13,35.59],[-106.89,35.31],[-106.82,34.4],[-106.87,34.37],[-107.07,34.87],[-107.23,35.61],[-107.13,35.59]]]},"properties":{"event":"Flood Warning","severity":"Severe","certainty":"Observed","urgency":"Immediate","headline":"Flood Warning issued October 3 at 10:42AM MDT until October 4 at 12:00AM MDT by NWS Albuquerque NM","onset":"2026-10-03T10:42:00-06:00","ends":"2026-10-04T00:00:00-06:00","expires":"2026-10-04T00:00:00-06:00","areaDesc":"Socorro, NM","senderName":"NWS Albuquerque NM","id":"urn:oid:2.49.0.1.840.0.a4433f04258d401ddd4e62ebb39c4b381ae9a290.001.1","_group":"flood","country":"US","generated_utc":"2026-10-03T19:15:40Z"}},{"type":"Feature","geometry":{"type":"Polygon","coordinates":[[[-90.97,39.39],[-90.88,39.46],[-90.81,39.4],[-90.75,39.32],[-90.71,39.25],[-90.83,39.25],[-90.9,39.3],[-90.88,39.32],[-90.92,39.36],[-90.95,39.35],[-90.97,39.39]]]},"properties":{"event":"Flood Warning","severity":"Severe","certainty":"Observed","urgency":"Immediate","headline":"Flood Warning issued October 3 at 11:10AM CDT until October 8 at 1:00AM CDT by NWS St Louis MO","onset":"2026-10-03T23:00:00-05:00","ends":"2026-10-08T01:00:00-05:00","expires":"2026-10-04T23:15:00-05:00","areaDesc":"Calhoun, IL; Pike, MO","senderName":"NWS St Louis MO","id":"urn:oid:2.49.0.1.840.0.9b130e5dee55a6866bca7277d45272b72e84841a.002.1","_group":"flood","country":"US","generated_utc":"2026-10-03T19:15:40Z"}},{"type":"Feature","geometry":{"type":"Polygon","coordinates":[[[-91.1,39.46],[-90.99,39.53],[-90.88,39.46],[-90.97,39.39],[-91,39.41],[-91.03,39.39],[-91.1,39.46]]]},"properties":{"event":"Flood Warning","severity":"Severe","certainty":"Observed","urgency":"Immediate","headline":"Flood Warning issued October 3 at 11:10AM CDT until October 7 at 7:00PM CDT by NWS St Louis MO","onset":"2026-10-03T19:00:00-05:00","ends":"2026-10-07T19:00:00-05:00","expires":"2026-10-04T23:15:00-05:00","areaDesc":"Pike, IL; Pike, MO","senderName":"NWS St Louis MO","id":"urn:oid:2.49.0.1.840.0.9b130e5dee55a6866bca7277d45272b72e84841a.001.1","_group":"flood","country":"US","generated_utc":"2026-10-03T19:15:40Z"}},{"type":"Feature","geometry":{"type":"Polygon","coordinates":[[[-93.6,41.56],[-93.68,41.54],[-93.68,41.59],[-93.61,41.6],[-93.6,41.56]]]},"properties":{"event":"Flood Warning","severity":"Severe","certainty":"Observed","urgency":"Immediate","headline":"Flood Warning issued October 3 at 10:43AM CDT until October 5 at 9:24AM CDT by NWS Des Moines IA","onset":"2026-10-03T10:43:00-05:00","ends":"2026-10-05T09:24:00-05:00","expires":"2026-10-04T00:00:00-05:00","areaDesc":"Polk, IA","senderName":"NWS Des Moines IA","id":"urn:oid:2.49.0.1.840.0.dbfcf96d8a118e5747032d331224a976511a897b.001.1","_group":"flood","country":"US","generated_utc":"2026-10-03T19:15:40Z"}},{"type":"Feature","geometry":{"type":"Polygon","coordinates":[[[-93.56,41.59],[-93.33,41.52],[-93.14,41.48],[-93.18,41.39],[-93.33,41.45],[-93.56,41.51],[-93.66,41.59],[-93.56,41.59]]]},"properties":{"event":"Flood Warning","severity":"Severe","certainty":"Observed","urgency":"Immediate","headline":"Flood Warning issued October 3 at 10:40AM CDT until October 4 at 7:00PM CDT by NWS Des Moines IA","onset":"2026-10-03T10:40:00-05:00","ends":"2026-10-04T19:00:00-05:00","expires":"2026-10-04T00:00:00-05:00","areaDesc":"Marion, IA; Polk, IA; Warren, IA","senderName":"NWS Des Moines IA","id":"urn:oid:2.49.0.1.840.0.233bdfe6a8091c318fb8eb96d419a5f5fb60411d.001.1","_group":"flood","country":"US","generated_utc":"2026-10-03T19:15:40Z"}},{"type":"Feature","geometry":{"type":"Polygon","coordinates":[[[-92.87,41.41],[-93.16,41.59],[-93.35,41.68],[-93.35,41.76],[-93.09,41.7],[-92.87,41.51],[-92.87,41.41]]]},"properties":{"event":"Flood Warning","severity":"Severe","certainty":"Observed","urgency":"Immediate","headline":"Flood Warning issued October 3 at 10:33AM CDT until October 5 at 8:00AM CDT by NWS Des Moines IA","onset":"2026-10-04T01:00:00-05:00","ends":"2026-10-05T08:00:00-05:00","expires":"2026-10-04T00:00:00-05:00","areaDesc":"Jasper, IA; Marion, IA; Polk, IA","senderName":"NWS Des Moines IA","id":"urn:oid:2.49.0.1.840.0.d9be3b4bda015e87b48ecf300cf03d14798e39d8.001.1","_group":"flood","country":"US","generated_utc":"2026-10-03T19:15:40Z"}},{"type":"Feature","geometry":{"type":"Polygon","coordinates":[[[-92.28,42.48],[-92.47,42.35],[-92.53,42.35],[-92.53,42.42],[-92.38,42.53],[-92.28,42.48]]]},"properties":{"event":"Flood Warning","severity":"Severe","certainty":"Observed","urgency":"Immediate","headline":"Flood Warning issued October 3 at 10:28AM CDT until October 4 at 6:08AM CDT by NWS Des Moines IA","onset":"2026-10-03T10:28:00-05:00","ends":"2026-10-04T06:08:00-05:00","expires":"2026-10-04T00:00:00-05:00","areaDesc":"Black Hawk, IA","senderName":"NWS Des Moines IA","id":"urn:oid:2.49.0.1.840.0.5f80bc5621a9397d6b87e3f389c214b0a3af3af2.001.1","_group":"flood","country":"US","generated_utc":"2026-10-03T19:15:40Z"}},{"type":"Feature","geometry":{"type":"Polygon","coordinates":[[[-87.97,42.51],[-87.87,42.5],[-87.89,42.47],[-87.87,42.39],[-87.96,42.39],[-87.99,42.47],[-87.97,42.51]]]},"properties":{"event":"Flood Warning","severity":"Severe","certainty":"Likely","urgency":"Expected","headline":"Flood Warning issued October 3 at 10:24AM CDT by NWS Chicago IL","onset":"2026-10-03T10:24:00-05:00","ends":null,"expires":"2026-10-04T04:30:00-05:00","areaDesc":"Lake, IL","senderName":"NWS Chicago IL","id":"urn:oid:2.49.0.1.840.0.2866f9022b2f109516494c661ac851d027719c15.001.1","_group":"flood","country":"US","generated_utc":"2026-10-03T19:15:40Z"}},{"type":"Feature","geometry":{"type":"Polygon","coordinates":[[[-91.98,38.64],[-91.92,38.55],[-92.17,38.53],[-92.39,38.67],[-92.45,38.8],[-92.36,38.82],[-92.19,38.67],[-91.98,38.64]]]},"properties":{"event":"Flood Warning","severity":"Severe","certainty":"Observed","urgency":"Immediate","headline":"Flood Warning issued October 3 at 10:15AM CDT until October 7 at 7:20PM CDT by NWS St Louis MO","onset":"2026-10-04T11:56:00-05:00","ends":"2026-10-07T19:20:00-05:00","expires":"2026-10-04T22:15:00-05:00","areaDesc":"Boone, MO; Callaway, MO; Cole, MO; Moniteau, MO","senderName":"NWS St Louis MO","id":"urn:oid:2.49.0.1.840.0.bd0bc975e260cdcd067add4dc4dfe7d4d5763e8d.001.1","_group":"flood","country":"US","generated_utc":"2026-10-03T19:15:40Z"}},{"type":"Feature","geometry":{"type":"Polygon","coordinates":[[[-91.98,38.64],[-91.85,38.71],[-91.6,38.73],[-91.6,38.65],[-91.81,38.64],[-91.94,38.58],[-91.98,38.64]]]},"properties":{"event":"Flood Warning","severity":"Severe","certainty":"Observed","urgency":"Immediate","headline":"Flood Warning issued October 3 at 10:15AM CDT until October 8 at 10:36AM CDT by NWS St Louis MO","onset":"2026-10-04T23:30:00-05:00","ends":"2026-10-08T10:36:00-05:00","expires":"2026-10-04T22:15:00-05:00","areaDesc":"Callaway, MO; Osage, MO","senderName":"NWS St Louis MO","id":"urn:oid:2.49.0.1.840.0.bd0bc975e260cdcd067add4dc4dfe7d4d5763e8d.002.1","_group":"flood","country":"US","generated_utc":"2026-10-03T19:15:40Z"}},{"type":"Feature","geometry":{"type":"Polygon","coordinates":[[[-92.77,41.97],[-92.77,42.08],[-92.3,41.92],[-92.3,41.81],[-92.77,41.97]]]},"properties":{"event":"Flood Watch","severity":"Severe","certainty":"Possible","urgency":"Future","headline":"Flood Watch issued October 3 at 10:15AM CDT until October 6 at 3:00AM CDT by NWS Des Moines IA","onset":"2026-10-04T10:00:00-05:00","ends":"2026-10-06T03:00:00-05:00","expires":"2026-10-04T00:00:00-05:00","areaDesc":"Tama; Poweshiek","senderName":"NWS Des Moines IA","id":"urn:oid:2.49.0.1.840.0.34ebe8d71e25648019e24571afbfbfe4fa87ce0c.001.1","_group":"flood","country":"US","generated_utc":"2026-10-03T19:15:40Z"}},{"type":"Feature","geometry":{"type":"Polygon","coordinates":[[[-91.6,38.73],[-91.36,38.75],[-91.19,38.66],[-91.19,38.59],[-91.44,38.67],[-91.6,38.65],[-91.6,38.73]]]},"properties":{"event":"Flood Warning","severity":"Severe","certainty":"Observed","urgency":"Immediate","headline":"Flood Warning issued October 3 at 10:15AM CDT until October 8 at 7:00AM CDT by NWS St Louis MO","onset":"2026-10-05T05:00:00-05:00","ends":"2026-10-08T07:00:00-05:00","expires":"2026-10-04T22:15:00-05:00","areaDesc":"Gasconade, MO; Montgomery, MO","senderName":"NWS St Louis MO","id":"urn:oid:2.49.0.1.840.0.bd0bc975e260cdcd067add4dc4dfe7d4d5763e8d.003.1","_group":"flood","country":"US","generated_utc":"2026-10-03T19:15:40Z"}},{"type":"Feature","geometry":{"type":"Polygon","coordinates":[[[-92.97,39.09],[-92.55,39.02],[-92.36,38.82],[-92.45,38.8],[-92.59,38.94],[-92.86,38.96],[-92.98,39.03],[-92.97,39.09]]]},"properties":{"event":"Flood Warning","severity":"Severe","certainty":"Observed","urgency":"Immediate","headline":"Flood Warning issued October 3 at 9:59AM CDT until October 7 at 4:22PM CDT by NWS Kansas City/Pleasant Hill MO","onset":"2026-10-03T11:59:00-05:00","ends":"2026-10-07T16:22:00-05:00","expires":"2026-10-04T10:00:00-05:00","areaDesc":"Boone, MO; Cooper, MO; Howard, MO; Moniteau, MO","senderName":"NWS Kansas City/Pleasant Hill MO","id":"urn:oid:2.49.0.1.840.0.99166a9093442c3a6d2b4842866d1264b6874293.006.1","_group":"flood","country":"US","generated_utc":"2026-10-03T19:15:40Z"}},{"type":"Feature","geometry":{"type":"Polygon","coordinates":[[[-95.01,39.91],[-94.89,39.9],[-94.83,39.75],[-94.88,39.64],[-95.05,39.7],[-95.01,39.91]]]},"properties":{"event":"Flood Warning","severity":"Severe","certainty":"Observed","urgency":"Immediate","headline":"Flood Warning issued October 3 at 9:59AM CDT until October 5 at 3:34AM CDT by NWS Kansas City/Pleasant Hill MO","onset":"2026-10-03T09:59:00-05:00","ends":"2026-10-05T03:34:00-05:00","expires":"2026-10-04T10:00:00-05:00","areaDesc":"Doniphan, KS; Andrew, MO; Buchanan, MO","senderName":"NWS Kansas City/Pleasant Hill MO","id":"urn:oid:2.49.0.1.840.0.99166a9093442c3a6d2b4842866d1264b6874293.005.1","_group":"flood","country":"US","generated_utc":"2026-10-03T19:15:40Z"}},{"type":"Feature","geometry":{"type":"Polygon","coordinates":[[[-93.31,39.33],[-93.19,39.43],[-93.07,39.38],[-93.27,39.28],[-93.31,39.33]]]},"properties":{"event":"Flood Warning","severity":"Severe","certainty":"Observed","urgency":"Immediate","headline":"Flood Warning issued October 3 at 9:59AM CDT until October 7 at 1:30PM CDT by NWS Kansas City/Pleasant Hill MO","onset":"2026-10-03T09:59:00-05:00","ends":"2026-10-07T13:30:00-05:00","expires":"2026-10-04T10:00:00-05:00","areaDesc":"Carroll, MO; Chariton, MO; Saline, MO","senderName":"NWS Kansas City/Pleasant Hill MO","id":"urn:oid:2.49.0.1.840.0.99166a9093442c3a6d2b4842866d1264b6874293.002.1","_group":"flood","country":"US","generated_utc":"2026-10-03T19:15:40Z"}},{"type":"Feature","geometry":{"type":"Polygon","coordinates":[[[-93.14,39.35],[-93.05,39.39],[-92.79,39.24],[-92.87,39.06],[-92.96,39.07],[-93.14,39.35]]]},"properties":{"event":"Flood Warning","severity":"Severe","certainty":"Observed","urgency":"Immediate","headline":"Flood Warning issued October 3 at 9:59AM CDT until October 7 at 11:09AM CDT by NWS Kansas City/Pleasant Hill MO","onset":"2026-10-03T09:59:00-05:00","ends":"2026-10-07T11:09:00-05:00","expires":"2026-10-04T10:00:00-05:00","areaDesc":"Chariton, MO; Howard, MO; Saline, MO","senderName":"NWS Kansas City/Pleasant Hill MO","id":"urn:oid:2.49.0.1.840.0.99166a9093442c3a6d2b4842866d1264b6874293.001.1","_group":"flood","country":"US","generated_utc":"2026-10-03T19:15:40Z"}},{"type":"Feature","geometry":{"type":"Polygon","coordinates":[[[-93.86,39.25],[-93.31,39.33],[-93.27,39.28],[-93.3,39.22],[-93.84,39.18],[-93.86,39.25]]]},"properties":{"event":"Flood Warning","severity":"Severe","certainty":"Observed","urgency":"Immediate","headline":"Flood Warning issued October 3 at 9:59AM CDT until October 7 at 2:20AM CDT by NWS Kansas City/Pleasant Hill MO","onset":"2026-10-03T09:59:00-05:00","ends":"2026-10-07T02:20:00-05:00","expires":"2026-10-04T10:00:00-05:00","areaDesc":"Carroll, MO; Lafayette, MO; Saline, MO","senderName":"NWS Kansas City/Pleasant Hill MO","id":"urn:oid:2.49.0.1.840.0.99166a9093442c3a6d2b4842866d1264b6874293.003.1","_group":"flood","country":"US","generated_utc":"2026-10-03T19:15:40Z"}},{"type":"Feature","geometry":{"type":"Polygon","coordinates":[[[-93.86,39.28],[-93.84,39.17],[-94.05,39.11],[-94.15,39.16],[-94.33,39.16],[-94.31,39.26],[-94.16,39.26],[-94.04,39.21],[-93.86,39.28]]]},"properties":{"event":"Flood Warning","severity":"Severe","certainty":"Observed","urgency":"Immediate","headline":"Flood Warning issued October 3 at 9:59AM CDT until October 6 at 10:00PM CDT by NWS Kansas City/Pleasant Hill MO","onset":"2026-10-03T09:59:00-05:00","ends":"2026-10-06T22:00:00-05:00","expires":"2026-10-04T10:00:00-05:00","areaDesc":"Jackson, MO; Lafayette, MO; Ray, MO","senderName":"NWS Kansas City/Pleasant Hill MO","id":"urn:oid:2.49.0.1.840.0.99166a9093442c3a6d2b4842866d1264b6874293.004.1","_group":"flood","country":"US","generated_utc":"2026-10-03T19:15:40Z"}},{"type":"Feature","geometry":{"type":"Polygon","coordinates":[[[-91.94,41.51],[-91.83,41.51],[-91.69,41.48],[-91.66,41.49],[-91.58,41.48],[-91.56,41.49],[-91.53,41.49],[-91.53,41.48],[-91.52,41.46],[-91.64,41.46],[-91.68,41.46],[-91.69,41.47],[-91.76,41.47],[-91.78,41.48],[-91.83,41.48],[-91.87,41.49],[-91.94,41.48],[-91.94,41.51]]]},"properties":{"event":"Flood Warning","severity":"Severe","certainty":"Observed","urgency":"Immediate","headline":"Flood Warning issued October 3 at 9:40AM CDT until October 4 at 10:30AM CDT by NWS Quad Cities IA IL","onset":"2026-10-03T09:40:00-05:00","ends":"2026-10-04T10:30:00-05:00","expires":"2026-10-04T09:45:00-05:00","areaDesc":"Johnson, IA; Washington, IA","senderName":"NWS Quad Cities IA IL","id":"urn:oid:2.49.0.1.840.0.fc98c41943ea1074a1384319e5b7a92517cda087.004.1","_group":"flood","country":"US","generated_utc":"2026-10-03T19:15:40Z"}},{"type":"Feature","geometry":{"type":"Polygon","coordinates":[[[-91.52,41.46],[-91.53,41.48],[-91.49,41.49],[-91.5,41.47],[-91.49,41.45],[-91.48,41.44],[-91.46,41.44],[-91.45,41.43],[-91.44,41.41],[-91.43,41.39],[-91.41,41.39],[-91.38,41.36],[-91.41,41.34],[-91.42,41.35],[-91.43,41.36],[-91.43,41.37],[-91.45,41.39],[-91.47,41.4],[-91.5,41.44],[-91.52,41.46]]]},"properties":{"event":"Flood Warning","severity":"Severe","certainty":"Observed","urgency":"Immediate","headline":"Flood Warning issued October 3 at 9:40AM CDT until October 4 at 4:00PM CDT by NWS Quad Cities IA IL","onset":"2026-10-03T09:40:00-05:00","ends":"2026-10-04T16:00:00-05:00","expires":"2026-10-04T09:45:00-05:00","areaDesc":"Johnson, IA; Louisa, IA; Washington, IA","senderName":"NWS Quad Cities IA IL","id":"urn:oid:2.49.0.1.840.0.fc98c41943ea1074a1384319e5b7a92517cda087.002.1","_group":"flood","country":"US","generated_utc":"2026-10-03T19:15:40Z"}},{"type":"Feature","geometry":{"type":"Polygon","coordinates":[[[-91.14,41.6],[-91.1,41.6],[-91.08,41.57],[-91.1,41.51],[-91.13,41.5],[-91.2,41.46],[-91.25,41.41],[-91.31,41.34],[-91.33,41.29],[-91.34,41.29],[-91.35,41.32],[-91.37,41.33],[-91.36,41.37],[-91.36,41.44],[-91.31,41.48],[-91.2,41.53],[-91.17,41.53],[-91.14,41.57],[-91.11,41.57],[-91.11,41.58],[-91.14,41.6]]]},"properties":{"event":"Flood Warning","severity":"Severe","certainty":"Observed","urgency":"Immediate","headline":"Flood Warning issued October 3 at 9:40AM CDT until October 8 at 5:00AM CDT by NWS Quad Cities IA IL","onset":"2026-10-03T09:40:00-05:00","ends":"2026-10-08T05:00:00-05:00","expires":"2026-10-04T09:45:00-05:00","areaDesc":"Louisa, IA; Muscatine, IA","senderName":"NWS Quad Cities IA IL","id":"urn:oid:2.49.0.1.840.0.fc98c41943ea1074a1384319e5b7a92517cda087.003.1","_group":"flood","country":"US","generated_utc":"2026-10-03T19:15:40Z"}},{"type":"Feature","geometry":{"type":"Polygon","coordinates":[[[-92.3,41.89],[-92.24,41.87],[-92.2,41.85],[-92.02,41.81],[-91.9,41.79],[-91.85,41.81],[-91.83,41.81],[-91.83,41.77],[-91.98,41.77],[-92.12,41.81],[-92.13,41.82],[-92.28,41.84],[-92.3,41.85],[-92.3,41.89]]]},"properties":{"event":"Flood Warning","severity":"Severe","certainty":"Observed","urgency":"Immediate","headline":"Flood Warning issued October 3 at 9:40AM CDT until October 9 at 7:40PM CDT by NWS Quad Cities IA IL","onset":"2026-10-03T09:40:00-05:00","ends":"2026-10-09T19:40:00-05:00","expires":"2026-10-04T09:45:00-05:00","areaDesc":"Benton, IA; Iowa, IA","senderName":"NWS Quad Cities IA IL","id":"urn:oid:2.49.0.1.840.0.fc98c41943ea1074a1384319e5b7a92517cda087.005.1","_group":"flood","country":"US","generated_utc":"2026-10-03T19:15:40Z"}},{"type":"Feature","geometry":{"type":"Polygon","coordinates":[[[-91.29,41.23],[-91.26,41.26],[-91.21,41.24],[-91.14,41.19],[-91.13,41.16],[-91.16,41.12],[-91.19,41.16],[-91.25,41.21],[-91.29,41.23]]]},"properties":{"event":"Flood Warning","severity":"Severe","certainty":"Observed","urgency":"Immediate","headline":"Flood Warning issued October 3 at 9:40AM CDT until October 8 at 9:00PM CDT by NWS Quad Cities IA IL","onset":"2026-10-03T09:40:00-05:00","ends":"2026-10-08T21:00:00-05:00","expires":"2026-10-04T09:45:00-05:00","areaDesc":"Louisa, IA","senderName":"NWS Quad Cities IA IL","id":"urn:oid:2.49.0.1.840.0.fc98c41943ea1074a1384319e5b7a92517cda087.006.1","_group":"flood","country":"US","generated_utc":"2026-10-03T19:15:40Z"}},{"type":"Feature","geometry":{"type":"Polygon","coordinates":[[[-91.16,41.12],[-91.13,41.16],[-91.11,41.15],[-91.08,41.13],[-91.07,41.15],[-91.05,41.17],[-91.03,41.16],[-91.01,41.17],[-90.99,41.16],[-90.98,41.14],[-91.02,41.13],[-91.03,41.09],[-91.07,41.08],[-91.12,41.09],[-91.16,41.12]]]},"properties":{"event":"Flood Warning","severity":"Severe","certainty":"Observed","urgency":"Immediate","headline":"Flood Warning issued October 3 at 9:40AM CDT until October 8 at 6:00PM CDT by NWS Quad Cities IA IL","onset":"2026-10-03T09:40:00-05:00","ends":"2026-10-08T18:00:00-05:00","expires":"2026-10-04T09:45:00-05:00","areaDesc":"Louisa, IA","senderName":"NWS Quad Cities IA IL","id":"urn:oid:2.49.0.1.840.0.fc98c41943ea1074a1384319e5b7a92517cda087.001.1","_group":"flood","country":"US","generated_utc":"2026-10-03T19:15:40Z"}},{"type":"Feature","geometry":{"type":"Polygon","coordinates":[[[-95.56,40.26],[-95.44,40.26],[-95.23,40.14],[-95.2,40.09],[-95.24,40.04],[-95.14,39.93],[-95.11,39.91],[-95.06,39.91],[-95.01,39.91],[-95.02,39.86],[-95.07,39.85],[-95.14,39.87],[-95.2,39.9],[-95.33,39.99],[-95.35,40.02],[-95.38,40.02],[-95.39,40],[-95.4,40],[-95.42,40.01],[-95.49,40.17],[-95.56,40.26]]]},"properties":{"event":"Flood Warning","severity":"Severe","certainty":"Observed","urgency":"Immediate","headline":"Flood Warning issued October 3 at 9:32AM CDT until October 3 at 5:23PM CDT by NWS Omaha/Valley NE","onset":"2026-10-03T09:32:00-05:00","ends":"2026-10-03T17:23:00-05:00","expires":"2026-10-03T17:30:00-05:00","areaDesc":"Holt, MO; Richardson, NE","senderName":"NWS Omaha/Valley NE","id":"urn:oid:2.49.0.1.840.0.8a1f243b32754fabcedd8692582498df1061dab1.001.1","_group":"flood","country":"US","generated_utc":"2026-10-03T19:15:40Z"}},{"type":"Feature","geometry":{"type":"Polygon","coordinates":[[[-87.61,30.67],[-87.47,30.6],[-87.42,30.5],[-87.46,30.5],[-87.52,30.53],[-87.53,30.57],[-87.64,30.65],[-87.61,30.67]]]},"properties":{"event":"Flood Warning","severity":"Severe","certainty":"Likely","urgency":"Expected","headline":"Flood Warning issued October 3 at 9:11AM CDT until October 5 at 10:00AM CDT by NWS Mobile AL","onset":"2026-10-04T22:45:00-05:00","ends":"2026-10-05T10:00:00-05:00","expires":"2026-10-03T21:15:00-05:00","areaDesc":"Baldwin, AL","senderName":"NWS Mobile AL","id":"urn:oid:2.49.0.1.840.0.3ca5fbb8076926bbcfe011f74f33b5ceab7fa73e.001.1","_group":"flood","country":"US","generated_utc":"2026-10-03T19:15:40Z"}},{"type":"Feature","geometry":{"type":"Polygon","coordinates":[[[-86.5,30.78],[-86.49,30.78],[-86.53,30.69],[-86.63,30.69],[-86.63,30.7],[-86.55,30.7],[-86.5,30.78]]]},"properties":{"event":"Flood Warning","severity":"Severe","certainty":"Likely","urgency":"Expected","headline":"Flood Warning issued October 3 at 9:10AM CDT until October 8 at 7:00AM CDT by NWS Mobile AL","onset":"2026-10-05T19:00:00-05:00","ends":"2026-10-08T07:00:00-05:00","expires":"2026-10-03T21:15:00-05:00","areaDesc":"Okaloosa, FL","senderName":"NWS Mobile AL","id":"urn:oid:2.49.0.1.840.0.9143805c92705ce3f1b0cc9fbd8393973b2c1086.001.1","_group":"flood","country":"US","generated_utc":"2026-10-03T19:15:40Z"}},{"type":"Feature","geometry":{"type":"Polygon","coordinates":[[[-92.06,41.26],[-92.13,41.28],[-92.17,41.29],[-92.2,41.3],[-92.25,41.27],[-92.4,41.31],[-92.4,41.33],[-92.33,41.32],[-92.26,41.3],[-92.23,41.31],[-92.17,41.31],[-92.14,41.32],[-92.12,41.32],[-92.1,41.3],[-92.08,41.3],[-92.01,41.26],[-92.04,41.25],[-92.06,41.26]]]},"properties":{"event":"Flood Warning","severity":"Severe","certainty":"Observed","urgency":"Immediate","headline":"Flood Warning issued October 3 at 9:07AM CDT until October 5 at 4:20AM CDT by NWS Quad Cities IA IL","onset":"2026-10-03T09:07:00-05:00","ends":"2026-10-05T04:20:00-05:00","expires":"2026-10-04T09:15:00-05:00","areaDesc":"Keokuk, IA","senderName":"NWS Quad Cities IA IL","id":"urn:oid:2.49.0.1.840.0.32db4567a58c1b46b2c3c14e4dd1340c87055762.002.1","_group":"flood","country":"US","generated_utc":"2026-10-03T19:15:40Z"}},{"type":"Feature","geometry":{"type":"Polygon","coordinates":[[[-90.9,42],[-90.71,41.84],[-90.33,41.77],[-90.35,41.69],[-90.8,41.71],[-90.9,41.85],[-90.9,42]]]},"properties":{"event":"Flood Warning","severity":"Severe","certainty":"Observed","urgency":"Immediate","headline":"Flood Warning issued October 3 at 9:07AM CDT by NWS Quad Cities IA IL","onset":"2026-10-03T09:07:00-05:00","ends":null,"expires":"2026-10-04T09:15:00-05:00","areaDesc":"Clinton, IA; Scott, IA","senderName":"NWS Quad Cities IA IL","id":"urn:oid:2.49.0.1.840.0.32db4567a58c1b46b2c3c14e4dd1340c87055762.003.1","_group":"flood","country":"US","generated_utc":"2026-10-03T19:15:40Z"}},{"type":"Feature","geometry":{"type":"Polygon","coordinates":[[[-91.62,40.93],[-91.6,40.93],[-91.58,40.91],[-91.56,40.91],[-91.51,40.85],[-91.48,40.87],[-91.42,40.83],[-91.28,40.76],[-91.21,40.74],[-91.11,40.74],[-91.12,40.72],[-91.11,40.7],[-91.12,40.67],[-91.23,40.71],[-91.32,40.77],[-91.47,40.85],[-91.5,40.84],[-91.53,40.85],[-91.55,40.88],[-91.58,40.9],[-91.62,40.93]]]},"properties":{"event":"Flood Warning","severity":"Severe","certainty":"Observed","urgency":"Immediate","headline":"Flood Warning issued October 3 at 9:07AM CDT until October 4 at 7:00PM CDT by NWS Quad Cities IA IL","onset":"2026-10-03T09:07:00-05:00","ends":"2026-10-04T19:00:00-05:00","expires":"2026-10-04T09:15:00-05:00","areaDesc":"Des Moines, IA; Henry, IA; Lee, IA","senderName":"NWS Quad Cities IA IL","id":"urn:oid:2.49.0.1.840.0.32db4567a58c1b46b2c3c14e4dd1340c87055762.001.1","_group":"flood","country":"US","generated_utc":"2026-10-03T19:15:40Z"}},{"type":"Feature","geometry":{"type":"Polygon","coordinates":[[[-93.3,39.51],[-93.21,39.53],[-93.07,39.38],[-93.13,39.38],[-93.27,39.45],[-93.3,39.51]]]},"properties":{"event":"Flood Warning","severity":"Severe","certainty":"Observed","urgency":"Immediate","headline":"Flood Warning issued October 3 at 8:52AM CDT until October 7 at 4:47AM CDT by NWS Kansas City/Pleasant Hill MO","onset":"2026-10-03T08:52:00-05:00","ends":"2026-10-07T04:47:00-05:00","expires":"2026-10-04T09:00:00-05:00","areaDesc":"Carroll, MO; Chariton, MO","senderName":"NWS Kansas City/Pleasant Hill MO","id":"urn:oid:2.49.0.1.840.0.2565a89aaacd52328664f8cc1c62b548959a6e65.001.1","_group":"flood","country":"US","generated_utc":"2026-10-03T19:15:40Z"}},{"type":"Feature","geometry":{"type":"Polygon","coordinates":[[[-93.43,39.67],[-93.43,39.78],[-93.27,39.7],[-93.21,39.53],[-93.3,39.51],[-93.43,39.67]]]},"properties":{"event":"Flood Warning","severity":"Severe","certainty":"Observed","urgency":"Immediate","headline":"Flood Warning issued October 3 at 8:52AM CDT until October 6 at 7:00AM CDT by NWS Kansas City/Pleasant Hill MO","onset":"2026-10-03T08:52:00-05:00","ends":"2026-10-06T07:00:00-05:00","expires":"2026-10-04T09:00:00-05:00","areaDesc":"Carroll, MO; Chariton, MO; Linn, MO; Livingston, MO","senderName":"NWS Kansas City/Pleasant Hill MO","id":"urn:oid:2.49.0.1.840.0.2565a89aaacd52328664f8cc1c62b548959a6e65.003.1","_group":"flood","country":"US","generated_utc":"2026-10-03T19:15:40Z"}},{"type":"Feature","geometry":{"type":"Polygon","coordinates":[[[-97.93,39.41],[-97.88,39.4],[-97.73,39.28],[-97.8,39.25],[-97.93,39.36],[-97.93,39.41]]]},"properties":{"event":"Flood Warning","severity":"Severe","certainty":"Observed","urgency":"Immediate","headline":"Flood Warning issued October 3 at 8:51AM CDT until October 4 at 10:13AM CDT by NWS Topeka KS","onset":"2026-10-03T08:51:00-05:00","ends":"2026-10-04T10:13:00-05:00","expires":"2026-10-04T00:00:00-05:00","areaDesc":"Cloud, KS","senderName":"NWS Topeka KS","id":"urn:oid:2.49.0.1.840.0.8d8d2f575e6876307c967673e194e88348d17b6c.001.1","_group":"flood","country":"US","generated_utc":"2026-10-03T19:15:40Z"}},{"type":"Feature","geometry":{"type":"Polygon","coordinates":[[[-96.66,39.71],[-96.58,39.68],[-96.55,39.57],[-96.59,39.57],[-96.69,39.68],[-96.66,39.71]]]},"properties":{"event":"Flood Warning","severity":"Severe","certainty":"Observed","urgency":"Immediate","headline":"Flood Warning issued October 3 at 8:51AM CDT until October 7 at 12:20AM CDT by NWS Topeka KS","onset":"2026-10-03T08:51:00-05:00","ends":"2026-10-07T00:20:00-05:00","expires":"2026-10-04T00:00:00-05:00","areaDesc":"Marshall, KS","senderName":"NWS Topeka KS","id":"urn:oid:2.49.0.1.840.0.8d8d2f575e6876307c967673e194e88348d17b6c.003.1","_group":"flood","country":"US","generated_utc":"2026-10-03T19:15:40Z"}},{"type":"Feature","geometry":{"type":"Polygon","coordinates":[[[-96.95,39.92],[-96.89,39.92],[-96.66,39.69],[-96.69,39.67],[-96.85,39.71],[-96.95,39.92]]]},"properties":{"event":"Flood Warning","severity":"Severe","certainty":"Observed","urgency":"Immediate","headline":"Flood Warning issued October 3 at 8:51AM CDT until October 5 at 6:24AM CDT by NWS Topeka KS","onset":"2026-10-03T08:51:00-05:00","ends":"2026-10-05T06:24:00-05:00","expires":"2026-10-04T00:00:00-05:00","areaDesc":"Marshall, KS; Washington, KS","senderName":"NWS Topeka KS","id":"urn:oid:2.49.0.1.840.0.8d8d2f575e6876307c967673e194e88348d17b6c.002.1","_group":"flood","country":"US","generated_utc":"2026-10-03T19:15:40Z"}},{"type":"Feature","geometry":{"type":"Polygon","coordinates":[[[-97.07,40.57],[-97.05,40.58],[-97.04,40.56],[-97.02,40.55],[-97.01,40.54],[-96.99,40.5],[-97,40.49],[-96.99,40.47],[-96.98,40.46],[-96.97,40.44],[-96.97,40.42],[-96.99,40.41],[-97,40.44],[-97.02,40.46],[-97.03,40.49],[-97.03,40.51],[-97.03,40.53],[-97.03,40.54],[-97.05,40.54],[-97.07,40.56],[-97.07,40.57]]]},"properties":{"event":"Flood Warning","severity":"Severe","certainty":"Observed","urgency":"Immediate","headline":"Flood Warning issued October 3 at 8:46AM CDT until October 5 at 4:32AM CDT by NWS Omaha/Valley NE","onset":"2026-10-03T08:46:00-05:00","ends":"2026-10-05T04:32:00-05:00","expires":"2026-10-03T21:00:00-05:00","areaDesc":"Saline, NE","senderName":"NWS Omaha/Valley NE","id":"urn:oid:2.49.0.1.840.0.e7b3212a168c1af8d69fdc3c08cffdbbf2e96f11.002.1","_group":"flood","country":"US","generated_utc":"2026-10-03T19:15:40Z"}},{"type":"Feature","geometry":{"type":"Polygon","coordinates":[[[-96.99,40.41],[-96.97,40.42],[-96.96,40.4],[-96.91,40.4],[-96.87,40.37],[-96.88,40.36],[-96.89,40.36],[-96.95,40.38],[-96.99,40.4],[-96.99,40.41]]]},"properties":{"event":"Flood Warning","severity":"Severe","certainty":"Observed","urgency":"Immediate","headline":"Flood Warning issued October 3 at 8:46AM CDT until October 4 at 3:00PM CDT by NWS Omaha/Valley NE","onset":"2026-10-03T08:46:00-05:00","ends":"2026-10-04T15:00:00-05:00","expires":"2026-10-03T21:00:00-05:00","areaDesc":"Gage, NE; Saline, NE","senderName":"NWS Omaha/Valley NE","id":"urn:oid:2.49.0.1.840.0.e7b3212a168c1af8d69fdc3c08cffdbbf2e96f11.001.1","_group":"flood","country":"US","generated_utc":"2026-10-03T19:15:40Z"}},{"type":"Feature","geometry":{"type":"Polygon","coordinates":[[[-96.9,40.37],[-96.87,40.38],[-96.77,40.3],[-96.74,40.28],[-96.75,40.26],[-96.69,40.26],[-96.66,40.24],[-96.67,40.22],[-96.69,40.22],[-96.66,40.21],[-96.66,40.19],[-96.64,40.17],[-96.64,40.12],[-96.65,40.12],[-96.68,40.19],[-96.67,40.2],[-96.69,40.2],[-96.71,40.22],[-96.7,40.24],[-96.76,40.25],[-96.9,40.37]]]},"properties":{"event":"Flood Warning","severity":"Severe","certainty":"Observed","urgency":"Immediate","headline":"Flood Warning issued October 3 at 8:42AM CDT until October 6 at 1:18AM CDT by NWS Omaha/Valley NE","onset":"2026-10-03T08:42:00-05:00","ends":"2026-10-06T01:18:00-05:00","expires":"2026-10-03T20:45:00-05:00","areaDesc":"Gage, NE","senderName":"NWS Omaha/Valley NE","id":"urn:oid:2.49.0.1.840.0.f79d7596b365f276d355895abf4d79757b220090.002.1","_group":"flood","country":"US","generated_utc":"2026-10-03T19:15:40Z"}},{"type":"Feature","geometry":{"type":"Polygon","coordinates":[[[-97,40.7],[-96.98,40.7],[-96.97,40.69],[-96.96,40.67],[-96.97,40.66],[-96.95,40.63],[-96.95,40.62],[-96.94,40.59],[-96.94,40.56],[-96.92,40.52],[-96.92,40.49],[-96.93,40.45],[-96.91,40.42],[-96.87,40.38],[-96.9,40.37],[-96.96,40.42],[-96.98,40.53],[-96.99,40.66],[-96.98,40.68],[-97,40.69],[-97,40.7]]]},"properties":{"event":"Flood Warning","severity":"Severe","certainty":"Observed","urgency":"Immediate","headline":"Flood Warning issued October 3 at 8:42AM CDT until October 5 at 10:51AM CDT by NWS Omaha/Valley NE","onset":"2026-10-03T08:42:00-05:00","ends":"2026-10-05T10:51:00-05:00","expires":"2026-10-03T20:45:00-05:00","areaDesc":"Saline, NE","senderName":"NWS Omaha/Valley NE","id":"urn:oid:2.49.0.1.840.0.f79d7596b365f276d355895abf4d79757b220090.001.1","_group":"flood","country":"US","generated_utc":"2026-10-03T19:15:40Z"}},{"type":"Feature","geometry":{"type":"Polygon","coordinates":[[[-97.74,40.7],[-97.67,40.69],[-97.62,40.72],[-97.59,40.76],[-97.37,40.79],[-97.37,40.77],[-97.56,40.74],[-97.57,40.72],[-97.63,40.68],[-97.67,40.67],[-97.73,40.67],[-97.82,40.63],[-97.82,40.66],[-97.74,40.7]]]},"properties":{"event":"Flood Warning","severity":"Severe","certainty":"Likely","urgency":"Expected","headline":"Flood Warning issued October 3 at 8:35AM CDT until October 4 at 1:00PM CDT by NWS Hastings NE","onset":"2026-10-03T08:35:00-05:00","ends":"2026-10-04T13:00:00-05:00","expires":"2026-10-04T13:00:00-05:00","areaDesc":"Fillmore, NE; York, NE","senderName":"NWS Hastings NE","id":"urn:oid:2.49.0.1.840.0.391376fa5402733a6330a7d6d05118e9d0349b3f.001.1","_group":"flood","country":"US","generated_utc":"2026-10-03T19:15:40Z"}},{"type":"Feature","geometry":{"type":"Polygon","coordinates":[[[-91.95,40.18],[-91.94,40.21],[-91.86,40.19],[-91.76,40.12],[-91.67,40.02],[-91.64,40.01],[-91.58,39.96],[-91.62,39.95],[-91.76,40.05],[-91.77,40.08],[-91.95,40.18]]]},"properties":{"event":"Flood Warning","severity":"Severe","certainty":"Observed","urgency":"Immediate","headline":"Flood Warning issued October 3 at 8:34AM CDT until October 5 at 8:30AM CDT by NWS St Louis MO","onset":"2026-10-03T08:34:00-05:00","ends":"2026-10-05T08:30:00-05:00","expires":"2026-10-04T20:45:00-05:00","areaDesc":"Lewis, MO","senderName":"NWS St Louis MO","id":"urn:oid:2.49.0.1.840.0.9119a3b02142b3b8bd185e05673afd0924ac7f07.001.1","_group":"flood","country":"US","generated_utc":"2026-10-03T19:15:40Z"}},{"type":"Feature","geometry":{"type":"Polygon","coordinates":[[[-81.5,29.08],[-81.69,29.32],[-81.57,29.35],[-81.42,29.1],[-81.5,29.08]]]},"properties":{"event":"Flood Warning","severity":"Severe","certainty":"Observed","urgency":"Immediate","headline":"Flood Warning issued October 3 at 9:14AM EDT by NWS Melbourne FL","onset":"2026-10-03T09:14:00-04:00","ends":null,"expires":"2026-10-03T23:00:00-04:00","areaDesc":"Lake, FL; Volusia, FL","senderName":"NWS Melbourne FL","id":"urn:oid:2.49.0.1.840.0.3c74eefcd98b08cc7e2db9aba7888d4d66324d02.001.1","_group":"flood","country":"US","generated_utc":"2026-10-03T19:15:40Z"}},{"type":"Feature","geometry":{"type":"Polygon","coordinates":[[[-94.74,39.41],[-94.64,39.41],[-94.76,39.35],[-94.79,39.39],[-94.74,39.41]]]},"properties":{"event":"Flood Warning","severity":"Severe","certainty":"Observed","urgency":"Immediate","headline":"Flood Warning issued October 3 at 8:07AM CDT until October 6 at 10:23PM CDT by NWS Kansas City/Pleasant Hill MO","onset":"2026-10-03T08:07:00-05:00","ends":"2026-10-06T22:23:00-05:00","expires":"2026-10-04T08:15:00-05:00","areaDesc":"Platte, MO","senderName":"NWS Kansas City/Pleasant Hill MO","id":"urn:oid:2.49.0.1.840.0.5b78e60b08768d79ee0f2a8a850c31511c60044a.001.1","_group":"flood","country":"US","generated_utc":"2026-10-03T19:15:40Z"}},{"type":"Feature","geometry":{"type":"Polygon","coordinates":[[[-94.79,39.39],[-94.76,39.35],[-94.81,39.27],[-94.84,39.29],[-94.83,39.33],[-94.79,39.39]]]},"properties":{"event":"Flood Warning","severity":"Severe","certainty":"Observed","urgency":"Immediate","headline":"Flood Warning issued October 3 at 8:07AM CDT until October 7 at 6:38AM CDT by NWS Kansas City/Pleasant Hill MO","onset":"2026-10-03T08:07:00-05:00","ends":"2026-10-07T06:38:00-05:00","expires":"2026-10-04T08:15:00-05:00","areaDesc":"Platte, MO","senderName":"NWS Kansas City/Pleasant Hill MO","id":"urn:oid:2.49.0.1.840.0.5b78e60b08768d79ee0f2a8a850c31511c60044a.002.1","_group":"flood","country":"US","generated_utc":"2026-10-03T19:15:40Z"}},{"type":"Feature","geometry":{"type":"Polygon","coordinates":[[[-97.36,40.78],[-97.34,40.8],[-97.27,40.78],[-97.25,40.77],[-97.24,40.77],[-97.19,40.76],[-97.08,40.7],[-97.04,40.69],[-96.99,40.7],[-96.99,40.69],[-97.02,40.67],[-97.09,40.66],[-97.2,40.73],[-97.26,40.74],[-97.28,40.76],[-97.33,40.78],[-97.36,40.78]]]},"properties":{"event":"Flood Warning","severity":"Severe","certainty":"Observed","urgency":"Immediate","headline":"Flood Warning issued October 3 at 5:16AM CDT until October 4 at 5:48PM CDT by NWS Omaha/Valley NE","onset":"2026-10-03T05:16:00-05:00","ends":"2026-10-04T17:48:00-05:00","expires":"2026-10-03T17:30:00-05:00","areaDesc":"Saline, NE; Seward, NE","senderName":"NWS Omaha/Valley NE","id":"urn:oid:2.49.0.1.840.0.057b466a45efa729cca319e511e78a5aac853111.001.1","_group":"flood","country":"US","generated_utc":"2026-10-03T19:15:40Z"}},{"type":"Feature","geometry":{"type":"Polygon","coordinates":[[[-93.09,30.36],[-93.03,30.29],[-93.28,30.14],[-93.35,30.17],[-93.32,30.35],[-93.09,30.36]]]},"properties":{"event":"Flood Warning","severity":"Severe","certainty":"Likely","urgency":"Expected","headline":"Flood Warning issued October 2 at 9:30PM CDT until October 6 at 1:00AM CDT by NWS Lake Charles LA","onset":"2026-10-03T01:00:00-05:00","ends":"2026-10-06T01:00:00-05:00","expires":"2026-10-03T09:30:00-05:00","areaDesc":"Calcasieu, LA","senderName":"NWS Lake Charles LA","id":"urn:oid:2.49.0.1.840.0.591eb0b7ee73b778a100d1822946f4dc25e484b9.002.1","_group":"flood","country":"US","generated_utc":"2026-10-03T19:15:40Z"}},{"type":"Feature","geometry":{"type":"Polygon","coordinates":[[[-93.14,30.38],[-93.03,30.31],[-93.08,30.25],[-93.21,30.19],[-93.29,30.3],[-93.14,30.38]]]},"properties":{"event":"Flood Warning","severity":"Severe","certainty":"Likely","urgency":"Expected","headline":"Flood Warning issued October 2 at 9:30PM CDT until October 4 at 1:00PM CDT by NWS Lake Charles LA","onset":"2026-10-02T21:30:00-05:00","ends":"2026-10-04T13:00:00-05:00","expires":"2026-10-03T09:30:00-05:00","areaDesc":"Calcasieu, LA","senderName":"NWS Lake Charles LA","id":"urn:oid:2.49.0.1.840.0.591eb0b7ee73b778a100d1822946f4dc25e484b9.001.1","_group":"flood","country":"US","generated_utc":"2026-10-03T19:15:40Z"}},{"type":"Feature","geometry":{"type":"Polygon","coordinates":[[[-134.9833,67.0],[-136.1597,67.0],[-136.1785,67.0377],[-136.2145,67.0645],[-136.202,67.0811],[-136.2296,67.1088],[-136.1896,67.1492],[-136.2265,67.157],[-136.2382,67.1817],[-136.1851,67.1919],[-136.126,67.2348],[-136.117,67.2638],[-136.136,67.2767],[-139.0095,65.5301],[-138.9892,64.5198],[-138.0022,64.3498],[-137.8311,64.3417],[-137.8443,65.4582],[-134.9833,67.0]]]},"properties":{"event":"Winter Storm Watch","severity":"Moderate","certainty":null,"urgency":null,"headline":"winter storm watch, Dempster","onset":"2026-10-04T12:00:00.000Z","ends":"2026-10-05T04:00:00.000Z","expires":"2026-10-04T03:32:44.320Z","areaDesc":"Dempster","senderName":"Environment and Climate Change Canada","id":null,"_group":"winter","country":"CA","generated_utc":"2026-10-03T19:15:40Z"}}],"zone_alerts":[{"event":"Heat Advisory","severity":"Moderate","certainty":"Likely","urgency":"Expected","headline":"Heat Advisory issued October 3 at 12:15PM PDT until October 7 at 8:00PM PDT by NWS Los Angeles/Oxnard CA","onset":"2026-10-03T12:15:00-07:00","ends":"2026-10-07T20:00:00-07:00","expires":"2026-10-07T20:00:00-07:00","areaDesc":"San Luis Obispo County Inland Central Coast; Santa Lucia Mountains; Southern Salinas Valley; San Luis Obispo County Interior Valleys; San Luis Obispo County Mountains; Santa Barbara County Inland Central Coast; Santa Ynez Valley","senderName":"NWS Los Angeles/Oxnard CA","id":"urn:oid:2.49.0.1.840.0.469a5488af3dceb8f4d0e41c09f4dbf04bb51c75.003.1","_group":"heat","zones":[["forecast","CAZ341"],["forecast","CAZ342"],["forecast","CAZ343"],["forecast","CAZ344"],["forecast","CAZ345"],["forecast","CAZ347"],["forecast","CAZ348"]],"fips":["06079","06083"]},{"event":"Extreme Heat Warning","severity":"Severe","certainty":"Likely","urgency":"Expected","headline":"Extreme Heat Warning issued October 3 at 12:15PM PDT until October 8 at 8:00PM PDT by NWS Los Angeles/Oxnard CA","onset":"2026-10-03T12:15:00-07:00","ends":"2026-10-08T20:00:00-07:00","expires":"2026-10-07T20:00:00-07:00","areaDesc":"Catalina and Santa Barbara Islands; Santa Clarita Valley; Ventura County Beaches; Ventura County Inland Coast; Lake Casitas; Ojai Valley; Central Ventura County Valleys; Malibu Coast; Los Angeles County Beaches; Palos Verdes Hills; Los Angeles County Inland Coast including Downtown Los Angeles; Western Santa Monica Mountains Recreational Area; Eastern Santa Monica Mountains Recreational Area; Calabasas and Agoura Hills; Western San Fernando Valley; Eastern San Fernando Valley; Southeastern Ventura County Valleys; Santa Susana Mountains; Los Angeles County San Gabriel Valley","senderName":"NWS Los Angeles/Oxnard CA","id":"urn:oid:2.49.0.1.840.0.469a5488af3dceb8f4d0e41c09f4dbf04bb51c75.002.1","_group":"heat","zones":[["forecast","CAZ087"],["forecast","CAZ088"],["forecast","CAZ354"],["forecast","CAZ355"],["forecast","CAZ356"],["forecast","CAZ357"],["forecast","CAZ358"],["forecast","CAZ362"],["forecast","CAZ366"],["forecast","CAZ367"],["forecast","CAZ368"],["forecast","CAZ369"],["forecast","CAZ370"],["forecast","CAZ371"],["forecast","CAZ372"],["forecast","CAZ373"],["forecast","CAZ374"],["forecast","CAZ375"],["forecast","CAZ548"]],"fips":["06037","06111"]},{"event":"Extreme Heat Warning","severity":"Severe","certainty":"Likely","urgency":"Expected","headline":"Extreme Heat Warning issued October 3 at 12:15PM PDT until October 8 at 8:00PM PDT by NWS Los Angeles/Oxnard CA","onset":"2026-10-03T12:15:00-07:00","ends":"2026-10-08T20:00:00-07:00","expires":"2026-10-07T20:00:00-07:00","areaDesc":"Cuyama Valley; Santa Barbara County Southwestern Coast; Santa Barbara County Southeastern Coast; Santa Ynez Mountains Western Range; Santa Ynez Mountains Eastern Range; Santa Barbara County Interior Mountains; Santa Cruz and Anacapa Islands","senderName":"NWS Los Angeles/Oxnard CA","id":"urn:oid:2.49.0.1.840.0.469a5488af3dceb8f4d0e41c09f4dbf04bb51c75.001.1","_group":"heat","zones":[["forecast","CAZ038"],["forecast","CAZ349"],["forecast","CAZ350"],["forecast","CAZ351"],["forecast","CAZ352"],["forecast","CAZ353"],["forecast","CAZ550"]],"fips":["06083","06111"]},{"event":"Gale Warning","severity":"Moderate","certainty":"Likely","urgency":"Expected","headline":"Gale Warning issued October 4 at 5:04AM ChST until October 4 at 4:00PM ChST by NWS Tiyan GU","onset":"2026-10-04T05:04:00+10:00","ends":"2026-10-04T16:00:00+10:00","expires":"2026-10-04T16:00:00+10:00","areaDesc":"Tinian Coastal Waters; Saipan Coastal Waters","senderName":"NWS Tiyan GU","id":"urn:oid:2.49.0.1.840.0.e589ca378f672a6a8f1632f3df6c190ac090f36b.002.1","_group":"wind","zones":[["marine","PMZ153"],["marine","PMZ154"]],"fips":["65153","65154"]},{"event":"Extreme Heat Warning","severity":"Severe","certainty":"Likely","urgency":"Expected","headline":"Extreme Heat Warning issued October 3 at 12:03PM PDT until October 8 at 8:00PM PDT by NWS San Diego CA","onset":"2026-10-03T12:03:00-07:00","ends":"2026-10-08T20:00:00-07:00","expires":"2026-10-03T22:00:00-07:00","areaDesc":"San Bernardino and Riverside County Valleys-The Inland Empire","senderName":"NWS San Diego CA","id":"urn:oid:2.49.0.1.840.0.9d8509fdbfd514c74c5c413067b74eb3235ff460.001.1","_group":"heat","zones":[["forecast","CAZ048"]],"fips":["06065","06071"]},{"event":"Extreme Heat Warning","severity":"Severe","certainty":"Likely","urgency":"Expected","headline":"Extreme Heat Warning issued October 3 at 12:03PM PDT until October 8 at 8:00PM PDT by NWS San Diego CA","onset":"2026-10-03T12:03:00-07:00","ends":"2026-10-08T20:00:00-07:00","expires":"2026-10-03T22:00:00-07:00","areaDesc":"Orange County Inland","senderName":"NWS San Diego CA","id":"urn:oid:2.49.0.1.840.0.9d8509fdbfd514c74c5c413067b74eb3235ff460.004.1","_group":"heat","zones":[["forecast","CAZ554"]],"fips":["06059"]},{"event":"Extreme Heat Warning","severity":"Severe","certainty":"Likely","urgency":"Expected","headline":"Extreme Heat Warning issued October 3 at 12:03PM PDT until October 8 at 8:00PM PDT by NWS San Diego CA","onset":"2026-10-03T12:03:00-07:00","ends":"2026-10-08T20:00:00-07:00","expires":"2026-10-03T22:00:00-07:00","areaDesc":"Orange County Coastal","senderName":"NWS San Diego CA","id":"urn:oid:2.49.0.1.840.0.9d8509fdbfd514c74c5c413067b74eb3235ff460.006.1","_group":"heat","zones":[["forecast","CAZ552"]],"fips":["06059"]},{"event":"Extreme Heat Warning","severity":"Severe","certainty":"Likely","urgency":"Expected","headline":"Extreme Heat Warning issued October 3 at 12:03PM PDT until October 8 at 8:00PM PDT by NWS San Diego CA","onset":"2026-10-03T12:03:00-07:00","ends":"2026-10-08T20:00:00-07:00","expires":"2026-10-03T22:00:00-07:00","areaDesc":"Santa Ana Mountains and Foothills","senderName":"NWS San Diego CA","id":"urn:oid:2.49.0.1.840.0.9d8509fdbfd514c74c5c413067b74eb3235ff460.003.1","_group":"heat","zones":[["forecast","CAZ057"]],"fips":["06059","06065","06073"]},{"event":"Extreme Heat Warning","severity":"Severe","certainty":"Likely","urgency":"Expected","headline":"Extreme Heat Warning issued October 3 at 12:03PM PDT until October 8 at 8:00PM PDT by NWS San Diego CA","onset":"2026-10-03T12:03:00-07:00","ends":"2026-10-08T20:00:00-07:00","expires":"2026-10-03T22:00:00-07:00","areaDesc":"San Diego County Coastal Areas","senderName":"NWS San Diego CA","id":"urn:oid:2.49.0.1.840.0.9d8509fdbfd514c74c5c413067b74eb3235ff460.005.1","_group":"heat","zones":[["forecast","CAZ043"]],"fips":["06073"]},{"event":"Extreme Heat Warning","severity":"Severe","certainty":"Likely","urgency":"Expected","headline":"Extreme Heat Warning issued October 3 at 12:03PM PDT until October 8 at 8:00PM PDT by NWS San Diego CA","onset":"2026-10-03T12:03:00-07:00","ends":"2026-10-08T20:00:00-07:00","expires":"2026-10-03T22:00:00-07:00","areaDesc":"San Diego County Inland Valleys","senderName":"NWS San Diego CA","id":"urn:oid:2.49.0.1.840.0.9d8509fdbfd514c74c5c413067b74eb3235ff460.002.1","_group":"heat","zones":[["forecast","CAZ050"]],"fips":["06073"]},{"event":"Heat Advisory","severity":"Moderate","certainty":"Likely","urgency":"Expected","headline":"Heat Advisory issued October 3 at 12:00PM PDT until October 4 at 10:00PM PDT by NWS San Francisco CA","onset":"2026-10-03T12:00:00-07:00","ends":"2026-10-04T22:00:00-07:00","expires":"2026-10-04T03:00:00-07:00","areaDesc":"San Francisco; Marin Coastal Range; Northern Salinas Valley/Hollister Valley and Carmel Valley; Northern Monterey Bay","senderName":"NWS San Francisco CA","id":"urn:oid:2.49.0.1.840.0.dd0d22123955bdea6a8033355257a92d8fcf98ad.002.1","_group":"heat","zones":[["forecast","CAZ006"],["forecast","CAZ502"],["forecast","CAZ528"],["forecast","CAZ529"]],"fips":["06075","06041","06053","06069","06087"]},{"event":"Heat Advisory","severity":"Moderate","certainty":"Likely","urgency":"Expected","headline":"Heat Advisory issued October 3 at 12:00PM PDT until October 7 at 10:00PM PDT by NWS San Francisco CA","onset":"2026-10-03T12:00:00-07:00","ends":"2026-10-07T22:00:00-07:00","expires":"2026-10-04T03:00:00-07:00","areaDesc":"Sonoma Coastal Range; North Bay Interior Mountains; North Bay Interior Valleys; San Francisco Bay Shoreline; East Bay Interior Valleys; Santa Cruz Mountains; Santa Clara Valley Including San Jose; Eastern Santa Clara Hills; East Bay Hills; Southern Salinas Valley/Arroyo Seco and Lake San Antonio; Santa Lucia Mountains and Los Padres National Forest; Mountains Of San Benito County And Interior Monterey County Including Pinnacles National Park","senderName":"NWS San Francisco CA","id":"urn:oid:2.49.0.1.840.0.dd0d22123955bdea6a8033355257a92d8fcf98ad.001.1","_group":"heat","zones":[["forecast","CAZ503"],["forecast","CAZ504"],["forecast","CAZ506"],["forecast","CAZ508"],["forecast","CAZ510"],["forecast","CAZ512"],["forecast","CAZ513"],["forecast","CAZ514"],["forecast","CAZ515"],["forecast","CAZ516"],["forecast","CAZ517"],["forecast","CAZ518"]],"fips":["06097","06055","06041","06001","06013","06081","06085","06087","06053","06069"]},{"event":"Flood Watch","severity":"Severe","certainty":"Possible","urgency":"Future","headline":"Flood Watch issued October 3 at 2:24PM EDT until October 5 at 8:00AM EDT by NWS Tallahassee FL","onset":"2026-10-03T14:24:00-04:00","ends":"2026-10-05T08:00:00-04:00","expires":"2026-10-04T14:30:00-04:00","areaDesc":"North Walton; Central Walton; Holmes; Washington; Inland Bay; Inland Gulf; South Walton; Coastal Bay; Coastal Gulf","senderName":"NWS Tallahassee FL","id":"urn:oid:2.49.0.1.840.0.15253b87b340e90698be91115fd6091ec9b62cd9.001.1","_group":"flood","zones":[["forecast","FLZ007"],["forecast","FLZ008"],["forecast","FLZ009"],["forecast","FLZ010"],["forecast","FLZ012"],["forecast","FLZ014"],["forecast","FLZ108"],["forecast","FLZ112"],["forecast","FLZ114"]],"fips":["12131","12059","12133","12005","12045"]},{"event":"Gale Warning","severity":"Moderate","certainty":"Likely","urgency":"Expected","headline":"Gale Warning issued October 3 at 10:00AM AKDT until October 4 at 5:00AM AKDT by NWS Juneau AK","onset":"2026-10-03T10:00:00-08:00","ends":"2026-10-04T05:00:00-08:00","expires":"2026-10-03T18:15:00-08:00","areaDesc":"Clarence Strait","senderName":"NWS Juneau AK","id":"urn:oid:2.49.0.1.840.0.8c78d418d9e8d7006ea873a0e638e436c9e1f8b5.012.1","_group":"wind","zones":[["marine","PKZ036"]],"fips":["58036"]},{"event":"Fire Weather Watch","severity":"Severe","certainty":"Possible","urgency":"Future","headline":"Fire Weather Watch issued October 3 at 11:57AM MDT until October 5 at 6:00PM MDT by NWS Cheyenne WY","onset":"2026-10-05T12:00:00-06:00","ends":"2026-10-05T18:00:00-06:00","expires":"2026-10-04T06:00:00-06:00","areaDesc":"Middle North Platte River Basin/Niobrara and Converse High Plains; North Laramie Range and Adjacent High Plains; North Laramie Valley/Shirley Basin; Ferris/Seminoe/Shirley Mountains; Central and West Carbon; North Snowy Range Foothills; Laramie Foothills and High Plains; Bordeaux/Chugwater/Wheatland","senderName":"NWS Cheyenne WY","id":"urn:oid:2.49.0.1.840.0.e73fd9d18c02eefad45712a4f9b30cdbb43128e9.001.1","_group":"fire","zones":[["fire","WYZ418"],["fire","WYZ419"],["fire","WYZ420"],["fire","WYZ421"],["fire","WYZ422"],["fire","WYZ427"],["fire","WYZ430"],["fire","WYZ432"]],"fips":["56009","56015","56027","56031","56001","56021","56007"]},{"event":"Gale Warning","severity":"Moderate","certainty":"Likely","urgency":"Expected","headline":"Gale Warning issued October 3 at 9:55AM AKDT until October 4 at 4:00AM AKDT by NWS Juneau AK","onset":"2026-10-03T22:00:00-08:00","ends":"2026-10-04T04:00:00-08:00","expires":"2026-10-03T18:00:00-08:00","areaDesc":"Clarence Strait","senderName":"NWS Juneau AK","id":"urn:oid:2.49.0.1.840.0.91f18d7e3118f92cb473db38fe48459298cdc761.003.1","_group":"wind","zones":[["marine","PKZ036"]],"fips":["58036"]},{"event":"Gale Warning","severity":"Moderate","certainty":"Likely","urgency":"Expected","headline":"Gale Warning issued October 3 at 9:55AM AKDT until October 3 at 10:00PM AKDT by NWS Juneau AK","onset":"2026-10-03T10:00:00-08:00","ends":"2026-10-03T22:00:00-08:00","expires":"2026-10-03T18:00:00-08:00","areaDesc":"Cape Spencer to Cape Fairweather from 15 to 85 NM; Cape Fairweather to Icy Cape from 15 to 80 NM","senderName":"NWS Juneau AK","id":"urn:oid:2.49.0.1.840.0.91f18d7e3118f92cb473db38fe48459298cdc761.002.2","_group":"wind","zones":[["marine","PKZ664"],["marine","PKZ671"]],"fips":["58664","58671"]},{"event":"Gale Warning","severity":"Moderate","certainty":"Likely","urgency":"Expected","headline":"Gale Warning issued October 3 at 9:55AM AKDT until October 3 at 10:00PM AKDT by NWS Juneau AK","onset":"2026-10-03T18:00:00-08:00","ends":"2026-10-03T22:00:00-08:00","expires":"2026-10-03T18:00:00-08:00","areaDesc":"Cape Edgecumbe to Cape Spencer out to 15 NM","senderName":"NWS Juneau AK","id":"urn:oid:2.49.0.1.840.0.91f18d7e3118f92cb473db38fe48459298cdc761.004.2","_group":"wind","zones":[["marine","PKZ643"]],"fips":["58643"]},{"event":"Gale Warning","severity":"Moderate","certainty":"Likely","urgency":"Expected","headline":"Gale Warning issued October 3 at 9:55AM AKDT until October 3 at 10:00PM AKDT by NWS Juneau AK","onset":"2026-10-03T16:00:00-08:00","ends":"2026-10-03T22:00:00-08:00","expires":"2026-10-03T18:00:00-08:00","areaDesc":"Dixon Entrance to Cape Decision from 15 to 90 NM; Cape Decision to Cape Edgecumbe from 15 to 80 NM; Cape Edgecumbe to Cape Spencer from 15 to 80 NM","senderName":"NWS Juneau AK","id":"urn:oid:2.49.0.1.840.0.91f18d7e3118f92cb473db38fe48459298cdc761.005.2","_group":"wind","zones":[["marine","PKZ661"],["marine","PKZ662"],["marine","PKZ663"]],"fips":["58661","58662","58663"]},{"event":"Gale Warning","severity":"Moderate","certainty":"Likely","urgency":"Expected","headline":"Gale Warning issued October 3 at 9:55AM AKDT until October 4 at 1:00AM AKDT by NWS Juneau AK","onset":"2026-10-03T10:00:00-08:00","ends":"2026-10-04T01:00:00-08:00","expires":"2026-10-03T18:00:00-08:00","areaDesc":"Icy Cape to Cape Suckling out to 15 NM; Icy Cape to Cape Suckling from 15 to 80 NM","senderName":"NWS Juneau AK","id":"urn:oid:2.49.0.1.840.0.91f18d7e3118f92cb473db38fe48459298cdc761.001.2","_group":"wind","zones":[["marine","PKZ652"],["marine","PKZ672"]],"fips":["58652","58672"]},{"event":"Gale Warning","severity":"Moderate","certainty":"Likely","urgency":"Expected","headline":"Gale Warning issued October 3 at 9:55AM AKDT until October 4 at 1:00AM AKDT by NWS Juneau AK","onset":"2026-10-03T19:00:00-08:00","ends":"2026-10-04T01:00:00-08:00","expires":"2026-10-03T18:00:00-08:00","areaDesc":"Dixon Entrance to Cape Decision out to 15 NM","senderName":"NWS Juneau AK","id":"urn:oid:2.49.0.1.840.0.91f18d7e3118f92cb473db38fe48459298cdc761.006.2","_group":"wind","zones":[["marine","PKZ641"]],"fips":["58641"]},{"event":"Gale Warning","severity":"Moderate","certainty":"Likely","urgency":"Expected","headline":"Gale Warning issued October 3 at 9:55AM AKDT until October 4 at 1:00AM AKDT by NWS Juneau AK","onset":"2026-10-03T18:00:00-08:00","ends":"2026-10-04T01:00:00-08:00","expires":"2026-10-03T18:00:00-08:00","areaDesc":"Cape Decision to Cape Edgecumbe out to 15 NM","senderName":"NWS Juneau AK","id":"urn:oid:2.49.0.1.840.0.91f18d7e3118f92cb473db38fe48459298cdc761.007.2","_group":"wind","zones":[["marine","PKZ642"]],"fips":["58642"]},{"event":"Gale Warning","severity":"Moderate","certainty":"Likely","urgency":"Expected","headline":"Gale Warning issued October 3 at 9:55AM AKDT until October 4 at 1:00AM AKDT by NWS Juneau AK","onset":"2026-10-03T18:00:00-08:00","ends":"2026-10-04T01:00:00-08:00","expires":"2026-10-03T18:00:00-08:00","areaDesc":"Cape Fairweather to Icy Cape out to 15 NM","senderName":"NWS Juneau AK","id":"urn:oid:2.49.0.1.840.0.91f18d7e3118f92cb473db38fe48459298cdc761.009.2","_group":"wind","zones":[["marine","PKZ651"]],"fips":["58651"]},{"event":"Gale Warning","severity":"Moderate","certainty":"Likely","urgency":"Expected","headline":"Gale Warning issued October 3 at 9:55AM AKDT until October 4 at 1:00AM AKDT by NWS Juneau AK","onset":"2026-10-03T16:00:00-08:00","ends":"2026-10-04T01:00:00-08:00","expires":"2026-10-03T18:00:00-08:00","areaDesc":"Cape Spencer to Cape Fairweather out to 15 NM","senderName":"NWS Juneau AK","id":"urn:oid:2.49.0.1.840.0.91f18d7e3118f92cb473db38fe48459298cdc761.008.2","_group":"wind","zones":[["marine","PKZ644"]],"fips":["58644"]},{"event":"Heat Advisory","severity":"Moderate","certainty":"Likely","urgency":"Expected","headline":"Heat Advisory issued October 3 at 10:18AM PDT until October 7 at 10:00PM PDT by NWS Sacramento CA","onset":"2026-10-03T11:00:00-07:00","ends":"2026-10-07T22:00:00-07:00","expires":"2026-10-03T18:30:00-07:00","areaDesc":"Western Shasta County Foothills Between 1000-3000 ft; South-Central Shasta County Including Redding Metro; Eastern Shasta County Foothills Between 1000-3000 ft; Sierra Nevada of Tehama-Butte-Plumas Counties Between 1000-3000 ft; Northern Motherlode Between 1000-3000 ft; Central Motherlode Between 1000-3000 ft; Southern Motherlode Between 1000-3000 ft; Western Tehama County Foothills Between 1000-3000 ft; Northern Sacramento Valley in Tehama County; Central Glenn County Including Interstate 5; Eastern Glenn County; Butte County Below 1000 ft; Western Glenn and Colusa County Foothills Between 1000-3000 ft; Central Colusa County Including Interstate 5; Eastern Colusa County; Sutter and Yuba Counties Below 1000 ft; Capay Hills of Yolo County and Vaca Hills of Solano County; Western Yolo County Including Capay Valley and Interstate 505; Central Yolo and Northeast Solano Counties Including Woodland and Davis; Sacramento Metro and Western El Dorado and Amador Counties; Central Solano County Including Fairfield and Vacaville; Southwestern Solano County Including Vallejo; Sacramento County Delta; San Joaquin County Delta; Central San Joaquin County Including Stockton Metro; Tracy Triangle Below 1000 ft; Northeastern San Joaquin Valley Below 1000 ft; Eastern Diablo Range Above 1000 ft; Western Stanislaus County Below 1000 ft Including Interstate 5; Central Stanislaus County Including Modesto Metro","senderName":"NWS Sacramento CA","id":"urn:oid:2.49.0.1.840.0.d339a277cb25885f5aeca56391b145d67f842c67.001.1","_group":"heat","zones":[["forecast","CAZ122"],["forecast","CAZ124"],["forecast","CAZ125"],["forecast","CAZ129"],["forecast","CAZ131"],["forecast","CAZ134"],["forecast","CAZ137"],["forecast","CAZ141"],["forecast","CAZ142"],["forecast","CAZ144"],["forecast","CAZ145"],["forecast","CAZ146"],["forecast","CAZ147"],["forecast","CAZ148"],["forecast","CAZ149"],["forecast","CAZ150"],["forecast","CAZ151"],["forecast","CAZ152"],["forecast","CAZ153"],["forecast","CAZ154"],["forecast","CAZ155"],["forecast","CAZ156"],["forecast","CAZ157"],["forecast","CAZ158"],["forecast","CAZ159"],["forecast","CAZ160"],["forecast","CAZ161"],["forecast","CAZ162"],["forecast","CAZ163"],["forecast","CAZ164"]],"fips":["06089","06103","06063","06007","06115","06057","06061","06017","06005","06009","06109","06021","06011","06101","06113","06095","06067","06077","06099"]},{"event":"Heat Advisory","severity":"Moderate","certainty":"Likely","urgency":"Expected","headline":"Heat Advisory issued October 3 at 9:40AM PDT until October 7 at 11:00PM PDT by NWS Hanford CA","onset":"2026-10-03T11:00:00-07:00","ends":"2026-10-07T23:00:00-07:00","expires":"2026-10-03T18:00:00-07:00","areaDesc":"West Side Mountains north of 198; Los Banos - Dos Palos; Merced - Madera - Mendota; Planada - Le Grand - Snelling; Coalinga - Avenal; West Side of Fresno and Kings Counties; Caruthers - San Joaquin - Selma; Fresno-Clovis; West Side Mountains South of 198; Buttonwillow - Lost Hills - I5; Delano-Wasco-Shafter; Hanford - Corcoran - Lemoore; Visalia - Porterville - Reedley; Buena Vista; Bakersfield; Southeast San Joaquin Valley; South End San Joaquin Valley; Mariposa Madera Foothills; Mariposa-Madera Lower Sierra; Fresno-Tulare Foothills; Fresno-Tulare Lower Sierra; South End Sierra Foothills; South End of the Lower Sierra","senderName":"NWS Hanford CA","id":"urn:oid:2.49.0.1.840.0.cf86ac61152940ec9d88eea4d842e7e79c86ef34.001.1","_group":"heat","zones":[["forecast","CAZ300"],["forecast","CAZ301"],["forecast","CAZ302"],["forecast","CAZ303"],["forecast","CAZ304"],["forecast","CAZ305"],["forecast","CAZ306"],["forecast","CAZ307"],["forecast","CAZ308"],["forecast","CAZ309"],["forecast","CAZ310"],["forecast","CAZ311"],["forecast","CAZ312"],["forecast","CAZ313"],["forecast","CAZ314"],["forecast","CAZ315"],["forecast","CAZ316"],["forecast","CAZ317"],["forecast","CAZ318"],["forecast","CAZ319"],["forecast","CAZ320"],["forecast","CAZ321"],["forecast","CAZ322"]],"fips":["06019","06047","06039","06043","06031","06107","06029"]},{"event":"Flood Watch","severity":"Severe","certainty":"Possible","urgency":"Future","headline":"Flood Watch issued October 3 at 11:39AM CDT until October 5 at 12:00AM CDT by NWS Mobile AL","onset":"2026-10-03T11:39:00-05:00","ends":"2026-10-05T00:00:00-05:00","expires":"2026-10-03T19:45:00-05:00","areaDesc":"Mobile Inland; Baldwin Inland; Mobile Central; Baldwin Central; Mobile Coastal; Baldwin Coastal; Escambia Inland; Escambia Coastal; Santa Rosa Inland; Santa Rosa Coastal; Okaloosa Inland; Okaloosa Coastal","senderName":"NWS Mobile AL","id":"urn:oid:2.49.0.1.840.0.2c31c3a789e0ca9f9c933ffb4cfed8f3f7e7788d.001.1","_group":"flood","zones":[["forecast","ALZ261"],["forecast","ALZ262"],["forecast","ALZ263"],["forecast","ALZ264"],["forecast","ALZ265"],["forecast","ALZ266"],["forecast","FLZ201"],["forecast","FLZ202"],["forecast","FLZ203"],["forecast","FLZ204"],["forecast","FLZ205"],["forecast","FLZ206"]],"fips":["01097","01003","12033","12113","12091"]},{"event":"Heat Advisory","severity":"Moderate","certainty":"Likely","urgency":"Expected","headline":"Heat Advisory issued October 3 at 8:16AM PDT until October 3 at 11:00PM PDT by NWS Eureka CA","onset":"2026-10-03T11:00:00-07:00","ends":"2026-10-03T23:00:00-07:00","expires":"2026-10-03T16:30:00-07:00","areaDesc":"Southwestern Interior Mendocino; Southeastern Interior Mendocino; Western Lake; Southwestern Lake; Eastern Lake","senderName":"NWS Eureka CA","id":"urn:oid:2.49.0.1.840.0.ff5f21396fb5e6fc768685af478449cae4a2b3ed.001.1","_group":"heat","zones":[["forecast","CAZ112"],["forecast","CAZ113"],["forecast","CAZ118"],["forecast","CAZ119"],["forecast","CAZ120"]],"fips":["06045","06033"]},{"event":"Gale Warning","severity":"Moderate","certainty":"Likely","urgency":"Expected","headline":"Gale Warning issued October 3 at 4:37AM AKDT until October 3 at 5:00PM AKDT by NWS Anchorage AK","onset":"2026-10-03T05:00:00-08:00","ends":"2026-10-03T17:00:00-08:00","expires":"2026-10-03T17:00:00-08:00","areaDesc":"Sitkinak to Castle Cape out to 15 NM","senderName":"NWS Anchorage AK","id":"urn:oid:2.49.0.1.840.0.027e4cfc5e79a2cb2005f52bb3cf18995cbb8395.002.1","_group":"wind","zones":[["marine","PKZ750"]],"fips":["58750"]},{"event":"Gale Warning","severity":"Moderate","certainty":"Likely","urgency":"Expected","headline":"Gale Warning issued October 3 at 4:37AM AKDT until October 3 at 5:00PM AKDT by NWS Anchorage AK","onset":"2026-10-03T05:00:00-08:00","ends":"2026-10-03T17:00:00-08:00","expires":"2026-10-03T17:00:00-08:00","areaDesc":"Bering Sea Offshore  West of 180 and East of the International Date Line","senderName":"NWS Anchorage AK","id":"urn:oid:2.49.0.1.840.0.2aec8c194f020180b43c8a75716549a675749f87.002.1","_group":"wind","zones":[["marine","PKZ411"]],"fips":["58411"]},{"event":"Gale Warning","severity":"Moderate","certainty":"Likely","urgency":"Expected","headline":"Gale Warning issued October 3 at 4:37AM AKDT until October 4 at 5:00AM AKDT by NWS Juneau AK","onset":"2026-10-03T04:00:00-08:00","ends":"2026-10-04T05:00:00-08:00","expires":"2026-10-03T22:45:00-08:00","areaDesc":"Cape Spencer to Cape Fairweather out to 15 NM","senderName":"NWS Juneau AK","id":"urn:oid:2.49.0.1.840.0.c5ac4e6f859047639066b01f6fabbf526c15020f.008.1","_group":"wind","zones":[["marine","PKZ644"]],"fips":["58644"]},{"event":"Gale Warning","severity":"Moderate","certainty":"Likely","urgency":"Expected","headline":"Gale Warning issued October 3 at 4:37AM AKDT until October 4 at 5:00AM AKDT by NWS Juneau AK","onset":"2026-10-03T04:00:00-08:00","ends":"2026-10-04T05:00:00-08:00","expires":"2026-10-03T22:45:00-08:00","areaDesc":"Dixon Entrance to Cape Decision from 15 to 90 NM","senderName":"NWS Juneau AK","id":"urn:oid:2.49.0.1.840.0.c5ac4e6f859047639066b01f6fabbf526c15020f.003.1","_group":"wind","zones":[["marine","PKZ661"]],"fips":["58661"]},{"event":"Gale Warning","severity":"Moderate","certainty":"Likely","urgency":"Expected","headline":"Gale Warning issued October 3 at 4:37AM AKDT until October 4 at 5:00AM AKDT by NWS Juneau AK","onset":"2026-10-03T04:00:00-08:00","ends":"2026-10-04T05:00:00-08:00","expires":"2026-10-03T22:45:00-08:00","areaDesc":"Icy Cape to Cape Suckling from 15 to 80 NM","senderName":"NWS Juneau AK","id":"urn:oid:2.49.0.1.840.0.c5ac4e6f859047639066b01f6fabbf526c15020f.013.1","_group":"wind","zones":[["marine","PKZ672"]],"fips":["58672"]},{"event":"Gale Warning","severity":"Moderate","certainty":"Likely","urgency":"Expected","headline":"Gale Warning issued October 3 at 4:37AM AKDT until October 4 at 5:00AM AKDT by NWS Juneau AK","onset":"2026-10-03T04:00:00-08:00","ends":"2026-10-04T05:00:00-08:00","expires":"2026-10-03T22:45:00-08:00","areaDesc":"Cape Edgecumbe to Cape Spencer out to 15 NM","senderName":"NWS Juneau AK","id":"urn:oid:2.49.0.1.840.0.c5ac4e6f859047639066b01f6fabbf526c15020f.006.1","_group":"wind","zones":[["marine","PKZ643"]],"fips":["58643"]},{"event":"Gale Warning","severity":"Moderate","certainty":"Likely","urgency":"Expected","headline":"Gale Warning issued October 3 at 4:37AM AKDT until October 4 at 5:00AM AKDT by NWS Juneau AK","onset":"2026-10-03T04:00:00-08:00","ends":"2026-10-04T05:00:00-08:00","expires":"2026-10-03T22:45:00-08:00","areaDesc":"Cape Decision to Cape Edgecumbe from 15 to 80 NM","senderName":"NWS Juneau AK","id":"urn:oid:2.49.0.1.840.0.c5ac4e6f859047639066b01f6fabbf526c15020f.005.1","_group":"wind","zones":[["marine","PKZ662"]],"fips":["58662"]},{"event":"Storm Warning","severity":"Severe","certainty":"Observed","urgency":"Immediate","headline":"Storm Warning issued October 3 at 4:37AM AKDT until October 3 at 5:00PM AKDT by NWS Anchorage AK","onset":"2026-10-03T05:00:00-08:00","ends":"2026-10-03T17:00:00-08:00","expires":"2026-10-03T17:00:00-08:00","areaDesc":"Kiska to Attu Pacific Side","senderName":"NWS Anchorage AK","id":"urn:oid:2.49.0.1.840.0.027e4cfc5e79a2cb2005f52bb3cf18995cbb8395.029.1","_group":"wind","zones":[["marine","PKZ787"]],"fips":["58787"]},{"event":"Gale Warning","severity":"Moderate","certainty":"Likely","urgency":"Expected","headline":"Gale Warning issued October 3 at 4:37AM AKDT until October 4 at 5:00AM AKDT by NWS Juneau AK","onset":"2026-10-03T04:00:00-08:00","ends":"2026-10-04T05:00:00-08:00","expires":"2026-10-03T22:45:00-08:00","areaDesc":"Cape Spencer to Cape Fairweather from 15 to 85 NM","senderName":"NWS Juneau AK","id":"urn:oid:2.49.0.1.840.0.c5ac4e6f859047639066b01f6fabbf526c15020f.009.1","_group":"wind","zones":[["marine","PKZ664"]],"fips":["58664"]},{"event":"Gale Warning","severity":"Moderate","certainty":"Likely","urgency":"Expected","headline":"Gale Warning issued October 3 at 4:37AM AKDT until October 4 at 5:00AM AKDT by NWS Juneau AK","onset":"2026-10-03T04:00:00-08:00","ends":"2026-10-04T05:00:00-08:00","expires":"2026-10-03T22:45:00-08:00","areaDesc":"Cape Edgecumbe to Cape Spencer from 15 to 80 NM","senderName":"NWS Juneau AK","id":"urn:oid:2.49.0.1.840.0.c5ac4e6f859047639066b01f6fabbf526c15020f.007.1","_group":"wind","zones":[["marine","PKZ663"]],"fips":["58663"]},{"event":"Gale Warning","severity":"Moderate","certainty":"Likely","urgency":"Expected","headline":"Gale Warning issued October 3 at 4:37AM AKDT until October 4 at 5:00AM AKDT by NWS Juneau AK","onset":"2026-10-03T04:00:00-08:00","ends":"2026-10-04T05:00:00-08:00","expires":"2026-10-03T22:45:00-08:00","areaDesc":"Icy Cape to Cape Suckling out to 15 NM","senderName":"NWS Juneau AK","id":"urn:oid:2.49.0.1.840.0.c5ac4e6f859047639066b01f6fabbf526c15020f.012.1","_group":"wind","zones":[["marine","PKZ652"]],"fips":["58652"]},{"event":"Gale Warning","severity":"Moderate","certainty":"Likely","urgency":"Expected","headline":"Gale Warning issued October 3 at 4:37AM AKDT until October 4 at 5:00AM AKDT by NWS Juneau AK","onset":"2026-10-03T04:00:00-08:00","ends":"2026-10-04T05:00:00-08:00","expires":"2026-10-03T22:45:00-08:00","areaDesc":"Cape Fairweather to Icy Cape from 15 to 80 NM","senderName":"NWS Juneau AK","id":"urn:oid:2.49.0.1.840.0.c5ac4e6f859047639066b01f6fabbf526c15020f.011.1","_group":"wind","zones":[["marine","PKZ671"]],"fips":["58671"]},{"event":"Gale Warning","severity":"Moderate","certainty":"Likely","urgency":"Expected","headline":"Gale Warning issued October 3 at 4:37AM AKDT until October 4 at 5:00AM AKDT by NWS Juneau AK","onset":"2026-10-03T04:00:00-08:00","ends":"2026-10-04T05:00:00-08:00","expires":"2026-10-03T22:45:00-08:00","areaDesc":"Cape Fairweather to Icy Cape out to 15 NM","senderName":"NWS Juneau AK","id":"urn:oid:2.49.0.1.840.0.c5ac4e6f859047639066b01f6fabbf526c15020f.010.1","_group":"wind","zones":[["marine","PKZ651"]],"fips":["58651"]},{"event":"Gale Warning","severity":"Moderate","certainty":"Likely","urgency":"Expected","headline":"Gale Warning issued October 3 at 4:37AM AKDT until October 4 at 5:00AM AKDT by NWS Juneau AK","onset":"2026-10-03T04:00:00-08:00","ends":"2026-10-04T05:00:00-08:00","expires":"2026-10-03T22:45:00-08:00","areaDesc":"Dixon Entrance to Cape Decision out to 15 NM","senderName":"NWS Juneau AK","id":"urn:oid:2.49.0.1.840.0.c5ac4e6f859047639066b01f6fabbf526c15020f.002.1","_group":"wind","zones":[["marine","PKZ641"]],"fips":["58641"]},{"event":"Gale Warning","severity":"Moderate","certainty":"Likely","urgency":"Expected","headline":"Gale Warning issued October 3 at 4:37AM AKDT until October 4 at 5:00AM AKDT by NWS Juneau AK","onset":"2026-10-03T04:00:00-08:00","ends":"2026-10-04T05:00:00-08:00","expires":"2026-10-03T22:45:00-08:00","areaDesc":"Cape Decision to Cape Edgecumbe out to 15 NM","senderName":"NWS Juneau AK","id":"urn:oid:2.49.0.1.840.0.c5ac4e6f859047639066b01f6fabbf526c15020f.004.1","_group":"wind","zones":[["marine","PKZ642"]],"fips":["58642"]},{"event":"Gale Warning","severity":"Moderate","certainty":"Likely","urgency":"Expected","headline":"Gale Warning issued October 3 at 4:37AM AKDT until October 4 at 5:00PM AKDT by NWS Anchorage AK","onset":"2026-10-03T17:00:00-08:00","ends":"2026-10-04T17:00:00-08:00","expires":"2026-10-03T17:00:00-08:00","areaDesc":"Nikolski to Seguam Pacfic Side out to 15 NM","senderName":"NWS Anchorage AK","id":"urn:oid:2.49.0.1.840.0.027e4cfc5e79a2cb2005f52bb3cf18995cbb8395.020.1","_group":"wind","zones":[["marine","PKZ777"]],"fips":["58777"]},{"event":"Gale Warning","severity":"Moderate","certainty":"Likely","urgency":"Expected","headline":"Gale Warning issued October 3 at 4:37AM AKDT until October 4 at 5:00PM AKDT by NWS Anchorage AK","onset":"2026-10-03T17:00:00-08:00","ends":"2026-10-04T17:00:00-08:00","expires":"2026-10-03T17:00:00-08:00","areaDesc":"Unalga Pass to Nikolski Pacific Side from 15 to 85 NM","senderName":"NWS Anchorage AK","id":"urn:oid:2.49.0.1.840.0.027e4cfc5e79a2cb2005f52bb3cf18995cbb8395.017.1","_group":"wind","zones":[["marine","PKZ774"]],"fips":["58774"]},{"event":"Gale Warning","severity":"Moderate","certainty":"Likely","urgency":"Expected","headline":"Gale Warning issued October 3 at 4:37AM AKDT until October 4 at 5:00PM AKDT by NWS Anchorage AK","onset":"2026-10-04T05:00:00-08:00","ends":"2026-10-04T17:00:00-08:00","expires":"2026-10-03T17:00:00-08:00","areaDesc":"Cape Tolstoi to Unalga Pass from 15 to 100 NM","senderName":"NWS Anchorage AK","id":"urn:oid:2.49.0.1.840.0.027e4cfc5e79a2cb2005f52bb3cf18995cbb8395.007.1","_group":"wind","zones":[["marine","PKZ755"]],"fips":["58755"]},{"event":"Gale Warning","severity":"Moderate","certainty":"Likely","urgency":"Expected","headline":"Gale Warning issued October 3 at 4:37AM AKDT until October 4 at 5:00PM AKDT by NWS Anchorage AK","onset":"2026-10-04T05:00:00-08:00","ends":"2026-10-04T17:00:00-08:00","expires":"2026-10-03T17:00:00-08:00","areaDesc":"Nelson Lagoon to Unalga Pass from 15 to 70 NM","senderName":"NWS Anchorage AK","id":"urn:oid:2.49.0.1.840.0.027e4cfc5e79a2cb2005f52bb3cf18995cbb8395.011.1","_group":"wind","zones":[["marine","PKZ759"]],"fips":["58759"]},{"event":"Gale Warning","severity":"Moderate","certainty":"Likely","urgency":"Expected","headline":"Gale Warning issued October 3 at 4:37AM AKDT until October 4 at 5:00PM AKDT by NWS Anchorage AK","onset":"2026-10-04T05:00:00-08:00","ends":"2026-10-04T17:00:00-08:00","expires":"2026-10-03T17:00:00-08:00","areaDesc":"Unimak Pass","senderName":"NWS Anchorage AK","id":"urn:oid:2.49.0.1.840.0.027e4cfc5e79a2cb2005f52bb3cf18995cbb8395.012.1","_group":"wind","zones":[["marine","PKZ768"]],"fips":["58768"]},{"event":"Gale Warning","severity":"Moderate","certainty":"Likely","urgency":"Expected","headline":"Gale Warning issued October 3 at 4:37AM AKDT until October 4 at 5:00PM AKDT by NWS Anchorage AK","onset":"2026-10-03T17:00:00-08:00","ends":"2026-10-04T17:00:00-08:00","expires":"2026-10-03T17:00:00-08:00","areaDesc":"Nikolski to Seguam Bering Side out to 15 NM","senderName":"NWS Anchorage AK","id":"urn:oid:2.49.0.1.840.0.027e4cfc5e79a2cb2005f52bb3cf18995cbb8395.018.1","_group":"wind","zones":[["marine","PKZ775"]],"fips":["58775"]},{"event":"Gale Warning","severity":"Moderate","certainty":"Likely","urgency":"Expected","headline":"Gale Warning issued October 3 at 4:37AM AKDT until October 4 at 5:00PM AKDT by NWS Anchorage AK","onset":"2026-10-03T04:00:00-08:00","ends":"2026-10-04T17:00:00-08:00","expires":"2026-10-03T17:00:00-08:00","areaDesc":"Seguam to Adak Pacific Side from 15 to 75 NM","senderName":"NWS Anchorage AK","id":"urn:oid:2.49.0.1.840.0.027e4cfc5e79a2cb2005f52bb3cf18995cbb8395.025.1","_group":"wind","zones":[["marine","PKZ783"]],"fips":["58783"]},{"event":"Gale Warning","severity":"Moderate","certainty":"Likely","urgency":"Expected","headline":"Gale Warning issued October 3 at 4:37AM AKDT until October 4 at 5:00PM AKDT by NWS Anchorage AK","onset":"2026-10-03T17:00:00-08:00","ends":"2026-10-04T17:00:00-08:00","expires":"2026-10-03T17:00:00-08:00","areaDesc":"Nikolski to Seguam Bering Side from 15 to 85 NM","senderName":"NWS Anchorage AK","id":"urn:oid:2.49.0.1.840.0.027e4cfc5e79a2cb2005f52bb3cf18995cbb8395.019.1","_group":"wind","zones":[["marine","PKZ776"]],"fips":["58776"]},{"event":"Gale Warning","severity":"Moderate","certainty":"Likely","urgency":"Expected","headline":"Gale Warning issued October 3 at 4:37AM AKDT until October 3 at 5:00PM AKDT by NWS Anchorage AK","onset":"2026-10-03T05:00:00-08:00","ends":"2026-10-03T17:00:00-08:00","expires":"2026-10-03T17:00:00-08:00","areaDesc":"Kiska to Attu Bering Side","senderName":"NWS Anchorage AK","id":"urn:oid:2.49.0.1.840.0.027e4cfc5e79a2cb2005f52bb3cf18995cbb8395.028.1","_group":"wind","zones":[["marine","PKZ786"]],"fips":["58786"]},{"event":"Gale Warning","severity":"Moderate","certainty":"Likely","urgency":"Expected","headline":"Gale Warning issued October 3 at 4:37AM AKDT until October 4 at 5:00PM AKDT by NWS Anchorage AK","onset":"2026-10-04T05:00:00-08:00","ends":"2026-10-04T17:00:00-08:00","expires":"2026-10-03T17:00:00-08:00","areaDesc":"Cape Tolstoi to Cape Sarichef out to 15 NM","senderName":"NWS Anchorage AK","id":"urn:oid:2.49.0.1.840.0.027e4cfc5e79a2cb2005f52bb3cf18995cbb8395.006.1","_group":"wind","zones":[["marine","PKZ754"]],"fips":["58754"]},{"event":"Gale Warning","severity":"Moderate","certainty":"Likely","urgency":"Expected","headline":"Gale Warning issued October 3 at 4:37AM AKDT until October 4 at 5:00PM AKDT by NWS Anchorage AK","onset":"2026-10-03T17:00:00-08:00","ends":"2026-10-04T17:00:00-08:00","expires":"2026-10-03T17:00:00-08:00","areaDesc":"Unalga Pass to Nikolski Bering Side from 15 to 85 NM","senderName":"NWS Anchorage AK","id":"urn:oid:2.49.0.1.840.0.027e4cfc5e79a2cb2005f52bb3cf18995cbb8395.014.1","_group":"wind","zones":[["marine","PKZ772"]],"fips":["58772"]},{"event":"Gale Warning","severity":"Moderate","certainty":"Likely","urgency":"Expected","headline":"Gale Warning issued October 3 at 4:37AM AKDT until October 4 at 5:00PM AKDT by NWS Anchorage AK","onset":"2026-10-04T05:00:00-08:00","ends":"2026-10-04T17:00:00-08:00","expires":"2026-10-03T17:00:00-08:00","areaDesc":"Unalaska Bay","senderName":"NWS Anchorage AK","id":"urn:oid:2.49.0.1.840.0.027e4cfc5e79a2cb2005f52bb3cf18995cbb8395.015.1","_group":"wind","zones":[["marine","PKZ771"]],"fips":["58771"]},{"event":"Gale Warning","severity":"Moderate","certainty":"Likely","urgency":"Expected","headline":"Gale Warning issued October 3 at 4:37AM AKDT until October 4 at 5:00PM AKDT by NWS Anchorage AK","onset":"2026-10-04T05:00:00-08:00","ends":"2026-10-04T17:00:00-08:00","expires":"2026-10-03T17:00:00-08:00","areaDesc":"Unalga Pass to Nikolski Bering Side out to 15 NM","senderName":"NWS Anchorage AK","id":"urn:oid:2.49.0.1.840.0.027e4cfc5e79a2cb2005f52bb3cf18995cbb8395.013.1","_group":"wind","zones":[["marine","PKZ770"]],"fips":["58770"]},{"event":"Gale Warning","severity":"Moderate","certainty":"Likely","urgency":"Expected","headline":"Gale Warning issued October 3 at 4:37AM AKDT until October 4 at 5:00PM AKDT by NWS Anchorage AK","onset":"2026-10-03T17:00:00-08:00","ends":"2026-10-04T17:00:00-08:00","expires":"2026-10-03T17:00:00-08:00","areaDesc":"Nikolski to Seguam Pacific Side from 15 to 75 NM","senderName":"NWS Anchorage AK","id":"urn:oid:2.49.0.1.840.0.027e4cfc5e79a2cb2005f52bb3cf18995cbb8395.021.1","_group":"wind","zones":[["marine","PKZ778"]],"fips":["58778"]},{"event":"Gale Warning","severity":"Moderate","certainty":"Likely","urgency":"Expected","headline":"Gale Warning issued October 3 at 4:37AM AKDT until October 4 at 5:00PM AKDT by NWS Anchorage AK","onset":"2026-10-03T04:00:00-08:00","ends":"2026-10-04T17:00:00-08:00","expires":"2026-10-03T17:00:00-08:00","areaDesc":"Seguam to Adak Bering Side from 15 to 85 NM","senderName":"NWS Anchorage AK","id":"urn:oid:2.49.0.1.840.0.027e4cfc5e79a2cb2005f52bb3cf18995cbb8395.023.1","_group":"wind","zones":[["marine","PKZ781"]],"fips":["58781"]},{"event":"Gale Warning","severity":"Moderate","certainty":"Likely","urgency":"Expected","headline":"Gale Warning issued October 3 at 4:37AM AKDT until October 4 at 5:00PM AKDT by NWS Anchorage AK","onset":"2026-10-03T17:00:00-08:00","ends":"2026-10-04T17:00:00-08:00","expires":"2026-10-03T17:00:00-08:00","areaDesc":"Unalga Pass to Nikolski Pacific Side out to 15 NM","senderName":"NWS Anchorage AK","id":"urn:oid:2.49.0.1.840.0.027e4cfc5e79a2cb2005f52bb3cf18995cbb8395.016.1","_group":"wind","zones":[["marine","PKZ773"]],"fips":["58773"]},{"event":"Gale Warning","severity":"Moderate","certainty":"Likely","urgency":"Expected","headline":"Gale Warning issued October 3 at 4:37AM AKDT until October 4 at 5:00AM AKDT by NWS Anchorage AK","onset":"2026-10-03T04:00:00-08:00","ends":"2026-10-04T05:00:00-08:00","expires":"2026-10-03T17:00:00-08:00","areaDesc":"Seguam to Adak Pacific Side out to 15 NM","senderName":"NWS Anchorage AK","id":"urn:oid:2.49.0.1.840.0.027e4cfc5e79a2cb2005f52bb3cf18995cbb8395.024.1","_group":"wind","zones":[["marine","PKZ782"]],"fips":["58782"]},{"event":"Gale Warning","severity":"Moderate","certainty":"Likely","urgency":"Expected","headline":"Gale Warning issued October 3 at 4:37AM AKDT until October 4 at 5:00AM AKDT by NWS Anchorage AK","onset":"2026-10-03T04:00:00-08:00","ends":"2026-10-04T05:00:00-08:00","expires":"2026-10-03T17:00:00-08:00","areaDesc":"Seguam to Adak Bering Side out to 15 NM","senderName":"NWS Anchorage AK","id":"urn:oid:2.49.0.1.840.0.027e4cfc5e79a2cb2005f52bb3cf18995cbb8395.022.1","_group":"wind","zones":[["marine","PKZ780"]],"fips":["58780"]},{"event":"Gale Warning","severity":"Moderate","certainty":"Likely","urgency":"Expected","headline":"Gale Warning issued October 3 at 4:37AM AKDT until October 4 at 5:00AM AKDT by NWS Anchorage AK","onset":"2026-10-03T04:00:00-08:00","ends":"2026-10-04T05:00:00-08:00","expires":"2026-10-03T17:00:00-08:00","areaDesc":"Adak to Kiska Bering Side","senderName":"NWS Anchorage AK","id":"urn:oid:2.49.0.1.840.0.027e4cfc5e79a2cb2005f52bb3cf18995cbb8395.026.1","_group":"wind","zones":[["marine","PKZ784"]],"fips":["58784"]},{"event":"Gale Warning","severity":"Moderate","certainty":"Likely","urgency":"Expected","headline":"Gale Warning issued October 3 at 4:37AM AKDT until October 4 at 5:00AM AKDT by NWS Anchorage AK","onset":"2026-10-03T04:00:00-08:00","ends":"2026-10-04T05:00:00-08:00","expires":"2026-10-03T17:00:00-08:00","areaDesc":"Adak to Kiska Pacific Side","senderName":"NWS Anchorage AK","id":"urn:oid:2.49.0.1.840.0.027e4cfc5e79a2cb2005f52bb3cf18995cbb8395.027.1","_group":"wind","zones":[["marine","PKZ785"]],"fips":["58785"]},{"event":"Gale Warning","severity":"Moderate","certainty":"Likely","urgency":"Expected","headline":"Gale Warning issued October 3 at 4:37AM AKDT until October 4 at 5:00AM AKDT by NWS Anchorage AK","onset":"2026-10-03T17:00:00-08:00","ends":"2026-10-04T05:00:00-08:00","expires":"2026-10-03T17:00:00-08:00","areaDesc":"Bering Sea Offshore 171W to 180 and South of 56N","senderName":"NWS Anchorage AK","id":"urn:oid:2.49.0.1.840.0.2aec8c194f020180b43c8a75716549a675749f87.004.1","_group":"wind","zones":[["marine","PKZ413"]],"fips":["58413"]},{"event":"Gale Warning","severity":"Moderate","certainty":"Likely","urgency":"Expected","headline":"Gale Warning issued October 3 at 4:36AM AKDT until October 3 at 5:00PM AKDT by NWS Juneau AK","onset":"2026-10-03T05:00:00-08:00","ends":"2026-10-03T17:00:00-08:00","expires":"2026-10-03T22:45:00-08:00","areaDesc":"Gulf of Alaska North of 57 Degrees North and East of 144 W","senderName":"NWS Juneau AK","id":"urn:oid:2.49.0.1.840.0.703a07a9319c74395c85574cddafc9af6f6fb2ed.002.1","_group":"wind","zones":[["marine","PKZ311"]],"fips":["58311"]},{"event":"Gale Warning","severity":"Moderate","certainty":"Likely","urgency":"Expected","headline":"Gale Warning issued October 3 at 4:36AM AKDT until October 4 at 5:00AM AKDT by NWS Juneau AK","onset":"2026-10-03T05:00:00-08:00","ends":"2026-10-04T05:00:00-08:00","expires":"2026-10-03T22:45:00-08:00","areaDesc":"Gulf of Alaska North of 57 Degrees North and East of 144 W","senderName":"NWS Juneau AK","id":"urn:oid:2.49.0.1.840.0.703a07a9319c74395c85574cddafc9af6f6fb2ed.002.2","_group":"wind","zones":[["marine","PKZ311"]],"fips":["58311"]},{"event":"Gale Warning","severity":"Moderate","certainty":"Likely","urgency":"Expected","headline":"Gale Warning issued October 3 at 4:36AM AKDT until October 4 at 5:00AM AKDT by NWS Juneau AK","onset":"2026-10-03T05:00:00-08:00","ends":"2026-10-04T05:00:00-08:00","expires":"2026-10-03T22:45:00-08:00","areaDesc":"Gulf of Alaska South of 57 Degrees North and East of 144 W","senderName":"NWS Juneau AK","id":"urn:oid:2.49.0.1.840.0.703a07a9319c74395c85574cddafc9af6f6fb2ed.003.1","_group":"wind","zones":[["marine","PKZ312"]],"fips":["58312"]},{"event":"Gale Warning","severity":"Moderate","certainty":"Likely","urgency":"Expected","headline":"Gale Warning issued October 3 at 4:12AM AKDT until October 4 at 5:00AM AKDT by NWS Anchorage AK","onset":"2026-10-03T04:00:00-08:00","ends":"2026-10-04T05:00:00-08:00","expires":"2026-10-03T16:30:00-08:00","areaDesc":"Cape Cleare to Gore Point out to 15 NM","senderName":"NWS Anchorage AK","id":"urn:oid:2.49.0.1.840.0.94ebf188c55c9e0a8150684c15a497874a5cf099.005.1","_group":"wind","zones":[["marine","PKZ715"]],"fips":["58715"]},{"event":"Gale Warning","severity":"Moderate","certainty":"Likely","urgency":"Expected","headline":"Gale Warning issued October 3 at 4:12AM AKDT until October 3 at 5:00PM AKDT by NWS Anchorage AK","onset":"2026-10-03T05:00:00-08:00","ends":"2026-10-03T17:00:00-08:00","expires":"2026-10-03T16:30:00-08:00","areaDesc":"Cook Inlet Kalgin Island to Point Bede","senderName":"NWS Anchorage AK","id":"urn:oid:2.49.0.1.840.0.94ebf188c55c9e0a8150684c15a497874a5cf099.023.1","_group":"wind","zones":[["marine","PKZ742"]],"fips":["58742"]},{"event":"Gale Warning","severity":"Moderate","certainty":"Likely","urgency":"Expected","headline":"Gale Warning issued October 3 at 4:12AM AKDT until October 3 at 5:00PM AKDT by NWS Anchorage AK","onset":"2026-10-03T05:00:00-08:00","ends":"2026-10-03T17:00:00-08:00","expires":"2026-10-03T16:30:00-08:00","areaDesc":"Marmot Island To Sitkinak from 15 to 85 NM","senderName":"NWS Anchorage AK","id":"urn:oid:2.49.0.1.840.0.94ebf188c55c9e0a8150684c15a497874a5cf099.019.1","_group":"wind","zones":[["marine","PKZ734"]],"fips":["58734"]},{"event":"Gale Warning","severity":"Moderate","certainty":"Likely","urgency":"Expected","headline":"Gale Warning issued October 3 at 4:12AM AKDT until October 3 at 5:00PM AKDT by NWS Anchorage AK","onset":"2026-10-03T05:00:00-08:00","ends":"2026-10-03T17:00:00-08:00","expires":"2026-10-03T16:30:00-08:00","areaDesc":"Marmot Island to Sitkinak out to 15 NM","senderName":"NWS Anchorage AK","id":"urn:oid:2.49.0.1.840.0.94ebf188c55c9e0a8150684c15a497874a5cf099.018.1","_group":"wind","zones":[["marine","PKZ732"]],"fips":["58732"]},{"event":"Gale Warning","severity":"Moderate","certainty":"Likely","urgency":"Expected","headline":"Gale Warning issued October 3 at 4:12AM AKDT until October 3 at 5:00PM AKDT by NWS Anchorage AK","onset":"2026-10-03T05:00:00-08:00","ends":"2026-10-03T17:00:00-08:00","expires":"2026-10-03T16:30:00-08:00","areaDesc":"Chiniak Bay","senderName":"NWS Anchorage AK","id":"urn:oid:2.49.0.1.840.0.94ebf188c55c9e0a8150684c15a497874a5cf099.020.1","_group":"wind","zones":[["marine","PKZ736"]],"fips":["58736"]},{"event":"Gale Warning","severity":"Moderate","certainty":"Likely","urgency":"Expected","headline":"Gale Warning issued October 3 at 4:12AM AKDT until October 4 at 5:00AM AKDT by NWS Anchorage AK","onset":"2026-10-03T04:00:00-08:00","ends":"2026-10-04T05:00:00-08:00","expires":"2026-10-03T16:30:00-08:00","areaDesc":"Gore Point to Marmot Island from 15 to 80 NM","senderName":"NWS Anchorage AK","id":"urn:oid:2.49.0.1.840.0.94ebf188c55c9e0a8150684c15a497874a5cf099.017.1","_group":"wind","zones":[["marine","PKZ733"]],"fips":["58733"]},{"event":"Gale Warning","severity":"Moderate","certainty":"Likely","urgency":"Expected","headline":"Gale Warning issued October 3 at 4:12AM AKDT until October 4 at 5:00AM AKDT by NWS Anchorage AK","onset":"2026-10-03T17:00:00-08:00","ends":"2026-10-04T05:00:00-08:00","expires":"2026-10-03T16:30:00-08:00","areaDesc":"Central and Eastern Prince William Sound","senderName":"NWS Anchorage AK","id":"urn:oid:2.49.0.1.840.0.94ebf188c55c9e0a8150684c15a497874a5cf099.009.1","_group":"wind","zones":[["marine","PKZ725"]],"fips":["58725"]},{"event":"Gale Warning","severity":"Moderate","certainty":"Likely","urgency":"Expected","headline":"Gale Warning issued October 3 at 4:12AM AKDT until October 3 at 5:00PM AKDT by NWS Anchorage AK","onset":"2026-10-03T05:00:00-08:00","ends":"2026-10-03T17:00:00-08:00","expires":"2026-10-03T16:30:00-08:00","areaDesc":"Marmot Bay","senderName":"NWS Anchorage AK","id":"urn:oid:2.49.0.1.840.0.94ebf188c55c9e0a8150684c15a497874a5cf099.021.1","_group":"wind","zones":[["marine","PKZ737"]],"fips":["58737"]},{"event":"Gale Warning","severity":"Moderate","certainty":"Likely","urgency":"Expected","headline":"Gale Warning issued October 3 at 4:12AM AKDT until October 4 at 5:00AM AKDT by NWS Anchorage AK","onset":"2026-10-03T04:00:00-08:00","ends":"2026-10-04T05:00:00-08:00","expires":"2026-10-03T16:30:00-08:00","areaDesc":"Cape Suckling to Cape Cleare from 15 to 75 NM","senderName":"NWS Anchorage AK","id":"urn:oid:2.49.0.1.840.0.94ebf188c55c9e0a8150684c15a497874a5cf099.004.1","_group":"wind","zones":[["marine","PKZ712"]],"fips":["58712"]},{"event":"Gale Warning","severity":"Moderate","certainty":"Likely","urgency":"Expected","headline":"Gale Warning issued October 3 at 4:12AM AKDT until October 4 at 5:00AM AKDT by NWS Anchorage AK","onset":"2026-10-03T04:00:00-08:00","ends":"2026-10-04T05:00:00-08:00","expires":"2026-10-03T16:30:00-08:00","areaDesc":"West of Barren Islands Including Kamishak Bay","senderName":"NWS Anchorage AK","id":"urn:oid:2.49.0.1.840.0.94ebf188c55c9e0a8150684c15a497874a5cf099.015.1","_group":"wind","zones":[["marine","PKZ730"]],"fips":["58730"]},{"event":"Gale Warning","severity":"Moderate","certainty":"Likely","urgency":"Expected","headline":"Gale Warning issued October 3 at 4:12AM AKDT until October 4 at 5:00AM AKDT by NWS Anchorage AK","onset":"2026-10-03T04:00:00-08:00","ends":"2026-10-04T05:00:00-08:00","expires":"2026-10-03T16:30:00-08:00","areaDesc":"Shelikof Strait","senderName":"NWS Anchorage AK","id":"urn:oid:2.49.0.1.840.0.94ebf188c55c9e0a8150684c15a497874a5cf099.022.1","_group":"wind","zones":[["marine","PKZ738"]],"fips":["58738"]},{"event":"Gale Warning","severity":"Moderate","certainty":"Likely","urgency":"Expected","headline":"Gale Warning issued October 3 at 4:12AM AKDT until October 4 at 5:00AM AKDT by NWS Anchorage AK","onset":"2026-10-03T04:00:00-08:00","ends":"2026-10-04T05:00:00-08:00","expires":"2026-10-03T16:30:00-08:00","areaDesc":"Cape Cleare to Gore Point from 15 to 75 NM","senderName":"NWS Anchorage AK","id":"urn:oid:2.49.0.1.840.0.94ebf188c55c9e0a8150684c15a497874a5cf099.006.1","_group":"wind","zones":[["marine","PKZ716"]],"fips":["58716"]},{"event":"Gale Warning","severity":"Moderate","certainty":"Likely","urgency":"Expected","headline":"Gale Warning issued October 3 at 4:12AM AKDT until October 4 at 5:00AM AKDT by NWS Anchorage AK","onset":"2026-10-03T04:00:00-08:00","ends":"2026-10-04T05:00:00-08:00","expires":"2026-10-03T16:30:00-08:00","areaDesc":"Cape Suckling to Gravel Point out to 15 NM","senderName":"NWS Anchorage AK","id":"urn:oid:2.49.0.1.840.0.94ebf188c55c9e0a8150684c15a497874a5cf099.002.1","_group":"wind","zones":[["marine","PKZ710"]],"fips":["58710"]},{"event":"Gale Warning","severity":"Moderate","certainty":"Likely","urgency":"Expected","headline":"Gale Warning issued October 3 at 4:12AM AKDT until October 4 at 5:00AM AKDT by NWS Anchorage AK","onset":"2026-10-03T04:00:00-08:00","ends":"2026-10-04T05:00:00-08:00","expires":"2026-10-03T16:30:00-08:00","areaDesc":"Gravel Point to Cape Cleare out to 15 NM","senderName":"NWS Anchorage AK","id":"urn:oid:2.49.0.1.840.0.94ebf188c55c9e0a8150684c15a497874a5cf099.003.1","_group":"wind","zones":[["marine","PKZ711"]],"fips":["58711"]},{"event":"Gale Warning","severity":"Moderate","certainty":"Likely","urgency":"Expected","headline":"Gale Warning issued October 3 at 4:12AM AKDT until October 4 at 5:00AM AKDT by NWS Anchorage AK","onset":"2026-10-03T04:00:00-08:00","ends":"2026-10-04T05:00:00-08:00","expires":"2026-10-03T16:30:00-08:00","areaDesc":"Barren Islands East","senderName":"NWS Anchorage AK","id":"urn:oid:2.49.0.1.840.0.94ebf188c55c9e0a8150684c15a497874a5cf099.016.1","_group":"wind","zones":[["marine","PKZ731"]],"fips":["58731"]},{"event":"Gale Warning","severity":"Moderate","certainty":"Likely","urgency":"Expected","headline":"Gale Warning issued October 3 at 4:10AM AKDT until October 3 at 5:00PM AKDT by NWS Anchorage AK","onset":"2026-10-03T05:00:00-08:00","ends":"2026-10-03T17:00:00-08:00","expires":"2026-10-03T17:30:00-08:00","areaDesc":"Gulf of Alaska Offshore North of 57N and West of 144W","senderName":"NWS Anchorage AK","id":"urn:oid:2.49.0.1.840.0.0f7ef71a562c5a1ca88c510695951e72ff7bc780.002.1","_group":"wind","zones":[["marine","PKZ351"]],"fips":["58351"]},{"event":"Flood Watch","severity":"Severe","certainty":"Possible","urgency":"Future","headline":"Flood Watch issued October 3 at 5:30PM ChST until October 5 at 4:00AM ChST by NWS Tiyan GU","onset":"2026-10-03T17:30:00+10:00","ends":"2026-10-05T04:00:00+10:00","expires":"2026-10-04T06:15:00+10:00","areaDesc":"Guam; Rota; Tinian; Saipan","senderName":"NWS Tiyan GU","id":"urn:oid:2.49.0.1.840.0.f28a11b8560800e98c3a7ac79616881bf1463004.001.1","_group":"flood","zones":[["forecast","GUZ001"],["forecast","MPZ001"],["forecast","MPZ002"],["forecast","MPZ003"]],"fips":["66010","69100","69120","69110"]},{"event":"Gale Watch","severity":"Moderate","certainty":"Possible","urgency":"Future","headline":"Gale Watch issued October 3 at 3:07AM EDT until October 4 at 8:00PM EDT by NWS Marquette MI","onset":"2026-10-04T08:00:00-04:00","ends":"2026-10-04T20:00:00-04:00","expires":"2026-10-03T15:15:00-04:00","areaDesc":"Munising to Grand Marais MI","senderName":"NWS Marquette MI","id":"urn:oid:2.49.0.1.840.0.37b6c616307beba7aa39516931f9c3ab49864b90.001.2","_group":"wind","zones":[["marine","LSZ250"]],"fips":["91250"]},{"event":"Gale Watch","severity":"Moderate","certainty":"Possible","urgency":"Future","headline":"Gale Watch issued October 3 at 3:07AM EDT until October 4 at 8:00PM EDT by NWS Marquette MI","onset":"2026-10-04T08:00:00-04:00","ends":"2026-10-04T20:00:00-04:00","expires":"2026-10-03T15:15:00-04:00","areaDesc":"Huron Islands to Marquette MI; Marquette to Munising MI","senderName":"NWS Marquette MI","id":"urn:oid:2.49.0.1.840.0.37b6c616307beba7aa39516931f9c3ab49864b90.010.2","_group":"wind","zones":[["marine","LSZ248"],["marine","LSZ249"]],"fips":["91248","91249"]},{"event":"Gale Watch","severity":"Moderate","certainty":"Possible","urgency":"Future","headline":"Gale Watch issued October 3 at 3:07AM EDT until October 4 at 8:00PM EDT by NWS Marquette MI","onset":"2026-10-04T08:00:00-04:00","ends":"2026-10-04T20:00:00-04:00","expires":"2026-10-03T15:15:00-04:00","areaDesc":"Lake Superior West of Line from Manitou Island to Marquette MI Beyond 5NM from shore; Lake Superior East of a line from Manitou Island to Marquette MI and West of a line from Grand Marais MI to the US/Canadian Border Beyond 5NM from shore; Lake Superior from Grand Marais MI to Whitefish Point MI 5NM off shore to the US/Canadian border","senderName":"NWS Marquette MI","id":"urn:oid:2.49.0.1.840.0.37b6c616307beba7aa39516931f9c3ab49864b90.011.1","_group":"wind","zones":[["marine","LSZ265"],["marine","LSZ266"],["marine","LSZ267"]],"fips":["91265","91266","91267"]},{"event":"Gale Watch","severity":"Moderate","certainty":"Possible","urgency":"Future","headline":"Gale Watch issued October 3 at 3:07AM EDT until October 4 at 8:00PM EDT by NWS Marquette MI","onset":"2026-10-04T08:00:00-04:00","ends":"2026-10-04T20:00:00-04:00","expires":"2026-10-03T15:15:00-04:00","areaDesc":"Grand Marais to Whitefish Point MI","senderName":"NWS Marquette MI","id":"urn:oid:2.49.0.1.840.0.37b6c616307beba7aa39516931f9c3ab49864b90.002.2","_group":"wind","zones":[["marine","LSZ251"]],"fips":["91251"]},{"event":"Flood Watch","severity":"Severe","certainty":"Possible","urgency":"Future","headline":"Flood Watch issued October 3 at 1:13AM CDT until October 5 at 12:00AM CDT by NWS New Orleans LA","onset":"2026-10-03T10:00:00-05:00","ends":"2026-10-05T00:00:00-05:00","expires":"2026-10-03T15:15:00-05:00","areaDesc":"Northern Hancock; Northern Harrison; Northern Jackson; Southern Hancock; Southern Harrison; Southern Jackson","senderName":"NWS New Orleans LA","id":"urn:oid:2.49.0.1.840.0.d89a9d3bc9628b7365515c11fca4c1ba6156c8dc.001.1","_group":"flood","zones":[["forecast","MSZ083"],["forecast","MSZ084"],["forecast","MSZ085"],["forecast","MSZ086"],["forecast","MSZ087"],["forecast","MSZ088"]],"fips":["28045","28047","28059"]},{"event":"Gale Warning","severity":"Moderate","certainty":"Likely","urgency":"Expected","headline":"Gale Warning issued October 2 at 3:25PM AKDT until October 3 at 5:00PM AKDT by NWS Anchorage AK","onset":"2026-10-02T15:00:00-08:00","ends":"2026-10-03T17:00:00-08:00","expires":"2026-10-03T04:30:00-08:00","areaDesc":"Marmot Island to Sitkinak out to 15 NM","senderName":"NWS Anchorage AK","id":"urn:oid:2.49.0.1.840.0.e9cadff1c78e407360b8875d5d503b07f0e23239.018.1","_group":"wind","zones":[["marine","PKZ732"]],"fips":["58732"]},{"event":"Gale Warning","severity":"Moderate","certainty":"Likely","urgency":"Expected","headline":"Gale Warning issued October 2 at 3:25PM AKDT until October 4 at 5:00AM AKDT by NWS Anchorage AK","onset":"2026-10-03T05:00:00-08:00","ends":"2026-10-04T05:00:00-08:00","expires":"2026-10-03T04:30:00-08:00","areaDesc":"Gravel Point to Cape Cleare out to 15 NM","senderName":"NWS Anchorage AK","id":"urn:oid:2.49.0.1.840.0.e9cadff1c78e407360b8875d5d503b07f0e23239.003.1","_group":"wind","zones":[["marine","PKZ711"]],"fips":["58711"]},{"event":"Gale Warning","severity":"Moderate","certainty":"Likely","urgency":"Expected","headline":"Gale Warning issued October 2 at 3:25PM AKDT until October 3 at 5:00PM AKDT by NWS Anchorage AK","onset":"2026-10-02T15:00:00-08:00","ends":"2026-10-03T17:00:00-08:00","expires":"2026-10-03T04:30:00-08:00","areaDesc":"Cape Cleare to Gore Point from 15 to 75 NM","senderName":"NWS Anchorage AK","id":"urn:oid:2.49.0.1.840.0.e9cadff1c78e407360b8875d5d503b07f0e23239.006.1","_group":"wind","zones":[["marine","PKZ716"]],"fips":["58716"]},{"event":"Gale Warning","severity":"Moderate","certainty":"Likely","urgency":"Expected","headline":"Gale Warning issued October 2 at 3:25PM AKDT until October 3 at 5:00PM AKDT by NWS Anchorage AK","onset":"2026-10-02T15:00:00-08:00","ends":"2026-10-03T17:00:00-08:00","expires":"2026-10-03T04:30:00-08:00","areaDesc":"Marmot Bay","senderName":"NWS Anchorage AK","id":"urn:oid:2.49.0.1.840.0.e9cadff1c78e407360b8875d5d503b07f0e23239.021.1","_group":"wind","zones":[["marine","PKZ737"]],"fips":["58737"]},{"event":"Gale Warning","severity":"Moderate","certainty":"Likely","urgency":"Expected","headline":"Gale Warning issued October 2 at 3:25PM AKDT until October 3 at 5:00PM AKDT by NWS Anchorage AK","onset":"2026-10-02T15:00:00-08:00","ends":"2026-10-03T17:00:00-08:00","expires":"2026-10-03T04:30:00-08:00","areaDesc":"Shelikof Strait","senderName":"NWS Anchorage AK","id":"urn:oid:2.49.0.1.840.0.e9cadff1c78e407360b8875d5d503b07f0e23239.022.1","_group":"wind","zones":[["marine","PKZ738"]],"fips":["58738"]},{"event":"Gale Warning","severity":"Moderate","certainty":"Likely","urgency":"Expected","headline":"Gale Warning issued October 2 at 3:25PM AKDT until October 3 at 5:00PM AKDT by NWS Anchorage AK","onset":"2026-10-02T15:00:00-08:00","ends":"2026-10-03T17:00:00-08:00","expires":"2026-10-03T04:30:00-08:00","areaDesc":"Cape Cleare to Gore Point out to 15 NM","senderName":"NWS Anchorage AK","id":"urn:oid:2.49.0.1.840.0.e9cadff1c78e407360b8875d5d503b07f0e23239.005.1","_group":"wind","zones":[["marine","PKZ715"]],"fips":["58715"]},{"event":"Gale Warning","severity":"Moderate","certainty":"Likely","urgency":"Expected","headline":"Gale Warning issued October 2 at 3:25PM AKDT until October 3 at 5:00PM AKDT by NWS Anchorage AK","onset":"2026-10-02T15:00:00-08:00","ends":"2026-10-03T17:00:00-08:00","expires":"2026-10-03T04:30:00-08:00","areaDesc":"Chiniak Bay","senderName":"NWS Anchorage AK","id":"urn:oid:2.49.0.1.840.0.e9cadff1c78e407360b8875d5d503b07f0e23239.020.1","_group":"wind","zones":[["marine","PKZ736"]],"fips":["58736"]},{"event":"Gale Warning","severity":"Moderate","certainty":"Likely","urgency":"Expected","headline":"Gale Warning issued October 2 at 3:25PM AKDT until October 3 at 5:00PM AKDT by NWS Anchorage AK","onset":"2026-10-02T15:00:00-08:00","ends":"2026-10-03T17:00:00-08:00","expires":"2026-10-03T04:30:00-08:00","areaDesc":"Barren Islands East","senderName":"NWS Anchorage AK","id":"urn:oid:2.49.0.1.840.0.e9cadff1c78e407360b8875d5d503b07f0e23239.016.1","_group":"wind","zones":[["marine","PKZ731"]],"fips":["58731"]},{"event":"Gale Warning","severity":"Moderate","certainty":"Likely","urgency":"Expected","headline":"Gale Warning issued October 2 at 3:25PM AKDT until October 3 at 5:00PM AKDT by NWS Anchorage AK","onset":"2026-10-02T15:00:00-08:00","ends":"2026-10-03T17:00:00-08:00","expires":"2026-10-03T04:30:00-08:00","areaDesc":"Gulf of Alaska Offshore North of 57N and West of 144W","senderName":"NWS Anchorage AK","id":"urn:oid:2.49.0.1.840.0.2eec94a63d8252aa6a6969bfcd596d9621f96740.002.1","_group":"wind","zones":[["marine","PKZ351"]],"fips":["58351"]},{"event":"Gale Warning","severity":"Moderate","certainty":"Likely","urgency":"Expected","headline":"Gale Warning issued October 2 at 3:25PM AKDT until October 3 at 5:00PM AKDT by NWS Anchorage AK","onset":"2026-10-02T15:00:00-08:00","ends":"2026-10-03T17:00:00-08:00","expires":"2026-10-03T04:30:00-08:00","areaDesc":"Marmot Island To Sitkinak from 15 to 85 NM","senderName":"NWS Anchorage AK","id":"urn:oid:2.49.0.1.840.0.e9cadff1c78e407360b8875d5d503b07f0e23239.019.1","_group":"wind","zones":[["marine","PKZ734"]],"fips":["58734"]},{"event":"Gale Warning","severity":"Moderate","certainty":"Likely","urgency":"Expected","headline":"Gale Warning issued October 2 at 3:25PM AKDT until October 3 at 5:00PM AKDT by NWS Anchorage AK","onset":"2026-10-02T15:00:00-08:00","ends":"2026-10-03T17:00:00-08:00","expires":"2026-10-03T04:30:00-08:00","areaDesc":"Gore Point to Marmot Island from 15 to 80 NM","senderName":"NWS Anchorage AK","id":"urn:oid:2.49.0.1.840.0.e9cadff1c78e407360b8875d5d503b07f0e23239.017.1","_group":"wind","zones":[["marine","PKZ733"]],"fips":["58733"]},{"event":"Gale Warning","severity":"Moderate","certainty":"Likely","urgency":"Expected","headline":"Gale Warning issued October 2 at 3:25PM AKDT until October 4 at 5:00AM AKDT by NWS Anchorage AK","onset":"2026-10-03T05:00:00-08:00","ends":"2026-10-04T05:00:00-08:00","expires":"2026-10-03T04:30:00-08:00","areaDesc":"Cape Suckling to Cape Cleare from 15 to 75 NM","senderName":"NWS Anchorage AK","id":"urn:oid:2.49.0.1.840.0.e9cadff1c78e407360b8875d5d503b07f0e23239.004.1","_group":"wind","zones":[["marine","PKZ712"]],"fips":["58712"]},{"event":"Gale Warning","severity":"Moderate","certainty":"Likely","urgency":"Expected","headline":"Gale Warning issued October 2 at 3:25PM AKDT until October 4 at 5:00AM AKDT by NWS Anchorage AK","onset":"2026-10-03T05:00:00-08:00","ends":"2026-10-04T05:00:00-08:00","expires":"2026-10-03T04:30:00-08:00","areaDesc":"West of Barren Islands Including Kamishak Bay","senderName":"NWS Anchorage AK","id":"urn:oid:2.49.0.1.840.0.e9cadff1c78e407360b8875d5d503b07f0e23239.015.1","_group":"wind","zones":[["marine","PKZ730"]],"fips":["58730"]},{"event":"Gale Warning","severity":"Moderate","certainty":"Likely","urgency":"Expected","headline":"Gale Warning issued October 2 at 3:25PM AKDT until October 4 at 5:00AM AKDT by NWS Anchorage AK","onset":"2026-10-03T17:00:00-08:00","ends":"2026-10-04T05:00:00-08:00","expires":"2026-10-03T04:30:00-08:00","areaDesc":"Central and Eastern Prince William Sound","senderName":"NWS Anchorage AK","id":"urn:oid:2.49.0.1.840.0.e9cadff1c78e407360b8875d5d503b07f0e23239.009.1","_group":"wind","zones":[["marine","PKZ725"]],"fips":["58725"]},{"event":"Gale Warning","severity":"Moderate","certainty":"Likely","urgency":"Expected","headline":"Gale Warning issued October 2 at 3:25PM AKDT until October 4 at 5:00AM AKDT by NWS Anchorage AK","onset":"2026-10-03T05:00:00-08:00","ends":"2026-10-04T05:00:00-08:00","expires":"2026-10-03T04:30:00-08:00","areaDesc":"Cook Inlet Kalgin Island to Point Bede","senderName":"NWS Anchorage AK","id":"urn:oid:2.49.0.1.840.0.e9cadff1c78e407360b8875d5d503b07f0e23239.023.1","_group":"wind","zones":[["marine","PKZ742"]],"fips":["58742"]},{"event":"Gale Warning","severity":"Moderate","certainty":"Likely","urgency":"Expected","headline":"Gale Warning issued October 2 at 3:25PM AKDT until October 4 at 5:00AM AKDT by NWS Anchorage AK","onset":"2026-10-03T05:00:00-08:00","ends":"2026-10-04T05:00:00-08:00","expires":"2026-10-03T04:30:00-08:00","areaDesc":"Cape Suckling to Gravel Point out to 15 NM","senderName":"NWS Anchorage AK","id":"urn:oid:2.49.0.1.840.0.e9cadff1c78e407360b8875d5d503b07f0e23239.002.1","_group":"wind","zones":[["marine","PKZ710"]],"fips":["58710"]},{"event":"Gale Warning","severity":"Moderate","certainty":"Likely","urgency":"Expected","headline":"Gale Warning issued October 2 at 3:00PM AKDT until October 3 at 5:00PM AKDT by NWS Anchorage AK","onset":"2026-10-02T15:00:00-08:00","ends":"2026-10-03T17:00:00-08:00","expires":"2026-10-03T03:15:00-08:00","areaDesc":"Kiska to Attu Bering Side","senderName":"NWS Anchorage AK","id":"urn:oid:2.49.0.1.840.0.239843b99a03debf2e89f255181a3d67fe9eec12.028.1","_group":"wind","zones":[["marine","PKZ786"]],"fips":["58786"]},{"event":"Gale Warning","severity":"Moderate","certainty":"Likely","urgency":"Expected","headline":"Gale Warning issued October 2 at 3:00PM AKDT until October 3 at 5:00PM AKDT by NWS Anchorage AK","onset":"2026-10-02T15:00:00-08:00","ends":"2026-10-03T17:00:00-08:00","expires":"2026-10-03T03:15:00-08:00","areaDesc":"Sitkinak to Castle Cape out to 15 NM","senderName":"NWS Anchorage AK","id":"urn:oid:2.49.0.1.840.0.239843b99a03debf2e89f255181a3d67fe9eec12.002.1","_group":"wind","zones":[["marine","PKZ750"]],"fips":["58750"]},{"event":"Storm Warning","severity":"Severe","certainty":"Observed","urgency":"Immediate","headline":"Storm Warning issued October 2 at 3:00PM AKDT until October 3 at 5:00PM AKDT by NWS Anchorage AK","onset":"2026-10-03T05:00:00-08:00","ends":"2026-10-03T17:00:00-08:00","expires":"2026-10-03T03:15:00-08:00","areaDesc":"Kiska to Attu Pacific Side","senderName":"NWS Anchorage AK","id":"urn:oid:2.49.0.1.840.0.239843b99a03debf2e89f255181a3d67fe9eec12.029.1","_group":"wind","zones":[["marine","PKZ787"]],"fips":["58787"]},{"event":"Gale Warning","severity":"Moderate","certainty":"Likely","urgency":"Expected","headline":"Gale Warning issued October 2 at 3:00PM AKDT until October 3 at 5:00PM AKDT by NWS Anchorage AK","onset":"2026-10-02T15:00:00-08:00","ends":"2026-10-03T17:00:00-08:00","expires":"2026-10-03T03:15:00-08:00","areaDesc":"Sitkinak to Castle Cape from 15 to 100 NM","senderName":"NWS Anchorage AK","id":"urn:oid:2.49.0.1.840.0.239843b99a03debf2e89f255181a3d67fe9eec12.003.1","_group":"wind","zones":[["marine","PKZ751"]],"fips":["58751"]},{"event":"Gale Warning","severity":"Moderate","certainty":"Likely","urgency":"Expected","headline":"Gale Warning issued October 2 at 3:00PM AKDT until October 4 at 5:00AM AKDT by NWS Anchorage AK","onset":"2026-10-03T17:00:00-08:00","ends":"2026-10-04T05:00:00-08:00","expires":"2026-10-03T03:15:00-08:00","areaDesc":"Nikolski to Seguam Pacific Side from 15 to 75 NM","senderName":"NWS Anchorage AK","id":"urn:oid:2.49.0.1.840.0.239843b99a03debf2e89f255181a3d67fe9eec12.021.1","_group":"wind","zones":[["marine","PKZ778"]],"fips":["58778"]},{"event":"Gale Warning","severity":"Moderate","certainty":"Likely","urgency":"Expected","headline":"Gale Warning issued October 2 at 3:00PM AKDT until October 4 at 5:00AM AKDT by NWS Anchorage AK","onset":"2026-10-03T05:00:00-08:00","ends":"2026-10-04T05:00:00-08:00","expires":"2026-10-03T03:15:00-08:00","areaDesc":"Seguam to Adak Pacific Side out to 15 NM","senderName":"NWS Anchorage AK","id":"urn:oid:2.49.0.1.840.0.239843b99a03debf2e89f255181a3d67fe9eec12.024.1","_group":"wind","zones":[["marine","PKZ782"]],"fips":["58782"]},{"event":"Gale Warning","severity":"Moderate","certainty":"Likely","urgency":"Expected","headline":"Gale Warning issued October 2 at 3:00PM AKDT until October 4 at 5:00AM AKDT by NWS Anchorage AK","onset":"2026-10-03T17:00:00-08:00","ends":"2026-10-04T05:00:00-08:00","expires":"2026-10-03T03:15:00-08:00","areaDesc":"Unalga Pass to Nikolski Pacific Side out to 15 NM","senderName":"NWS Anchorage AK","id":"urn:oid:2.49.0.1.840.0.239843b99a03debf2e89f255181a3d67fe9eec12.016.1","_group":"wind","zones":[["marine","PKZ773"]],"fips":["58773"]},{"event":"Gale Warning","severity":"Moderate","certainty":"Likely","urgency":"Expected","headline":"Gale Warning issued October 2 at 3:00PM AKDT until October 4 at 5:00AM AKDT by NWS Anchorage AK","onset":"2026-10-03T05:00:00-08:00","ends":"2026-10-04T05:00:00-08:00","expires":"2026-10-03T03:15:00-08:00","areaDesc":"Seguam to Adak Pacific Side from 15 to 75 NM","senderName":"NWS Anchorage AK","id":"urn:oid:2.49.0.1.840.0.239843b99a03debf2e89f255181a3d67fe9eec12.025.1","_group":"wind","zones":[["marine","PKZ783"]],"fips":["58783"]},{"event":"Gale Warning","severity":"Moderate","certainty":"Likely","urgency":"Expected","headline":"Gale Warning issued October 2 at 3:00PM AKDT until October 4 at 5:00AM AKDT by NWS Anchorage AK","onset":"2026-10-03T17:00:00-08:00","ends":"2026-10-04T05:00:00-08:00","expires":"2026-10-03T03:15:00-08:00","areaDesc":"Unalga Pass to Nikolski Pacific Side from 15 to 85 NM","senderName":"NWS Anchorage AK","id":"urn:oid:2.49.0.1.840.0.239843b99a03debf2e89f255181a3d67fe9eec12.017.1","_group":"wind","zones":[["marine","PKZ774"]],"fips":["58774"]},{"event":"Gale Warning","severity":"Moderate","certainty":"Likely","urgency":"Expected","headline":"Gale Warning issued October 2 at 3:00PM AKDT until October 4 at 5:00AM AKDT by NWS Anchorage AK","onset":"2026-10-03T17:00:00-08:00","ends":"2026-10-04T05:00:00-08:00","expires":"2026-10-03T03:15:00-08:00","areaDesc":"Nikolski to Seguam Bering Side from 15 to 85 NM","senderName":"NWS Anchorage AK","id":"urn:oid:2.49.0.1.840.0.239843b99a03debf2e89f255181a3d67fe9eec12.019.1","_group":"wind","zones":[["marine","PKZ776"]],"fips":["58776"]},{"event":"Gale Warning","severity":"Moderate","certainty":"Likely","urgency":"Expected","headline":"Gale Warning issued October 2 at 3:00PM AKDT until October 4 at 5:00AM AKDT by NWS Anchorage AK","onset":"2026-10-03T05:00:00-08:00","ends":"2026-10-04T05:00:00-08:00","expires":"2026-10-03T03:15:00-08:00","areaDesc":"Adak to Kiska Pacific Side","senderName":"NWS Anchorage AK","id":"urn:oid:2.49.0.1.840.0.239843b99a03debf2e89f255181a3d67fe9eec12.027.1","_group":"wind","zones":[["marine","PKZ785"]],"fips":["58785"]},{"event":"Gale Warning","severity":"Moderate","certainty":"Likely","urgency":"Expected","headline":"Gale Warning issued October 2 at 3:00PM AKDT until October 4 at 5:00AM AKDT by NWS Anchorage AK","onset":"2026-10-03T17:00:00-08:00","ends":"2026-10-04T05:00:00-08:00","expires":"2026-10-03T03:15:00-08:00","areaDesc":"Nikolski to Seguam Pacfic Side out to 15 NM","senderName":"NWS Anchorage AK","id":"urn:oid:2.49.0.1.840.0.239843b99a03debf2e89f255181a3d67fe9eec12.020.1","_group":"wind","zones":[["marine","PKZ777"]],"fips":["58777"]},{"event":"Gale Warning","severity":"Moderate","certainty":"Likely","urgency":"Expected","headline":"Gale Warning issued October 2 at 3:00PM AKDT until October 4 at 5:00AM AKDT by NWS Anchorage AK","onset":"2026-10-03T05:00:00-08:00","ends":"2026-10-04T05:00:00-08:00","expires":"2026-10-03T03:15:00-08:00","areaDesc":"Adak to Kiska Bering Side","senderName":"NWS Anchorage AK","id":"urn:oid:2.49.0.1.840.0.239843b99a03debf2e89f255181a3d67fe9eec12.026.1","_group":"wind","zones":[["marine","PKZ784"]],"fips":["58784"]},{"event":"Gale Warning","severity":"Moderate","certainty":"Likely","urgency":"Expected","headline":"Gale Warning issued October 2 at 3:00PM AKDT until October 4 at 5:00AM AKDT by NWS Anchorage AK","onset":"2026-10-03T05:00:00-08:00","ends":"2026-10-04T05:00:00-08:00","expires":"2026-10-03T03:15:00-08:00","areaDesc":"Seguam to Adak Bering Side from 15 to 85 NM","senderName":"NWS Anchorage AK","id":"urn:oid:2.49.0.1.840.0.239843b99a03debf2e89f255181a3d67fe9eec12.023.1","_group":"wind","zones":[["marine","PKZ781"]],"fips":["58781"]},{"event":"Gale Warning","severity":"Moderate","certainty":"Likely","urgency":"Expected","headline":"Gale Warning issued October 2 at 3:00PM AKDT until October 4 at 5:00AM AKDT by NWS Anchorage AK","onset":"2026-10-03T17:00:00-08:00","ends":"2026-10-04T05:00:00-08:00","expires":"2026-10-03T03:15:00-08:00","areaDesc":"Nikolski to Seguam Bering Side out to 15 NM","senderName":"NWS Anchorage AK","id":"urn:oid:2.49.0.1.840.0.239843b99a03debf2e89f255181a3d67fe9eec12.018.1","_group":"wind","zones":[["marine","PKZ775"]],"fips":["58775"]},{"event":"Gale Warning","severity":"Moderate","certainty":"Likely","urgency":"Expected","headline":"Gale Warning issued October 2 at 3:00PM AKDT until October 4 at 5:00AM AKDT by NWS Anchorage AK","onset":"2026-10-03T05:00:00-08:00","ends":"2026-10-04T05:00:00-08:00","expires":"2026-10-03T03:15:00-08:00","areaDesc":"Seguam to Adak Bering Side out to 15 NM","senderName":"NWS Anchorage AK","id":"urn:oid:2.49.0.1.840.0.239843b99a03debf2e89f255181a3d67fe9eec12.022.1","_group":"wind","zones":[["marine","PKZ780"]],"fips":["58780"]},{"event":"Gale Warning","severity":"Moderate","certainty":"Likely","urgency":"Expected","headline":"Gale Warning issued October 2 at 2:59PM AKDT until October 4 at 5:00AM AKDT by NWS Anchorage AK","onset":"2026-10-03T17:00:00-08:00","ends":"2026-10-04T05:00:00-08:00","expires":"2026-10-03T04:15:00-08:00","areaDesc":"Bering Sea Offshore 171W to 180 and South of 56N","senderName":"NWS Anchorage AK","id":"urn:oid:2.49.0.1.840.0.797a10f9b6e4a4ce3d3157f760fb4470cd3177ff.004.2","_group":"wind","zones":[["marine","PKZ413"]],"fips":["58413"]},{"event":"Gale Warning","severity":"Moderate","certainty":"Likely","urgency":"Expected","headline":"Gale Warning issued October 2 at 2:59PM AKDT until October 3 at 5:00PM AKDT by NWS Anchorage AK","onset":"2026-10-02T14:00:00-08:00","ends":"2026-10-03T17:00:00-08:00","expires":"2026-10-03T04:15:00-08:00","areaDesc":"Bering Sea Offshore 171W to 180 and North of 56N","senderName":"NWS Anchorage AK","id":"urn:oid:2.49.0.1.840.0.797a10f9b6e4a4ce3d3157f760fb4470cd3177ff.003.1","_group":"wind","zones":[["marine","PKZ412"]],"fips":["58412"]},{"event":"Gale Warning","severity":"Moderate","certainty":"Likely","urgency":"Expected","headline":"Gale Warning issued October 2 at 2:59PM AKDT until October 3 at 5:00PM AKDT by NWS Anchorage AK","onset":"2026-10-02T14:00:00-08:00","ends":"2026-10-03T17:00:00-08:00","expires":"2026-10-03T04:15:00-08:00","areaDesc":"Bering Sea Offshore  West of 180 and East of the International Date Line","senderName":"NWS Anchorage AK","id":"urn:oid:2.49.0.1.840.0.797a10f9b6e4a4ce3d3157f760fb4470cd3177ff.002.1","_group":"wind","zones":[["marine","PKZ411"]],"fips":["58411"]},{"event":"Gale Warning","severity":"Moderate","certainty":"Likely","urgency":"Expected","headline":"Gale Warning issued October 2 at 2:03PM AKDT until October 3 at 5:00PM AKDT by NWS Juneau AK","onset":"2026-10-03T05:00:00-08:00","ends":"2026-10-03T17:00:00-08:00","expires":"2026-10-03T08:15:00-08:00","areaDesc":"Cape Edgecumbe to Cape Spencer from 15 to 80 NM","senderName":"NWS Juneau AK","id":"urn:oid:2.49.0.1.840.0.071fe6e9416f615d3615d888083896889d746b1e.007.1","_group":"wind","zones":[["marine","PKZ663"]],"fips":["58663"]},{"event":"Gale Warning","severity":"Moderate","certainty":"Likely","urgency":"Expected","headline":"Gale Warning issued October 2 at 2:03PM AKDT until October 3 at 5:00PM AKDT by NWS Juneau AK","onset":"2026-10-03T05:00:00-08:00","ends":"2026-10-03T17:00:00-08:00","expires":"2026-10-03T08:15:00-08:00","areaDesc":"Cape Decision to Cape Edgecumbe from 15 to 80 NM","senderName":"NWS Juneau AK","id":"urn:oid:2.49.0.1.840.0.071fe6e9416f615d3615d888083896889d746b1e.005.1","_group":"wind","zones":[["marine","PKZ662"]],"fips":["58662"]},{"event":"Gale Warning","severity":"Moderate","certainty":"Likely","urgency":"Expected","headline":"Gale Warning issued October 2 at 2:03PM AKDT until October 3 at 5:00PM AKDT by NWS Juneau AK","onset":"2026-10-03T05:00:00-08:00","ends":"2026-10-03T17:00:00-08:00","expires":"2026-10-03T08:15:00-08:00","areaDesc":"Cape Spencer to Cape Fairweather from 15 to 85 NM","senderName":"NWS Juneau AK","id":"urn:oid:2.49.0.1.840.0.071fe6e9416f615d3615d888083896889d746b1e.009.1","_group":"wind","zones":[["marine","PKZ664"]],"fips":["58664"]},{"event":"Gale Warning","severity":"Moderate","certainty":"Likely","urgency":"Expected","headline":"Gale Warning issued October 2 at 2:03PM AKDT until October 3 at 5:00PM AKDT by NWS Juneau AK","onset":"2026-10-03T05:00:00-08:00","ends":"2026-10-03T17:00:00-08:00","expires":"2026-10-03T08:15:00-08:00","areaDesc":"Icy Cape to Cape Suckling from 15 to 80 NM","senderName":"NWS Juneau AK","id":"urn:oid:2.49.0.1.840.0.071fe6e9416f615d3615d888083896889d746b1e.013.1","_group":"wind","zones":[["marine","PKZ672"]],"fips":["58672"]},{"event":"Gale Warning","severity":"Moderate","certainty":"Likely","urgency":"Expected","headline":"Gale Warning issued October 2 at 2:03PM AKDT until October 3 at 5:00PM AKDT by NWS Juneau AK","onset":"2026-10-03T05:00:00-08:00","ends":"2026-10-03T17:00:00-08:00","expires":"2026-10-03T08:15:00-08:00","areaDesc":"Cape Fairweather to Icy Cape from 15 to 80 NM","senderName":"NWS Juneau AK","id":"urn:oid:2.49.0.1.840.0.071fe6e9416f615d3615d888083896889d746b1e.011.1","_group":"wind","zones":[["marine","PKZ671"]],"fips":["58671"]},{"event":"Gale Warning","severity":"Moderate","certainty":"Likely","urgency":"Expected","headline":"Gale Warning issued October 2 at 2:03PM AKDT until October 3 at 5:00PM AKDT by NWS Juneau AK","onset":"2026-10-03T05:00:00-08:00","ends":"2026-10-03T17:00:00-08:00","expires":"2026-10-03T08:15:00-08:00","areaDesc":"Icy Cape to Cape Suckling out to 15 NM","senderName":"NWS Juneau AK","id":"urn:oid:2.49.0.1.840.0.071fe6e9416f615d3615d888083896889d746b1e.012.1","_group":"wind","zones":[["marine","PKZ652"]],"fips":["58652"]},{"event":"Gale Warning","severity":"Moderate","certainty":"Likely","urgency":"Expected","headline":"Gale Warning issued October 2 at 2:03PM AKDT until October 3 at 5:00PM AKDT by NWS Juneau AK","onset":"2026-10-03T05:00:00-08:00","ends":"2026-10-03T17:00:00-08:00","expires":"2026-10-03T08:15:00-08:00","areaDesc":"Gulf of Alaska South of 57 Degrees North and East of 144 W","senderName":"NWS Juneau AK","id":"urn:oid:2.49.0.1.840.0.6f6de01ec08af5e8c288c33487b6a00cba211a91.003.1","_group":"wind","zones":[["marine","PKZ312"]],"fips":["58312"]},{"event":"Gale Warning","severity":"Moderate","certainty":"Likely","urgency":"Expected","headline":"Gale Warning issued October 2 at 2:03PM AKDT until October 3 at 5:00PM AKDT by NWS Juneau AK","onset":"2026-10-03T05:00:00-08:00","ends":"2026-10-03T17:00:00-08:00","expires":"2026-10-03T08:15:00-08:00","areaDesc":"Gulf of Alaska North of 57 Degrees North and East of 144 W","senderName":"NWS Juneau AK","id":"urn:oid:2.49.0.1.840.0.6f6de01ec08af5e8c288c33487b6a00cba211a91.002.1","_group":"wind","zones":[["marine","PKZ311"]],"fips":["58311"]},{"event":"Storm Warning","severity":"Severe","certainty":"Observed","urgency":"Immediate","headline":"Storm Warning issued October 2 at 3:45AM AKDT until October 3 at 5:00PM AKDT by NWS Anchorage AK","onset":"2026-10-03T05:00:00-08:00","ends":"2026-10-03T17:00:00-08:00","expires":"2026-10-02T16:30:00-08:00","areaDesc":"Adak to Kiska Bering Side","senderName":"NWS Anchorage AK","id":"urn:oid:2.49.0.1.840.0.21de8e68de320a417a4766b2a48848ac868ed16f.026.1","_group":"wind","zones":[["marine","PKZ784"]],"fips":["58784"]},{"event":"Gale Warning","severity":"Moderate","certainty":"Likely","urgency":"Expected","headline":"Gale Warning issued October 2 at 3:45AM AKDT until October 3 at 5:00PM AKDT by NWS Anchorage AK","onset":"2026-10-03T05:00:00-08:00","ends":"2026-10-03T17:00:00-08:00","expires":"2026-10-02T16:30:00-08:00","areaDesc":"Seguam to Adak Bering Side from 15 to 85 NM","senderName":"NWS Anchorage AK","id":"urn:oid:2.49.0.1.840.0.21de8e68de320a417a4766b2a48848ac868ed16f.023.1","_group":"wind","zones":[["marine","PKZ781"]],"fips":["58781"]},{"event":"Storm Warning","severity":"Severe","certainty":"Observed","urgency":"Immediate","headline":"Storm Warning issued October 2 at 3:45AM AKDT until October 3 at 5:00PM AKDT by NWS Anchorage AK","onset":"2026-10-03T05:00:00-08:00","ends":"2026-10-03T17:00:00-08:00","expires":"2026-10-02T16:30:00-08:00","areaDesc":"Adak to Kiska Pacific Side","senderName":"NWS Anchorage AK","id":"urn:oid:2.49.0.1.840.0.21de8e68de320a417a4766b2a48848ac868ed16f.027.1","_group":"wind","zones":[["marine","PKZ785"]],"fips":["58785"]},{"event":"Storm Warning","severity":"Severe","certainty":"Observed","urgency":"Immediate","headline":"Storm Warning issued October 2 at 3:45AM AKDT until October 3 at 5:00PM AKDT by NWS Anchorage AK","onset":"2026-10-03T05:00:00-08:00","ends":"2026-10-03T17:00:00-08:00","expires":"2026-10-02T16:30:00-08:00","areaDesc":"Kiska to Attu Pacific Side","senderName":"NWS Anchorage AK","id":"urn:oid:2.49.0.1.840.0.21de8e68de320a417a4766b2a48848ac868ed16f.029.1","_group":"wind","zones":[["marine","PKZ787"]],"fips":["58787"]},{"event":"Gale Warning","severity":"Moderate","certainty":"Likely","urgency":"Expected","headline":"Gale Warning issued October 2 at 3:45AM AKDT until October 3 at 5:00PM AKDT by NWS Anchorage AK","onset":"2026-10-02T03:00:00-08:00","ends":"2026-10-03T17:00:00-08:00","expires":"2026-10-02T16:30:00-08:00","areaDesc":"Sitkinak to Castle Cape out to 15 NM","senderName":"NWS Anchorage AK","id":"urn:oid:2.49.0.1.840.0.21de8e68de320a417a4766b2a48848ac868ed16f.002.1","_group":"wind","zones":[["marine","PKZ750"]],"fips":["58750"]},{"event":"Gale Warning","severity":"Moderate","certainty":"Likely","urgency":"Expected","headline":"Gale Warning issued October 2 at 3:45AM AKDT until October 3 at 5:00PM AKDT by NWS Anchorage AK","onset":"2026-10-02T17:00:00-08:00","ends":"2026-10-03T17:00:00-08:00","expires":"2026-10-02T16:30:00-08:00","areaDesc":"Bering Sea Offshore 171W to 180 and North of 56N","senderName":"NWS Anchorage AK","id":"urn:oid:2.49.0.1.840.0.407a7830dd27365fd0124186900762be37bd140a.003.1","_group":"wind","zones":[["marine","PKZ412"]],"fips":["58412"]},{"event":"Gale Warning","severity":"Moderate","certainty":"Likely","urgency":"Expected","headline":"Gale Warning issued October 2 at 3:45AM AKDT until October 3 at 5:00PM AKDT by NWS Anchorage AK","onset":"2026-10-02T17:00:00-08:00","ends":"2026-10-03T17:00:00-08:00","expires":"2026-10-02T16:30:00-08:00","areaDesc":"Bering Sea Offshore  West of 180 and East of the International Date Line","senderName":"NWS Anchorage AK","id":"urn:oid:2.49.0.1.840.0.407a7830dd27365fd0124186900762be37bd140a.002.1","_group":"wind","zones":[["marine","PKZ411"]],"fips":["58411"]},{"event":"Gale Warning","severity":"Moderate","certainty":"Likely","urgency":"Expected","headline":"Gale Warning issued October 2 at 3:45AM AKDT until October 3 at 5:00PM AKDT by NWS Anchorage AK","onset":"2026-10-03T05:00:00-08:00","ends":"2026-10-03T17:00:00-08:00","expires":"2026-10-02T16:30:00-08:00","areaDesc":"Saint Matthew Island Waters","senderName":"NWS Anchorage AK","id":"urn:oid:2.49.0.1.840.0.21de8e68de320a417a4766b2a48848ac868ed16f.037.1","_group":"wind","zones":[["marine","PKZ767"]],"fips":["58767"]},{"event":"Gale Warning","severity":"Moderate","certainty":"Likely","urgency":"Expected","headline":"Gale Warning issued October 2 at 3:45AM AKDT until October 3 at 5:00PM AKDT by NWS Anchorage AK","onset":"2026-10-03T05:00:00-08:00","ends":"2026-10-03T17:00:00-08:00","expires":"2026-10-02T16:30:00-08:00","areaDesc":"Seguam to Adak Pacific Side out to 15 NM","senderName":"NWS Anchorage AK","id":"urn:oid:2.49.0.1.840.0.21de8e68de320a417a4766b2a48848ac868ed16f.024.1","_group":"wind","zones":[["marine","PKZ782"]],"fips":["58782"]},{"event":"Gale Warning","severity":"Moderate","certainty":"Likely","urgency":"Expected","headline":"Gale Warning issued October 2 at 3:45AM AKDT until October 3 at 5:00PM AKDT by NWS Anchorage AK","onset":"2026-10-02T17:00:00-08:00","ends":"2026-10-03T17:00:00-08:00","expires":"2026-10-02T16:30:00-08:00","areaDesc":"Kiska to Attu Bering Side","senderName":"NWS Anchorage AK","id":"urn:oid:2.49.0.1.840.0.21de8e68de320a417a4766b2a48848ac868ed16f.028.1","_group":"wind","zones":[["marine","PKZ786"]],"fips":["58786"]},{"event":"Gale Warning","severity":"Moderate","certainty":"Likely","urgency":"Expected","headline":"Gale Warning issued October 2 at 3:45AM AKDT until October 3 at 5:00PM AKDT by NWS Anchorage AK","onset":"2026-10-03T05:00:00-08:00","ends":"2026-10-03T17:00:00-08:00","expires":"2026-10-02T16:30:00-08:00","areaDesc":"Seguam to Adak Bering Side out to 15 NM","senderName":"NWS Anchorage AK","id":"urn:oid:2.49.0.1.840.0.21de8e68de320a417a4766b2a48848ac868ed16f.022.1","_group":"wind","zones":[["marine","PKZ780"]],"fips":["58780"]},{"event":"Gale Warning","severity":"Moderate","certainty":"Likely","urgency":"Expected","headline":"Gale Warning issued October 2 at 3:45AM AKDT until October 3 at 5:00PM AKDT by NWS Anchorage AK","onset":"2026-10-03T05:00:00-08:00","ends":"2026-10-03T17:00:00-08:00","expires":"2026-10-02T16:30:00-08:00","areaDesc":"Seguam to Adak Pacific Side from 15 to 75 NM","senderName":"NWS Anchorage AK","id":"urn:oid:2.49.0.1.840.0.21de8e68de320a417a4766b2a48848ac868ed16f.025.1","_group":"wind","zones":[["marine","PKZ783"]],"fips":["58783"]},{"event":"Gale Warning","severity":"Moderate","certainty":"Likely","urgency":"Expected","headline":"Gale Warning issued October 2 at 3:29AM AKDT until October 3 at 5:00PM AKDT by NWS Anchorage AK","onset":"2026-10-03T05:00:00-08:00","ends":"2026-10-03T17:00:00-08:00","expires":"2026-10-02T15:45:00-08:00","areaDesc":"Gravel Point to Cape Cleare out to 15 NM","senderName":"NWS Anchorage AK","id":"urn:oid:2.49.0.1.840.0.552fb2754bde12974562a78ae1f488c5773afd72.003.1","_group":"wind","zones":[["marine","PKZ711"]],"fips":["58711"]},{"event":"Gale Warning","severity":"Moderate","certainty":"Likely","urgency":"Expected","headline":"Gale Warning issued October 2 at 3:29AM AKDT until October 3 at 5:00PM AKDT by NWS Anchorage AK","onset":"2026-10-03T05:00:00-08:00","ends":"2026-10-03T17:00:00-08:00","expires":"2026-10-02T15:45:00-08:00","areaDesc":"Cape Suckling to Cape Cleare from 15 to 75 NM","senderName":"NWS Anchorage AK","id":"urn:oid:2.49.0.1.840.0.552fb2754bde12974562a78ae1f488c5773afd72.004.1","_group":"wind","zones":[["marine","PKZ712"]],"fips":["58712"]},{"event":"Gale Warning","severity":"Moderate","certainty":"Likely","urgency":"Expected","headline":"Gale Warning issued October 2 at 3:29AM AKDT until October 3 at 5:00PM AKDT by NWS Anchorage AK","onset":"2026-10-02T17:00:00-08:00","ends":"2026-10-03T17:00:00-08:00","expires":"2026-10-02T15:45:00-08:00","areaDesc":"Marmot Island To Sitkinak from 15 to 85 NM","senderName":"NWS Anchorage AK","id":"urn:oid:2.49.0.1.840.0.552fb2754bde12974562a78ae1f488c5773afd72.019.1","_group":"wind","zones":[["marine","PKZ734"]],"fips":["58734"]},{"event":"Gale Warning","severity":"Moderate","certainty":"Likely","urgency":"Expected","headline":"Gale Warning issued October 2 at 3:29AM AKDT until October 3 at 5:00PM AKDT by NWS Anchorage AK","onset":"2026-10-03T05:00:00-08:00","ends":"2026-10-03T17:00:00-08:00","expires":"2026-10-02T15:45:00-08:00","areaDesc":"Cape Suckling to Gravel Point out to 15 NM","senderName":"NWS Anchorage AK","id":"urn:oid:2.49.0.1.840.0.552fb2754bde12974562a78ae1f488c5773afd72.002.1","_group":"wind","zones":[["marine","PKZ710"]],"fips":["58710"]},{"event":"Gale Warning","severity":"Moderate","certainty":"Likely","urgency":"Expected","headline":"Gale Warning issued October 2 at 3:29AM AKDT until October 3 at 5:00PM AKDT by NWS Anchorage AK","onset":"2026-10-02T17:00:00-08:00","ends":"2026-10-03T17:00:00-08:00","expires":"2026-10-02T15:45:00-08:00","areaDesc":"Barren Islands East","senderName":"NWS Anchorage AK","id":"urn:oid:2.49.0.1.840.0.552fb2754bde12974562a78ae1f488c5773afd72.016.1","_group":"wind","zones":[["marine","PKZ731"]],"fips":["58731"]},{"event":"Gale Warning","severity":"Moderate","certainty":"Likely","urgency":"Expected","headline":"Gale Warning issued October 2 at 3:29AM AKDT until October 3 at 5:00PM AKDT by NWS Anchorage AK","onset":"2026-10-02T03:00:00-08:00","ends":"2026-10-03T17:00:00-08:00","expires":"2026-10-02T15:45:00-08:00","areaDesc":"Marmot Island to Sitkinak out to 15 NM","senderName":"NWS Anchorage AK","id":"urn:oid:2.49.0.1.840.0.552fb2754bde12974562a78ae1f488c5773afd72.018.1","_group":"wind","zones":[["marine","PKZ732"]],"fips":["58732"]},{"event":"Gale Warning","severity":"Moderate","certainty":"Likely","urgency":"Expected","headline":"Gale Warning issued October 2 at 3:29AM AKDT until October 3 at 5:00PM AKDT by NWS Anchorage AK","onset":"2026-10-02T17:00:00-08:00","ends":"2026-10-03T17:00:00-08:00","expires":"2026-10-02T15:45:00-08:00","areaDesc":"Gore Point to Marmot Island from 15 to 80 NM","senderName":"NWS Anchorage AK","id":"urn:oid:2.49.0.1.840.0.552fb2754bde12974562a78ae1f488c5773afd72.017.1","_group":"wind","zones":[["marine","PKZ733"]],"fips":["58733"]},{"event":"Gale Warning","severity":"Moderate","certainty":"Likely","urgency":"Expected","headline":"Gale Warning issued October 2 at 3:29AM AKDT until October 3 at 5:00PM AKDT by NWS Anchorage AK","onset":"2026-10-03T05:00:00-08:00","ends":"2026-10-03T17:00:00-08:00","expires":"2026-10-02T15:45:00-08:00","areaDesc":"West of Barren Islands Including Kamishak Bay","senderName":"NWS Anchorage AK","id":"urn:oid:2.49.0.1.840.0.552fb2754bde12974562a78ae1f488c5773afd72.015.1","_group":"wind","zones":[["marine","PKZ730"]],"fips":["58730"]},{"event":"Gale Warning","severity":"Moderate","certainty":"Likely","urgency":"Expected","headline":"Gale Warning issued October 2 at 3:29AM AKDT until October 3 at 5:00PM AKDT by NWS Anchorage AK","onset":"2026-10-02T17:00:00-08:00","ends":"2026-10-03T17:00:00-08:00","expires":"2026-10-02T15:45:00-08:00","areaDesc":"Cape Cleare to Gore Point out to 15 NM","senderName":"NWS Anchorage AK","id":"urn:oid:2.49.0.1.840.0.552fb2754bde12974562a78ae1f488c5773afd72.005.1","_group":"wind","zones":[["marine","PKZ715"]],"fips":["58715"]},{"event":"Gale Warning","severity":"Moderate","certainty":"Likely","urgency":"Expected","headline":"Gale Warning issued October 2 at 3:29AM AKDT until October 3 at 5:00PM AKDT by NWS Anchorage AK","onset":"2026-10-02T17:00:00-08:00","ends":"2026-10-03T17:00:00-08:00","expires":"2026-10-02T15:45:00-08:00","areaDesc":"Cape Cleare to Gore Point from 15 to 75 NM","senderName":"NWS Anchorage AK","id":"urn:oid:2.49.0.1.840.0.552fb2754bde12974562a78ae1f488c5773afd72.006.1","_group":"wind","zones":[["marine","PKZ716"]],"fips":["58716"]},{"event":"Gale Warning","severity":"Moderate","certainty":"Likely","urgency":"Expected","headline":"Gale Warning issued October 2 at 3:29AM AKDT until October 3 at 5:00PM AKDT by NWS Anchorage AK","onset":"2026-10-02T17:00:00-08:00","ends":"2026-10-03T17:00:00-08:00","expires":"2026-10-02T15:45:00-08:00","areaDesc":"Chiniak Bay","senderName":"NWS Anchorage AK","id":"urn:oid:2.49.0.1.840.0.552fb2754bde12974562a78ae1f488c5773afd72.020.1","_group":"wind","zones":[["marine","PKZ736"]],"fips":["58736"]},{"event":"Gale Warning","severity":"Moderate","certainty":"Likely","urgency":"Expected","headline":"Gale Warning issued October 2 at 3:29AM AKDT until October 3 at 5:00PM AKDT by NWS Anchorage AK","onset":"2026-10-02T17:00:00-08:00","ends":"2026-10-03T17:00:00-08:00","expires":"2026-10-02T15:45:00-08:00","areaDesc":"Shelikof Strait","senderName":"NWS Anchorage AK","id":"urn:oid:2.49.0.1.840.0.552fb2754bde12974562a78ae1f488c5773afd72.022.1","_group":"wind","zones":[["marine","PKZ738"]],"fips":["58738"]},{"event":"Gale Warning","severity":"Moderate","certainty":"Likely","urgency":"Expected","headline":"Gale Warning issued October 2 at 3:29AM AKDT until October 3 at 5:00PM AKDT by NWS Anchorage AK","onset":"2026-10-02T17:00:00-08:00","ends":"2026-10-03T17:00:00-08:00","expires":"2026-10-02T15:45:00-08:00","areaDesc":"Marmot Bay","senderName":"NWS Anchorage AK","id":"urn:oid:2.49.0.1.840.0.552fb2754bde12974562a78ae1f488c5773afd72.021.1","_group":"wind","zones":[["marine","PKZ737"]],"fips":["58737"]},{"event":"Gale Warning","severity":"Moderate","certainty":"Likely","urgency":"Expected","headline":"Gale Warning issued October 2 at 3:29AM AKDT until October 3 at 5:00PM AKDT by NWS Anchorage AK","onset":"2026-10-03T05:00:00-08:00","ends":"2026-10-03T17:00:00-08:00","expires":"2026-10-02T15:45:00-08:00","areaDesc":"Cook Inlet Kalgin Island to Point Bede","senderName":"NWS Anchorage AK","id":"urn:oid:2.49.0.1.840.0.552fb2754bde12974562a78ae1f488c5773afd72.023.1","_group":"wind","zones":[["marine","PKZ742"]],"fips":["58742"]},{"event":"Gale Warning","severity":"Moderate","certainty":"Likely","urgency":"Expected","headline":"Gale Warning issued October 2 at 3:28AM AKDT until October 3 at 5:00PM AKDT by NWS Anchorage AK","onset":"2026-10-02T17:00:00-08:00","ends":"2026-10-03T17:00:00-08:00","expires":"2026-10-02T17:45:00-08:00","areaDesc":"Gulf of Alaska Offshore North of 57N and West of 144W","senderName":"NWS Anchorage AK","id":"urn:oid:2.49.0.1.840.0.f050d7e23824000976c43b1211f394d78a4fcb0c.002.1","_group":"wind","zones":[["marine","PKZ351"]],"fips":["58351"]},{"event":"Gale Warning","severity":"Moderate","certainty":"Likely","urgency":"Expected","headline":"Gale Warning issued October 2 at 3:27AM AKDT until October 3 at 5:00PM AKDT by NWS Anchorage AK","onset":"2026-10-02T17:00:00-08:00","ends":"2026-10-03T17:00:00-08:00","expires":"2026-10-02T17:45:00-08:00","areaDesc":"Gulf of Alaska Offshore North of 57N and West of 144W","senderName":"NWS Anchorage AK","id":"urn:oid:2.49.0.1.840.0.7f6d6cc7302cc889398be23e414c953270800297.002.1","_group":"wind","zones":[["marine","PKZ351"]],"fips":["58351"]}],"generated_utc":"2026-10-03T19:15:40Z","feed_status":{"eccc":"ok"},"feed_last_ok":{"eccc":"2026-10-03T19:15:40Z"},"stats":{"fetched":399,"kept":53,"zone_joined":160,"eccc_kept":1,"dropped":0,"same_statewide_skipped":0,"malformed_same":0,"county_ugc_fallback":0,"unknown_zone_keys":1}}